exercise_id,id,name_ptbr,name_en,name_fr,instruction_ptbr,instruction_en,instruction_fr,muscle_groups_ids,muscle_groups_nomes,exercise_equipments_ids,exercise_equipments_nomes,exercise_level_id,exercise_level_nome,avoid_health_conditions_ids,avoid_health_conditions_nomes,caution_health_condition_ids,caution_health_condition_nomes,ambiente_permitido,calories,image_url,video_url
ex_001,2137a13c-1f41-48c3-82b3-cc52139e4476,Agachamento livre,Bodyweight Squat,Squat au poids du corps,"Fique em pé com os pés afastados na largura dos ombros, flexione os joelhos descendo o quadril e volte à posição inicial.","Stand with feet shoulder-width apart, bend knees lowering hips, then return to standing.","Tenez-vous debout, pieds écartés à la largeur des épaules, pliez les genoux en descendant les hanches puis revenez debout.",quadriceps; glutes; hamstrings; core,Core (Geral); Quadríceps; Isquiotibiais; Glúteos (Geral),none_bodyweight,nenhum (peso do corpo),beginner,Iniciante,pregnancy,Gravidez,asthma; diabetes; knee_pain; high_blood_pressure; lumbar_hernia; obesity; heart_condition; pregnancy_postpartum,Asma ; Condição Cardíaca ; Diabetes; Hipertensão ; Joelho; Lombar; Obesidade ; Pós-parto,Casa (sem equipamento); Casa (com equipamento); Academia; Ar Livre,150,,https://drive.google.com/file/d/1fU9JhxTMmakbAHk2H9a1ZlakMDAFrD4H/view?usp=sharing
ex_002,aa0a85f1-690b-474c-8b25-8c4a48ceba9a,Avanço (afundo) com peso corporal,Bodyweight Lunge,Fente au poids du corps,"Dê um passo à frente, flexione os joelhos em 90° e retorne à posição inicial, alternando as pernas.","Step forward, bend both knees at 90°, return to start, alternate legs.","Faites un pas en avant, pliez les deux genoux à 90°, revenez au début, alternez les jambes.",quadriceps; glutes; hamstrings; core,Core (Geral); Quadríceps; Isquiotibiais; Glúteos (Geral),none_bodyweight,nenhum (peso do corpo),beginner,Iniciante,pregnancy,Gravidez,asthma; diabetes; knee_pain; high_blood_pressure; lumbar_hernia; obesity; heart_condition; pregnancy_postpartum,Asma ; Condição Cardíaca ; Diabetes; Hipertensão ; Joelho; Lombar; Obesidade ; Pós-parto,Casa (sem equipamento); Casa (com equipamento); Academia; Ar Livre,160,,https://drive.google.com/file/d/1_HftqtaDkZti6gLNQCqlBlP7IxD9kq-x/view?usp=sharing
ex_003,f7d38b75-7a14-40e2-85a5-d548d3c922db,Agachamento sumô isométrico,Isometric Sumo Squat,Squat sumo isométrique,"Abra bem as pernas, aponte os pés para fora, flexione os joelhos até 90° e mantenha a posição parada.","Open legs wide, lower hips holding position at 90° with knees bent.","Écartez largement les jambes, descendez les hanches et maintenez la position à 90° genoux pliés.",quadriceps; glutes; hamstrings; core,Core (Geral); Quadríceps; Isquiotibiais; Glúteos (Geral),none_bodyweight,nenhum (peso do corpo),intermediate,Intermediário,pregnancy,Gravidez,asthma; diabetes; knee_pain; high_blood_pressure; lumbar_hernia; obesity; heart_condition; pregnancy_postpartum,Asma ; Condição Cardíaca ; Diabetes; Hipertensão ; Joelho; Lombar; Obesidade ; Pós-parto,Casa (sem equipamento); Casa (com equipamento); Academia; Ar Livre,140,,https://drive.google.com/file/d/1_0BcaRvnfw0AXRB4CjTwNYH2dz_qCsSl/view?usp=sharing
ex_004,c0ae4434-338c-4a04-91e9-81c08b5ac9b2,Agachamento com halteres,Dumbbell Squat,Squat avec haltères,"Segure os halteres ao lado do corpo, flexione os joelhos descendo o quadril e retorne em pé.","Hold dumbbells at sides, bend knees lowering hips, return to standing.","Tenez les haltères sur les côtés, pliez les genoux en descendant les hanches, revenez debout.",quadriceps; glutes; hamstrings; core,Core (Geral); Quadríceps; Isquiotibiais; Glúteos (Geral),dumbbells,halteres,intermediate,Intermediário,pregnancy,Gravidez,asthma; diabetes; knee_pain; high_blood_pressure; lumbar_hernia; obesity; heart_condition; pregnancy_postpartum,Asma ; Condição Cardíaca ; Diabetes; Hipertensão ; Joelho; Lombar; Obesidade ; Pós-parto,Casa (com equipamento); Academia,180,,https://drive.google.com/file/d/1kL1ulRDTgM9xVZgg1gb2GXzmCn6Y-Xbl/view?usp=sharing
ex_005,c837c747-a6df-41cf-bd50-f78a9b0fec0f,lunge Passada com halteres,Dumbbell Lunge,Fente avec haltères,"Segure os halteres, dê um passo à frente, flexione os joelhos em 90° e volte à posição inicial.","Step forward with dumbbells in hands, bend knees, return to start.","Avancez avec des haltères en main, pliez les genoux, revenez au début.",quadriceps; glutes; hamstrings; core,Core (Geral); Quadríceps; Isquiotibiais; Glúteos (Geral),dumbbells,halteres,intermediate,Intermediário,pregnancy,Gravidez,asthma; diabetes; knee_pain; high_blood_pressure; lumbar_hernia; obesity; heart_condition; pregnancy_postpartum,Asma ; Condição Cardíaca ; Diabetes; Hipertensão ; Joelho; Lombar; Obesidade ; Pós-parto,Casa (com equipamento); Academia,170,,https://drive.google.com/file/d/10iBMAc2z7DvXu_RPA5RFOh0NqfWB-XWo/view?usp=sharing
ex_006,92518128-e827-4d4d-a31a-4e58d9fb0937,Agachamento frontal com kettlebell,Kettlebell Front Squat,Squat avant avec kettlebell,"Segure o kettlebell à frente do peito, agache mantendo a coluna ereta e retorne.","Hold kettlebell in front, bend knees lowering hips, return to standing.","Tenez le kettlebell devant, pliez les genoux en descendant les hanches, revenez debout.",quadriceps; core; hamstrings; glutes,Core (Geral); Quadríceps; Isquiotibiais; Glúteos (Geral),kettlebell,kettlebell,advanced,Avançado,pregnancy,Gravidez,asthma; diabetes; knee_pain; high_blood_pressure; lumbar_hernia; obesity; heart_condition; pregnancy_postpartum,Asma ; Condição Cardíaca ; Diabetes; Hipertensão ; Joelho; Lombar; Obesidade ; Pós-parto,Casa (com equipamento); Academia,185,,https://drive.google.com/file/d/1S0e3XGpsMjuT8mP8ufawA0AqKN_gGEUW/view?usp=sharing
ex_007,37c3fa93-e840-41cc-8daa-187e33385e9b,Leg press,Leg Press,Presse à cuisses,"Apoie os pés na plataforma e empurre, estendendo as pernas sem travar os joelhos.","Sit on leg press machine, push platform extending legs, return slowly.","Asseyez-vous à la presse à jambes, poussez la plateforme en étendant les jambes, revenez lentement.",quadriceps; glutes; hamstrings,Quadríceps; Isquiotibiais; Glúteos (Geral),leg_press,leg press,intermediate,Intermediário,none,Nenhuma,none,Nenhuma,Academia,160,,https://drive.google.com/file/d/1g3BHjkZdOFvHDTccm9pL2hEBrzTKDnld/view?usp=sharing
ex_008,9d32e60d-0238-450e-b099-296b79f26575,Cadeira extensora,Leg Extension,Extension de jambes,"Sente-se na máquina, posicione os pés nos rolos e estenda os joelhos até o final.","Sit on extension machine, extend legs upward, return slowly.","Asseyez-vous à la machine d’extension, étendez les jambes vers le haut, revenez lentement.",quadriceps,Quadríceps,leg_extension,cadeira extensora,beginner,Iniciante,none,Nenhuma,none,Nenhuma,Academia,140,,https://drive.google.com/file/d/1NUiAyp1kVl5GRR2GG_6H6Xw_ckSIH7h5/view?usp=sharing
ex_009,27cd95b2-e01e-4c39-85e5-1e6beadc7ca9,Agachamento no smith,Smith Machine Squat,Squat à la machine Smith,"Posicione a barra do smith nas costas, flexione os joelhos descendo o quadril e suba novamente.","On smith machine, bar on back, bend knees lowering hips, return up.","Sur la machine Smith, barre sur le dos, pliez les genoux en descendant, revenez debout.",quadriceps; glutes; hamstrings; core,Core (Geral); Quadríceps; Isquiotibiais; Glúteos (Geral),smith_machine,barra guiada (smith),intermediate,Intermediário,pregnancy,Gravidez,asthma; diabetes; knee_pain; high_blood_pressure; lumbar_hernia; obesity; heart_condition; pregnancy_postpartum,Asma ; Condição Cardíaca ; Diabetes; Hipertensão ; Joelho; Lombar; Obesidade ; Pós-parto,Academia,175,,https://drive.google.com/file/d/1IhKOE3k0YXrI0QUWTURye43X_ywYU5SX/view?usp=sharing
ex_010,d3671449-aee3-4296-af24-4dbc9d894a89,Agachamento frontal com barra,Barbell Front Squat,Squat avant avec barre,"Apoie a barra na frente dos ombros, agache mantendo o tronco ereto e retorne.","Hold bar on shoulders, bend knees lowering hips, return to standing.","Tenez la barre sur les épaules, pliez les genoux en descendant, revenez debout.",quadriceps; core; hamstrings; glutes,Core (Geral); Quadríceps; Isquiotibiais; Glúteos (Geral),bar_fixed_bar,barra/barra fixa,advanced,Avançado,pregnancy,Gravidez,asthma; diabetes; knee_pain; high_blood_pressure; cervical_hernia; lumbar_hernia; obesity; heart_condition; pregnancy_postpartum,Asma ; Condição Cardíaca ; Diabetes; Hérnia Cervical; Hipertensão ; Joelho; Lombar; Obesidade ; Pescoço; Pós-parto,Casa (com equipamento); Academia,190,,https://drive.google.com/file/d/17vD7Mbp8BRFYUZnOHfGqALoWAu23GOE2/view?usp=sharing
ex_011,ec8bb23f-9048-4c7e-a2b7-ba3129d911e0,Avanço com barra,Barbell Lunge,Fente avec barre,"Coloque a barra nas costas, dê um passo à frente, flexione os joelhos em 90° e volte à posição inicial.","Hold bar on back, step forward bending knees, return to start.","Barre sur le dos, avancez en pliant les genoux, revenez au début.",quadriceps; core; hamstrings; glutes,Core (Geral); Quadríceps; Isquiotibiais; Glúteos (Geral),bar_fixed_bar,barra/barra fixa,advanced,Avançado,pregnancy,Gravidez,asthma; diabetes; knee_pain; high_blood_pressure; cervical_hernia; lumbar_hernia; obesity; heart_condition; pregnancy_postpartum,Asma ; Condição Cardíaca ; Diabetes; Hérnia Cervical; Hipertensão ; Joelho; Lombar; Obesidade ; Pescoço; Pós-parto,Casa (com equipamento); Academia,185,,https://drive.google.com/file/d/1EUfDonJ4XlfavsZUS33CKPm-sKYGiLKq/view?usp=sharing
ex_012,bf6ac109-2014-49b7-a0ea-21ab8c6934e9,Thruster (agachamento com push press),Thruster (Squat + Push Press),Thruster (Squat + Développé),"Agache com a barra e, ao subir, faça o movimento de empurrar a barra acima da cabeça.","Hold bar at shoulders, squat then push bar overhead.","Tenez la barre aux épaules, accroupissez-vous puis poussez la barre au-dessus de la tête.",quadriceps; core; hamstrings; glutes,Core (Geral); Quadríceps; Isquiotibiais; Glúteos (Geral),bar_fixed_bar; dumbbells,halteres; barra/barra fixa,advanced,Avançado,pregnancy,Gravidez,asthma; diabetes; knee_pain; high_blood_pressure; lumbar_hernia; obesity; heart_condition; pregnancy_postpartum,Asma ; Condição Cardíaca ; Diabetes; Hipertensão ; Joelho; Lombar; Obesidade ; Pós-parto,Casa (com equipamento); Academia,240,,https://drive.google.com/file/d/122oNeS3cT0mMqcO58DyxYR7DhJhxnUOB/view?usp=sharing
ex_013,af5d12e4-aad5-4561-a34a-aadd15c1e50a,Wall ball,Wall Ball,Lancer de ballon contre le mur,"Segure a bola próxima ao peito, agache e ao subir lance a bola contra a parede.","Squat holding ball, explosively throw it at wall, catch and repeat.","Accroupissez-vous avec le ballon, lancez-le explosivement contre le mur, rattrapez et répétez.",quadriceps,Quadríceps,medicine_ball,medicine ball,intermediate,Intermediário,none,Nenhuma,none,Nenhuma,Casa (com equipamento); Academia,230,,https://drive.google.com/file/d/1UcpkTEhMSHkDYQblYiCMjIIH3Ts5zC38/view?usp=sharing
ex_014,7c526638-147b-461b-a129-55592f811141,Front squat com barra olímpica,Olympic Bar Front Squat,Squat avant avec barre olympique,"Apoie a barra olímpica na frente dos ombros, mantenha o tronco ereto, agache e retorne.","Hold bar at shoulders, squat down keeping back straight, return up.","Tenez la barre aux épaules, descendez en squat en gardant le dos droit, revenez.",quadriceps,Quadríceps,bar_fixed_bar,barra/barra fixa,advanced,Avançado,none,Nenhuma,cervical_hernia,Hérnia Cervical; Pescoço,Casa (com equipamento); Academia,200,,https://drive.google.com/file/d/1N7X3A5mzF1H95Njktr2jo-wwp-JkpEyG/view?usp=sharing
ex_015,88676c0b-71fc-4208-9852-5beb532bb2f2,Box step-up com peso,Weighted Box Step-Up,Montée sur caisse avec poids,"Segure pesos nas mãos, suba em um banco ou caixa com uma perna de cada vez e retorne ao chão.","Step on box holding weight, extend leg, return to floor, alternate legs.","Montez sur la boîte avec un poids, étendez la jambe, redescendez, alternez les jambes.",quadriceps; glutes; calves; core,Core (Geral); Quadríceps; Glúteos (Geral); Panturrilhas,box; bench,banco; caixa,intermediate,Intermediário,none,Nenhuma,none,Nenhuma,Casa (com equipamento); Academia,210,,https://drive.google.com/file/d/1bXRuDLe_PhkXTbVIPdjsm6qi4Ex-A3f-/view?usp=sharing
ex_016,4f183181-046d-443a-8768-fe342852f662,Agachamento búlgaro com halteres,Bulgarian Split Squat with Dumbbells,Fente bulgare avec haltères,"Com um pé apoiado atrás em um banco, segure halteres e flexione a perna da frente em 90°.","Hold dumbbells, place one foot back, bend front knee at 90°, return up.","Tenez des haltères, placez un pied derrière, pliez le genou avant à 90°, revenez.",quadriceps; glutes; hamstrings; core,Core (Geral); Quadríceps; Isquiotibiais; Glúteos (Geral),dumbbells,halteres,intermediate,Intermediário,pregnancy,Gravidez,asthma; diabetes; knee_pain; high_blood_pressure; lumbar_hernia; obesity; heart_condition; pregnancy_postpartum,Asma ; Condição Cardíaca ; Diabetes; Hipertensão ; Joelho; Lombar; Obesidade ; Pós-parto,Casa (com equipamento); Academia,185,,https://drive.google.com/file/d/1BwQCr18xcJWuJHDnzldHYfGpBOEzT59d/view?usp=sharing
ex_017,ed6e51da-ef43-473e-be31-c10519946d48,Agachamento búlgaro com barra,Bulgarian Split Squat with Barbell,Fente bulgare avec barre,"Com um pé apoiado atrás, posicione a barra nas costas, flexione a perna da frente em 90° e suba.","Hold bar on shoulders, place one foot back, bend front knee, return up.","Tenez la barre sur les épaules, placez un pied derrière, pliez le genou avant, revenez.",quadriceps; glutes; hamstrings; core,Core (Geral); Quadríceps; Isquiotibiais; Glúteos (Geral),bar_fixed_bar,barra/barra fixa,advanced,Avançado,pregnancy,Gravidez,asthma; diabetes; knee_pain; high_blood_pressure; cervical_hernia; lumbar_hernia; obesity; heart_condition; pregnancy_postpartum,Asma ; Condição Cardíaca ; Diabetes; Hérnia Cervical; Hipertensão ; Joelho; Lombar; Obesidade ; Pescoço; Pós-parto,Casa (com equipamento); Academia,200,,https://drive.google.com/file/d/1855cWB_H8tdsIK3w352artNTX7PjNbjR/view?usp=sharing
ex_018,888deb7e-8cba-4dd8-b9ad-96b0259e1a3e,Agachamento isométrico (cadeirinha),Wall Sit (Isometric Squat),Chaise (Squat isométrique),"Encoste as costas na parede, flexione os joelhos em 90° e mantenha a posição parada.","Lean back on wall, bend knees at 90°, hold seated position.","Adossez-vous au mur, pliez les genoux à 90°, maintenez la position assise.",quadriceps; glutes; hamstrings; core,Core (Geral); Quadríceps; Isquiotibiais; Glúteos (Geral),none_bodyweight,nenhum (peso do corpo),beginner,Iniciante,pregnancy,Gravidez,asthma; diabetes; knee_pain; high_blood_pressure; lumbar_hernia; obesity; heart_condition; pregnancy_postpartum,Asma ; Condição Cardíaca ; Diabetes; Hipertensão ; Joelho; Lombar; Obesidade ; Pós-parto,Casa (sem equipamento); Casa (com equipamento); Academia; Ar Livre,130,,https://drive.google.com/file/d/1qh-qE5io_HJRRI_Kf1J8zAckX5vuwkqe/view?usp=sharing
ex_019,7b796989-0713-4ecd-aa5d-00436576b88c,Cossack squat,Cossack Squat,Squat cosaque,"Afaste bem as pernas, flexione um joelho de cada vez mantendo o outro estendido, alternando os lados.","Step wide to side, squat one leg keeping other extended, return.","Faites un grand pas de côté, accroupissez une jambe en gardant l’autre tendue, revenez.",glutes; adductors,Glúteos (Geral); Adutores,none_bodyweight,nenhum (peso do corpo),intermediate,Intermediário,none,Nenhuma,none,Nenhuma,Casa (sem equipamento); Casa (com equipamento); Academia; Ar Livre,170,,https://drive.google.com/file/d/1H1v8LbgQ2TO-2AE6VFwxWHOiCcxxVlcw/view?usp=sharing
ex_020,6d5273fb-7451-4eb4-9533-86f67a216fba,Agachamento búlgaro,Bulgarian Split Squat,Fente bulgare,"Com um pé apoiado atrás em um banco, flexione a perna da frente em 90° e suba novamente.","Place one foot back, bend front knee, return up.","Placez un pied derrière, pliez le genou avant, revenez debout.",quadriceps; glutes; hamstrings; core,Core (Geral); Quadríceps; Isquiotibiais; Glúteos (Geral),none_bodyweight; bench,nenhum (peso do corpo); banco,intermediate,Intermediário,pregnancy,Gravidez,asthma; diabetes; knee_pain; high_blood_pressure; lumbar_hernia; obesity; heart_condition; pregnancy_postpartum,Asma ; Condição Cardíaca ; Diabetes; Hipertensão ; Joelho; Lombar; Obesidade ; Pós-parto,Casa (com equipamento); Academia,160,,https://drive.google.com/file/d/1dUWtm-A-AYQB9f8hmSkuje79DV6wqc8W/view?usp=sharing
ex_021,901b30b9-74cb-47de-9e3f-5d7547e0ba63,Agachamento com salto (Jump Squat),Jump Squat,Squat sauté,"Agache normalmente e, ao subir, faça um salto, retornando em seguida à posição de agachamento.","Squat down and jump explosively, land softly and repeat.","Accroupissez-vous puis sautez explosivement, atterrissez doucement et répétez.",quadriceps; glutes; hamstrings; core,Core (Geral); Quadríceps; Isquiotibiais; Glúteos (Geral),none_bodyweight,nenhum (peso do corpo),intermediate,Intermediário,pregnancy,Gravidez,asthma; diabetes; knee_pain; high_blood_pressure; lumbar_hernia; obesity; heart_condition; pregnancy_postpartum,Asma ; Condição Cardíaca ; Diabetes; Hipertensão ; Joelho; Lombar; Obesidade ; Pós-parto,Casa (sem equipamento); Casa (com equipamento); Academia; Ar Livre,180,,https://drive.google.com/file/d/19ZqW_cgauCD0LfBYfEfC3Pdyc-Q-zirT/view?usp=sharing
ex_022,20db20dc-7b60-4e66-b664-41f8968c8e4b,Wall Sit (agachamento isométrico na parede),Wall Sit,Chaise au mur,"Encoste as costas na parede, flexione os joelhos em 90° e mantenha-se parado.","Lean back on wall, bend knees at 90°, hold position.","Adossez-vous au mur, pliez les genoux à 90°, maintenez la position.",quadriceps; glutes; hamstrings; core,Core (Geral); Quadríceps; Isquiotibiais; Glúteos (Geral),wall,parede,beginner,Iniciante,pregnancy,Gravidez,asthma; diabetes; knee_pain; high_blood_pressure; lumbar_hernia; obesity; heart_condition; pregnancy_postpartum,Asma ; Condição Cardíaca ; Diabetes; Hipertensão ; Joelho; Lombar; Obesidade ; Pós-parto,Casa (com equipamento); Academia,130,,https://drive.google.com/file/d/1M9gXOixGp6YPaqhAvfMp40Q34_hhYp0Z/view?usp=sharing
ex_023,1172e82f-a64a-45f8-a4d9-c97bb810c4d8,Step-up no degrau,Step-Up,Montée sur banc,"Suba em um degrau ou caixa com uma perna de cada vez, mantendo o tronco ereto.","Step on bench with one leg, extend knee fully, return down.","Montez sur un banc avec une jambe, étendez le genou, redescendez.",quadriceps; glutes; calves; core,Core (Geral); Quadríceps; Glúteos (Geral); Panturrilhas,step; bench,step; banco,beginner,Iniciante,none,Nenhuma,none,Nenhuma,Casa (com equipamento); Academia,150,,https://drive.google.com/file/d/1Hm12j67F27uU1cOgtHmxytfTMELcSqtS/view?usp=sharing
ex_024,beb014e2-8616-448d-88aa-214584ed8a4f,lunge Passada,Lunge,Fente,"Dê um passo à frente, flexione os joelhos em 90° e retorne, alternando as pernas.","Step forward bending knees, return to start position.","Avancez en pliant les genoux, revenez à la position initiale.",quadriceps; glutes; hamstrings; core,Core (Geral); Quadríceps; Isquiotibiais; Glúteos (Geral),none_bodyweight,nenhum (peso do corpo),intermediate,Intermediário,pregnancy,Gravidez,asthma; diabetes; knee_pain; high_blood_pressure; lumbar_hernia; obesity; heart_condition; pregnancy_postpartum,Asma ; Condição Cardíaca ; Diabetes; Hipertensão ; Joelho; Lombar; Obesidade ; Pós-parto,Casa (sem equipamento); Casa (com equipamento); Academia; Ar Livre,170,,https://drive.google.com/file/d/1tTyu8-05zIvzMYrsxVfVPjVWjSLKuc9n/view?usp=sharing
ex_025,adca7696-5b97-401d-8508-cab363a9fff9,Agachamento com elástico (miniband),Resistance Band Squat (Miniband),Squat avec élastique (minibande),"Coloque a miniband nas pernas acima dos joelhos, agache mantendo a tensão no elástico e retorne.","Place miniband around thighs, squat keeping tension on band.","Placez une minibande sur les cuisses, accroupissez-vous en gardant la tension.",quadriceps; glutes; hamstrings; core,Core (Geral); Quadríceps; Isquiotibiais; Glúteos (Geral),elastic_band_mini_band,faixa elástica/miniband,beginner,Iniciante,pregnancy,Gravidez,asthma; diabetes; knee_pain; high_blood_pressure; lumbar_hernia; obesity; heart_condition; pregnancy_postpartum,Asma ; Condição Cardíaca ; Diabetes; Hipertensão ; Joelho; Lombar; Obesidade ; Pós-parto,Casa (com equipamento); Academia,160,,https://drive.google.com/file/d/1azNYVHnb5xt_PfZBUzKRY5fRS5wyzW07/view?usp=sharing
ex_026,e35fba08-3506-4e3a-bbe4-52e14a03f374,Avanço com halteres,Dumbbell Lunge,Fente avec haltères,"Segure os halteres, dê um passo à frente, flexione os joelhos em 90° e volte à posição inicial.","Hold dumbbells, step forward bending knees, return up.","Tenez des haltères, avancez en pliant les genoux, revenez.",quadriceps; glutes; hamstrings; core,Core (Geral); Quadríceps; Isquiotibiais; Glúteos (Geral),dumbbells,halteres,intermediate,Intermediário,pregnancy,Gravidez,asthma; diabetes; knee_pain; high_blood_pressure; lumbar_hernia; obesity; heart_condition; pregnancy_postpartum,Asma ; Condição Cardíaca ; Diabetes; Hipertensão ; Joelho; Lombar; Obesidade ; Pós-parto,Casa (com equipamento); Academia,180,,https://drive.google.com/file/d/1STTwyRl7qzHKJiC4r17bKwJTp6lm6Bmg/view?usp=sharing
ex_027,57947dc0-c8d3-44a2-9441-47a5119aa699,Cadeira extensora unilateral,Unilateral Leg Extension,Extension de jambe unilatérale,"Na máquina, execute a extensão de apenas uma perna por vez.","Use one leg at extension machine, extend knee upward.","Utilisez une jambe à la machine d’extension, étendez le genou vers le haut.",quadriceps,Quadríceps,leg_extension,cadeira extensora,beginner,Iniciante,none,Nenhuma,none,Nenhuma,Academia,140,,https://drive.google.com/file/d/1rh7lscY6IK2NarYrKw9McZEMxwE9xdbs/view?usp=sharing
ex_028,61bc8f0a-b8a0-46ce-b694-bdde969976dd,Leg Press 45°,45° Leg Press,Presse à cuisses 45°,"Na máquina 45°, apoie os pés na plataforma e empurre, estendendo as pernas.","Sit at 45° leg press, push platform, extend knees, return.","Asseyez-vous à la presse à 45°, poussez la plateforme, étendez les genoux, revenez.",quadriceps; glutes; hamstrings,Quadríceps; Isquiotibiais; Glúteos (Geral),leg_press,leg press,intermediate,Intermediário,none,Nenhuma,none,Nenhuma,Academia,170,,https://drive.google.com/file/d/1jnsbIahbMiLAl7kaSl36dEd_YnFNiSMD/view?usp=sharing
ex_029,269b3e3a-c5db-407a-aa21-8326c830d5e5,Hack Squat,Hack Squat,Hack Squat,"Na máquina Hack, posicione os ombros nos apoios, flexione os joelhos e retorne estendendo as pernas.","Stand on hack squat machine, bend knees, extend back up.","Sur la machine hack squat, pliez les genoux puis revenez en extension.",quadriceps; glutes; hamstrings,Quadríceps; Isquiotibiais; Glúteos (Geral),smith_machine,barra guiada (smith),advanced,Avançado,none,Nenhuma,none,Nenhuma,Academia,160,,https://drive.google.com/file/d/1Wt6jq77h95wtgyMdSTVu5xBkuEWjWTqv/view?usp=sharing
ex_030,deb8cddb-8af4-4873-9cd1-baaedae03da3,Agachamento frontal com halteres,Dumbbell Front Squat,Squat avant avec haltères,"Segure um halter em cada ombro, agache mantendo a coluna ereta e suba novamente.","Hold dumbbells in front, squat bending knees, return standing.","Tenez des haltères devant, accroupissez-vous puis revenez debout.",quadriceps; glutes; hamstrings; core,Core (Geral); Quadríceps; Isquiotibiais; Glúteos (Geral),dumbbells,halteres,advanced,Avançado,pregnancy,Gravidez,asthma; diabetes; knee_pain; high_blood_pressure; cervical_hernia; lumbar_hernia; obesity; heart_condition; pregnancy_postpartum,Asma ; Condição Cardíaca ; Diabetes; Hérnia Cervical; Hipertensão ; Joelho; Lombar; Obesidade ; Pescoço; Pós-parto,Casa (com equipamento); Academia,190,,https://drive.google.com/file/d/1_2VZqPJXSu_FfSd0fmjCx4PrpEJWJ1ZZ/view?usp=sharing
ex_031,fecb86a6-7704-446f-bd1f-2d36777cf6a2,Avanço com step  no Smith Machine,Smith Machine Step Lunge,Fente avec step à la Smith Machine,"No Smith, posicione a barra nas costas, dê um passo sobre o step, flexione o joelho e retorne.","Step forward onto smith machine step, bend knees, return.","Avancez sur la marche de la machine Smith, pliez les genoux, revenez.",quadriceps; glutes; hamstrings; core,Core (Geral); Quadríceps; Isquiotibiais; Glúteos (Geral),smith_machine; step,step; barra guiada (smith),intermediate,Intermediário,pregnancy,Gravidez,asthma; diabetes; knee_pain; high_blood_pressure; lumbar_hernia; obesity; heart_condition; pregnancy_postpartum,Asma ; Condição Cardíaca ; Diabetes; Hipertensão ; Joelho; Lombar; Obesidade ; Pós-parto,Academia,180,,https://drive.google.com/file/d/1ze6gPeFzirbo66eRCQS0ICS1J_TCAg2R/view?usp=sharing
ex_032,4776920c-f7da-497d-9db3-f6aa1bee05d0,Passada lateral em posição de agachamento,Lateral Lunge (Squat Position),Fente latérale en position de squat,Fique em posição de agachamento e dê passos laterais mantendo os joelhos flexionados.,"Step laterally, squat keeping tension, return to start.","Faites un pas latéral, accroupissez-vous en gardant la tension, revenez.",quadriceps; glutes; hamstrings; core,Core (Geral); Quadríceps; Isquiotibiais; Glúteos (Geral),none_bodyweight,nenhum (peso do corpo),intermediate,Intermediário,pregnancy,Gravidez,asthma; diabetes; knee_pain; high_blood_pressure; lumbar_hernia; obesity; heart_condition; pregnancy_postpartum,Asma ; Condição Cardíaca ; Diabetes; Hipertensão ; Joelho; Lombar; Obesidade ; Pós-parto,Casa (sem equipamento); Casa (com equipamento); Academia; Ar Livre,160,,https://drive.google.com/file/d/15rXH9x0Zq8PLPrVTgG_vZeC6fNl_wtCu/view?usp=sharing
ex_033,22d4111d-4306-4152-8b41-412e51127010,Back Squat,Back Squat,Squat arrière,"Apoie a barra nas costas, flexione os joelhos descendo o quadril e retorne.","Bar on back, squat down, extend knees and return standing.","Barre sur le dos, accroupissez-vous puis remontez en tendant les genoux.",quadriceps; glutes; hamstrings; core,Core (Geral); Quadríceps; Isquiotibiais; Glúteos (Geral),bar_fixed_bar,barra/barra fixa,advanced,Avançado,none,Nenhuma,none,Nenhuma,Casa (com equipamento); Academia,195,,https://drive.google.com/file/d/1CEqMW9YDIonDP_KRn_chO5eNGxFDOWah/view?usp=sharing
ex_034,ddd190be-67e4-48af-9ded-f077020d18c6,Box Squat (peso corporal),Bodyweight Box Squat,Box Squat au poids du corps,Sente-se levemente em uma caixa ou banco sem relaxar e volte à posição em pé.,"Sit on box, stand up using bodyweight, return sitting.","Asseyez-vous sur la boîte, levez-vous avec le poids du corps, asseyez-vous de nouveau.",quadriceps; glutes; core,Core (Geral); Quadríceps; Glúteos (Geral),box; bench,banco; caixa,beginner,Iniciante,none,Nenhuma,none,Nenhuma,Casa (com equipamento); Academia,150,,https://drive.google.com/file/d/12dCae3oGIbSEoGbVDXr82hYdtD1CIU5R/view?usp=sharing
ex_035,12d79343-576c-4af6-9596-6a6f86fed10e,Box Squat com halteres,Dumbbell Box Squat,Box Squat avec haltères,"Segure halteres, sente-se levemente na caixa e retorne em pé.","Hold dumbbells, sit on box, stand up and return sitting.","Avec haltères, asseyez-vous sur la boîte, levez-vous, asseyez-vous de nouveau.",quadriceps; glutes; core,Core (Geral); Quadríceps; Glúteos (Geral),dumbbells; box; bench,halteres; banco; caixa,intermediate,Intermediário,none,Nenhuma,none,Nenhuma,Casa (com equipamento); Academia,160,,https://drive.google.com/file/d/1KDoKCuyQh9A30CdV6cB-mLqgjJY9azqj/view?usp=sharing
ex_036,f477bbcd-1238-4f27-83d8-4d72214f0ad4,Box Squat com barra,Barbell Box Squat,Box Squat avec barre,"Com a barra apoiada, sente-se levemente na caixa e volte à posição em pé.","Hold bar on back, sit on box, stand up, return sitting.","Avec barre, asseyez-vous sur la boîte, levez-vous, asseyez-vous de nouveau.",quadriceps; glutes; core,Core (Geral); Quadríceps; Glúteos (Geral),bar_fixed_bar; box; bench,barra/barra fixa; banco; caixa,advanced,Avançado,none,Nenhuma,cervical_hernia,Hérnia Cervical; Pescoço,Casa (com equipamento); Academia,180,,https://drive.google.com/file/d/1FxNtJPB582ACKVpwDjVTz6xCL7Xh3ptc/view?usp=sharing
ex_037,b6a65952-10e1-4ffc-b500-3a0a5d4135a3,Box Squat com elástico,Resistance Band Box Squat,Box Squat avec élastique,"Use o elástico ao redor das pernas, sente-se levemente na caixa e volte em pé.","Sit on box with band tension, stand up, return sitting.","Avec élastique, asseyez-vous sur la boîte, levez-vous, asseyez-vous de nouveau.",quadriceps; glutes; core,Core (Geral); Quadríceps; Glúteos (Geral),elastic_band_mini_band; box; bench,faixa elástica/miniband; banco; caixa,intermediate,Intermediário,none,Nenhuma,none,Nenhuma,Casa (com equipamento); Academia,155,,https://drive.google.com/file/d/16ChO9BW6sAGjX4usr7pFriMUZaj-SJmf/view?usp=sharing
ex_038,b18d1025-bcf5-4969-8810-97f58bb69b39,Box Squat Unilateral (peso corporal),Single Leg Box Squat (Bodyweight),Box Squat unilatéral (poids du corps),"Apoie apenas uma perna na caixa, agache e suba mantendo o equilíbrio.","Sit on one leg on box, stand up, return sitting.","Avec une jambe sur la boîte, levez-vous, asseyez-vous de nouveau.",quadriceps; glutes; core,Core (Geral); Quadríceps; Glúteos (Geral),box; bench,banco; caixa,intermediate,Intermediário,none,Nenhuma,none,Nenhuma,Casa (com equipamento); Academia,170,,https://drive.google.com/file/d/11zQArxKVXkouSdKYkL_UGExC9OU05ElW/view?usp=sharing
ex_039,1d4fc7d7-cdc3-44bb-8c7c-e1527ca21ee4,Box Squat Unilateral com halteres,Single Leg Box Squat with Dumbbells,Box Squat unilatéral avec haltères,"Segure halteres, apoie uma perna na caixa e execute o agachamento unilateral.","Hold dumbbells, sit on one leg on box, stand up, return sitting.","Avec haltères, une jambe sur la boîte, levez-vous, asseyez-vous de nouveau.",quadriceps; glutes; core,Core (Geral); Quadríceps; Glúteos (Geral),dumbbells; box; bench,halteres; banco; caixa,advanced,Avançado,none,Nenhuma,none,Nenhuma,Casa (com equipamento); Academia,185,,https://drive.google.com/file/d/1y_cNSSwgmKzbWsPanPQUMJOEozfKHzgI/view?usp=sharing
ex_040,855472ba-fd9b-4500-920e-7a809746c25a,Passada lateral em posição de agachamento com mini band,Lateral Squat Walk with Miniband,Marche en squat latéral avec minibande,"Coloque a miniband nas pernas, mantenha a posição de agachamento e dê passos laterais.","With miniband, step sideways in squat keeping tension.","Avec minibande, faites un pas latéral en squat en gardant la tension.",quadriceps; glutes; abductors; core,Core (Geral); Quadríceps; Glúteos (Geral); Abdutores,elastic_band_mini_band,faixa elástica/miniband,intermediate,Intermediário,pregnancy,Gravidez,asthma; diabetes; high_blood_pressure; lumbar_hernia; cervical_hernia; knee_pain; heart_condition; obesity; pregnancy_postpartum,Asma ; Condição Cardíaca ; Diabetes; Hérnia Cervical; Hipertensão ; Joelho; Lombar; Obesidade ; Pescoço; Pós-parto,Casa (com equipamento); Academia,170,,https://drive.google.com/file/d/1dcjg3DwrxkQYVoTX63jupMQ2PrP5mq18/view?usp=sharing
ex_041,3e91b499-35c2-4239-ac18-77335bd0d4ac,Thruster com barra,Barbell Thruster,Thruster avec barre,"Agache com a barra e, ao subir, empurre-a acima da cabeça em um só movimento.","Hold bar on shoulders, squat then push bar overhead.","Barre aux épaules, accroupissez-vous puis poussez-la au-dessus de la tête.",quadriceps; glutes; shoulders; core,Core (Geral); Ombros (Geral); Quadríceps; Glúteos (Geral),bar_fixed_bar,barra/barra fixa,advanced,Avançado,pregnancy,Gravidez,asthma; diabetes; high_blood_pressure; lumbar_hernia; cervical_hernia; knee_pain; heart_condition; obesity; pregnancy_postpartum,Asma ; Condição Cardíaca ; Diabetes; Hérnia Cervical; Hipertensão ; Joelho; Lombar; Obesidade ; Pescoço; Pós-parto,Casa (com equipamento); Academia,240,,https://drive.google.com/file/d/1ZuHZmlxI8EnrFcHrBdHwvnZhqlahd8wu/view?usp=sharing
ex_042,9b7667d9-e93d-46d0-86bb-e7ec0748b295,Agachamento unilateral,Single Leg Squat,Squat unilatéral,"Apoie-se em uma perna só, flexione o joelho descendo o quadril e suba novamente.","Stand on one leg, bend knee lowering hip, return up.","Debout sur une jambe, pliez le genou en descendant la hanche, revenez.",quadriceps; glutes; core,Core (Geral); Quadríceps; Glúteos (Geral),none_bodyweight,nenhum (peso do corpo),intermediate,Intermediário,pregnancy,Gravidez,asthma; diabetes; high_blood_pressure; lumbar_hernia; cervical_hernia; knee_pain; heart_condition; obesity; pregnancy_postpartum,Asma ; Condição Cardíaca ; Diabetes; Hérnia Cervical; Hipertensão ; Joelho; Lombar; Obesidade ; Pescoço; Pós-parto,Casa (sem equipamento); Casa (com equipamento); Academia; Ar Livre,180,,https://drive.google.com/file/d/1sxAFTXppl_kmlmkqM8abxi_lQxTWc64A/view?usp=sharing
ex_043,45f64c61-9972-43e5-8d1a-3f893d39eedd,Jump Lunge,Jump Lunge,Fente sautée,"Execute o afundo e, ao trocar de pernas, faça um salto, alternando os lados.","Jump into lunge position, alternate legs in the air.","Sautez en position fente, alternez les jambes en l’air.",quadriceps; glutes; hamstrings; core,Core (Geral); Quadríceps; Isquiotibiais; Glúteos (Geral),none_bodyweight,nenhum (peso do corpo),advanced,Avançado,pregnancy,Gravidez,asthma; diabetes; high_blood_pressure; lumbar_hernia; cervical_hernia; knee_pain; heart_condition; obesity; pregnancy_postpartum,Asma ; Condição Cardíaca ; Diabetes; Hérnia Cervical; Hipertensão ; Joelho; Lombar; Obesidade ; Pescoço; Pós-parto,Casa (sem equipamento); Casa (com equipamento); Academia; Ar Livre,220,,https://drive.google.com/file/d/1ZnXSrkrV4N7zAQVJNUeflXu45rAof-FZ/view?usp=sharing
ex_044,9bc49229-7c8e-40f0-84a2-ac60281e873b,Ponte de glúteos,Glute Bridge,Pont de fessiers,"Deite de barriga para cima, flexione os joelhos e eleve o quadril contraindo os glúteos.","Lie on your back, bend your knees and lift your hips by squeezing your glutes.","Allongez-vous sur le dos, pliez les genoux et levez les hanches en contractant les fessiers.",glutes; hamstrings; core,Core (Geral); Isquiotibiais; Glúteos (Geral),none_bodyweight,nenhum (peso do corpo),beginner,Iniciante,pregnancy,Gravidez,asthma; diabetes; knee_pain; high_blood_pressure; lumbar_hernia; obesity; heart_condition; pregnancy_postpartum,Asma ; Condição Cardíaca ; Diabetes; Hipertensão ; Joelho; Lombar; Obesidade ; Pós-parto,Casa (sem equipamento); Casa (com equipamento); Academia; Ar Livre,120,,https://drive.google.com/file/d/1DDyixWxfWnhwD9K4_vcwW7SCg-YZcGai/view?usp=sharing
ex_045,6aafd691-284d-49ff-8109-eb4b2e043974,Agachamento livre,Bodyweight Squat,Squat poids du corps,"Em pé, pés afastados, flexione os joelhos e desça o quadril como se fosse sentar.","Stand with feet apart, bend your knees and lower your hips as if sitting.","Debout, pieds écartés, pliez les genoux et descendez les hanches comme pour s’asseoir.",glutes; quadriceps; hamstrings; core,Core (Geral); Quadríceps; Isquiotibiais; Glúteos (Geral),none_bodyweight,nenhum (peso do corpo),beginner,Iniciante,pregnancy,Gravidez,asthma; diabetes; knee_pain; high_blood_pressure; lumbar_hernia; obesity; heart_condition; pregnancy_postpartum,Asma ; Condição Cardíaca ; Diabetes; Hipertensão ; Joelho; Lombar; Obesidade ; Pós-parto,Casa (sem equipamento); Casa (com equipamento); Academia; Ar Livre,150,,https://drive.google.com/file/d/1Bj-scQBRD6-y14XTbLlxptrSkp61VrDi/view?usp=sharing
ex_046,897dcd70-b721-41ad-a06d-b3de7b23e572,Avanço (afundo),Lunge,Fente,Dê um passo à frente e flexione os joelhos até formar ângulo de 90°.,Step forward and bend your knees until forming a 90° angle.,Faites un pas en avant et pliez les genoux jusqu’à former un angle de 90°.,glutes; quadriceps; hamstrings; core,Core (Geral); Quadríceps; Isquiotibiais; Glúteos (Geral),none_bodyweight,nenhum (peso do corpo),beginner,Iniciante,pregnancy,Gravidez,asthma; diabetes; knee_pain; high_blood_pressure; lumbar_hernia; obesity; heart_condition; pregnancy_postpartum,Asma ; Condição Cardíaca ; Diabetes; Hipertensão ; Joelho; Lombar; Obesidade ; Pós-parto,Casa (sem equipamento); Casa (com equipamento); Academia; Ar Livre,160,,https://drive.google.com/file/d/1lULGgZ_v_mzuWSRaIHo3f2GYpQ9LwG9E/view?usp=sharing
ex_047,7fb11687-c3cd-4360-b966-f75888cac44b,Abdução de quadril deitada com mini band,Hip Abduction Lying with Mini Band,Abduction de hanche allongée avec mini band,"Deite-se de lado, use a miniband nos joelhos e afaste a perna para cima.","Lie on your side, place a miniband around your knees and lift the leg upward.","Allongez-vous sur le côté, placez une minibande aux genoux et levez la jambe vers le haut.",glutes; abductors; core,Core (Geral); Glúteos (Geral); Abdutores,elastic_band_mini_band,faixa elástica/miniband,intermediate,Intermediário,none,Nenhuma,none,Nenhuma,Casa (com equipamento); Academia,125,,https://drive.google.com/file/d/1ZOSxdIReSjSxlj9KUzMuNlb0_B1GQV3g/view?usp=sharing
ex_048,6e019c28-af13-4f4d-b617-020d5a1bc438,Avanço com halteres,Dumbbell Lunge,Fente avec haltères,Segure halteres e dê passos à frente flexionando os joelhos.,Hold dumbbells and step forward bending your knees.,Tenez des haltères et avancez en fléchissant les genoux.,glutes; quadriceps; hamstrings; core,Core (Geral); Quadríceps; Isquiotibiais; Glúteos (Geral),dumbbells,halteres,intermediate,Intermediário,pregnancy,Gravidez,asthma; diabetes; knee_pain; high_blood_pressure; lumbar_hernia; obesity; heart_condition; pregnancy_postpartum,Asma ; Condição Cardíaca ; Diabetes; Hipertensão ; Joelho; Lombar; Obesidade ; Pós-parto,Casa (com equipamento); Academia,170,,https://drive.google.com/file/d/1umsKE3mPSWQexr0kcxmcYbW1Yb-NSvCa/view?usp=sharing
ex_049,9553d000-30bf-492e-b927-44fe6a8d9666,Cadeira abdutora,Abductor Machine,Machine abducteurs,Sente-se na máquina abdutora e afaste as pernas contra a resistência.,Sit on the abductor machine and push your legs outward against resistance.,Asseyez-vous à la machine abducteurs et écartez les jambes contre résistance.,glutes,Glúteos (Geral),abductor_machine,cadeira abdutora,beginner,Iniciante,none,Nenhuma,none,Nenhuma,Academia,140,,https://drive.google.com/file/d/1MXUWWgiy0PUIC3wEqFyBzRLpN6j_E7cm/view?usp=sharing
ex_050,4cf72d5b-9cc4-498e-ac16-eaa8024d0396,Cadeira flexora,Leg Curl Machine,Machine ischio-jambiers (leg curl),Sente-se na máquina flexora e flexione os joelhos contra a resistência.,Sit on the leg curl machine and curl your knees against resistance.,Asseyez-vous à la machine ischio-jambiers et pliez les genoux contre résistance.,glutes,Glúteos (Geral),leg_curl,mesa flexora,intermediate,Intermediário,none,Nenhuma,none,Nenhuma,Academia,150,,https://drive.google.com/file/d/1-bPTlHNzxU-L0KWSkMBAoC2KTjhL6kcl/view?usp=sharing
ex_051,f2765079-408e-4710-97d2-df3a31aca2a8,Agachamento com barra,Barbell Squat,Squat avec barre,Coloque a barra sobre os ombros e flexione os joelhos fazendo o agachamento.,Place the barbell on your shoulders and squat down bending your knees.,Placez la barre sur vos épaules et accroupissez-vous en pliant les genoux.,glutes; quadriceps; hamstrings; core,Core (Geral); Quadríceps; Isquiotibiais; Glúteos (Geral),bar_fixed_bar,barra/barra fixa,advanced,Avançado,pregnancy,Gravidez,asthma; diabetes; knee_pain; high_blood_pressure; cervical_hernia; lumbar_hernia; obesity; heart_condition; pregnancy_postpartum,Asma ; Condição Cardíaca ; Diabetes; Hérnia Cervical; Hipertensão ; Joelho; Lombar; Obesidade ; Pescoço; Pós-parto,Casa (com equipamento); Academia,190,,https://drive.google.com/file/d/15dBVOpXTV0yOCUAxDTxrIhPBxQKKl478/view?usp=sharing
ex_052,d66874fd-626c-4569-90f2-fac0afe9e329,Levantamento terra,Deadlift,Soulevé de terre,"Em pé, segure a barra, flexione o quadril mantendo as costas retas e retorne.","Stand holding the barbell, bend at the hips keeping back straight, then return.","Debout avec une barre, pliez les hanches en gardant le dos droit puis redressez-vous.",glutes; hamstrings,Isquiotibiais; Glúteos (Geral),bar_fixed_bar,barra/barra fixa,advanced,Avançado,pregnancy,Gravidez,asthma; diabetes; knee_pain; high_blood_pressure; lumbar_hernia; obesity; heart_condition; pregnancy_postpartum,Asma ; Condição Cardíaca ; Diabetes; Hipertensão ; Joelho; Lombar; Obesidade ; Pós-parto,Casa (com equipamento); Academia,210,,https://drive.google.com/file/d/1b4h8xGbupehAJAgQEqnzYCxS9MFkw8ZJ/view?usp=sharing
ex_053,eb4ff165-61e0-45af-8583-07691cd480d3,Avanço unilateral Smith,Smith Machine Split Squat,Fente au Smith Machine,"No Smith, dê um passo à frente e desça flexionando os joelhos.","On the Smith machine, step forward and bend your knees.","À la Smith machine, avancez un pied et pliez les genoux.",glutes; quadriceps; hamstrings; core,Core (Geral); Quadríceps; Isquiotibiais; Glúteos (Geral),smith_machine,barra guiada (smith),advanced,Avançado,pregnancy,Gravidez,asthma; diabetes; knee_pain; high_blood_pressure; lumbar_hernia; obesity; heart_condition; pregnancy_postpartum,Asma ; Condição Cardíaca ; Diabetes; Hipertensão ; Joelho; Lombar; Obesidade ; Pós-parto,Academia,180,,https://drive.google.com/file/d/1O45nlazS9Q57nyjQTRTGt69PrqX4y_PN/view?usp=sharing
ex_054,0e322049-6a3a-4e75-9425-790c89936e59,Kettlebell swing,Kettlebell Swing,Kettlebell Swing,Balance o kettlebell entre as pernas e projete o quadril para frente.,Swing the kettlebell between your legs and thrust hips forward.,Balancez le kettlebell entre vos jambes et poussez les hanches vers l’avant.,glutes,Glúteos (Geral),kettlebell,kettlebell,intermediate,Intermediário,none,Nenhuma,none,Nenhuma,Casa (com equipamento); Academia,220,,https://drive.google.com/file/d/1vxBahjJxuh8_nKjAQa8FVmJELu-U8QXF/view?usp=sharing
ex_055,5f2530ff-8adc-4447-9172-43f0e5074b47,Deadlift com barra olímpica,Olympic Barbell Deadlift,Soulevé de terre avec barre olympique,"Realize o deadlift usando barra olímpica, mantendo a postura ereta.",Perform deadlift with an Olympic barbell while keeping proper posture.,Effectuez un soulevé de terre avec barre olympique en gardant une bonne posture.,glutes; posterior_chain,Glúteos (Geral); Cadeia Posterior,bar_fixed_bar,barra/barra fixa,advanced,Avançado,pregnancy,Gravidez,asthma; diabetes; knee_pain; high_blood_pressure; lumbar_hernia; obesity; heart_condition; pregnancy_postpartum,Asma ; Condição Cardíaca ; Diabetes; Hipertensão ; Joelho; Lombar; Obesidade ; Pós-parto,Casa (com equipamento); Academia,230,,https://drive.google.com/file/d/1c2KTEP3Z0vGA0wi9T0_6wbu0Gm76B2yS/view?usp=sharing
ex_056,28717b03-49b5-4601-af5f-9d136d8b91fa,Step-up no box com peso,Weighted Box Step-up,Montée sur box avec charge,"Suba no box ou banco com peso, alternando as pernas.","Step up onto a box or bench with weight, alternating legs.","Montez sur un box ou un banc avec charge, en alternant les jambes.",glutes; quadriceps; core,Core (Geral); Quadríceps; Glúteos (Geral),box; bench,banco; caixa,intermediate,Intermediário,pregnancy,Gravidez,asthma; diabetes; knee_pain; high_blood_pressure; lumbar_hernia; obesity; heart_condition; pregnancy_postpartum,Asma ; Condição Cardíaca ; Diabetes; Hipertensão ; Joelho; Lombar; Obesidade ; Pós-parto,Casa (com equipamento); Academia,200,,https://drive.google.com/file/d/1-Y1JWObE2QAeUFECRdFthzp_i6BInV46/view?usp=sharing
ex_057,bcb58ee6-a45a-4aaa-a36a-5231ddffcb25,Agachamento búlgaro com o tronco projetado à frente com halteres,Bulgarian Split Squat Leaning Forward with Dumbbells,Fente bulgare penché en avant avec haltères,"Com halteres, desça em posição de afundo projetando o tronco à frente.","With dumbbells, perform a Bulgarian split squat leaning torso forward.","Avec haltères, faites une fente bulgare en penchant le buste vers l’avant.",glutes; quadriceps; hamstrings; core,Core (Geral); Quadríceps; Isquiotibiais; Glúteos (Geral),dumbbells,halteres,intermediate,Intermediário,pregnancy,Gravidez,asthma; diabetes; knee_pain; high_blood_pressure; lumbar_hernia; obesity; heart_condition; pregnancy_postpartum,Asma ; Condição Cardíaca ; Diabetes; Hipertensão ; Joelho; Lombar; Obesidade ; Pós-parto,Casa (com equipamento); Academia,185,,https://drive.google.com/file/d/1NK6utOjIPzbgAM3p7HlN-8jwhClQCL7A/view?usp=sharing
ex_058,6923fb2a-86b6-43de-9c38-ff804168d8ed,Agachamento isométrico (cadeirinha),Wall Sit,Chaise contre le mur (Wall Sit),"Encoste as costas na parede, desça até formar ângulo de 90° e segure.","Lean against the wall, lower until 90° knee angle and hold.","Appuyez votre dos contre le mur, descendez à 90° et maintenez.",glutes; quadriceps; hamstrings; core,Core (Geral); Quadríceps; Isquiotibiais; Glúteos (Geral),none_bodyweight,nenhum (peso do corpo),beginner,Iniciante,pregnancy,Gravidez,asthma; diabetes; knee_pain; high_blood_pressure; lumbar_hernia; obesity; heart_condition; pregnancy_postpartum,Asma ; Condição Cardíaca ; Diabetes; Hipertensão ; Joelho; Lombar; Obesidade ; Pós-parto,Casa (sem equipamento); Casa (com equipamento); Academia; Ar Livre,130,,https://drive.google.com/file/d/1qh-qE5io_HJRRI_Kf1J8zAckX5vuwkqe/view?usp=sharing
ex_059,d074ecca-b0be-4989-9374-9a762f969115,Agachamento búlgaro com o tronco projetado à frente,Bulgarian Split Squat Leaning Forward,Fente bulgare penché en avant,Faça a posição de afundo búlgaro inclinando levemente o tronco.,Perform Bulgarian split squat leaning torso slightly forward.,Faites une fente bulgare en penchant légèrement le buste.,glutes; hamstrings; core,Core (Geral); Isquiotibiais; Glúteos (Geral),none_bodyweight,nenhum (peso do corpo),intermediate,Intermediário,pregnancy,Gravidez,asthma; diabetes; knee_pain; high_blood_pressure; lumbar_hernia; obesity; heart_condition; pregnancy_postpartum,Asma ; Condição Cardíaca ; Diabetes; Hipertensão ; Joelho; Lombar; Obesidade ; Pós-parto,Casa (sem equipamento); Casa (com equipamento); Academia; Ar Livre,170,,https://drive.google.com/file/d/1MUh67AoTBWzldzNomL1J0CHcV6v7A8UO/view?usp=sharing
ex_060,ebd5b2a1-beb7-49f1-bece-629460d026f1,Avanço reverso,Reverse Lunge,Fente arrière,Dê um passo para trás e flexione os joelhos até 90°.,Step backward and bend knees until 90°.,Faites un pas en arrière et pliez les genoux à 90°.,glutes; hamstrings; quadriceps; core,Core (Geral); Quadríceps; Isquiotibiais; Glúteos (Geral),none_bodyweight,nenhum (peso do corpo),beginner,Iniciante,pregnancy,Gravidez,asthma; diabetes; knee_pain; high_blood_pressure; lumbar_hernia; obesity; heart_condition; pregnancy_postpartum,Asma ; Condição Cardíaca ; Diabetes; Hipertensão ; Joelho; Lombar; Obesidade ; Pós-parto,Casa (sem equipamento); Casa (com equipamento); Academia; Ar Livre,150,,https://drive.google.com/file/d/11FdM2ssjI27r9OT21Z89tIs-zmo7GrSU/view?usp=sharing
ex_061,584e4ccb-0279-42bf-97e7-159a940f5a75,Ponte unilateral com perna elevada,Single-leg Glute Bridge,Pont fessier une jambe,Deite-se e faça ponte de glúteos apoiando uma perna e elevando a outra.,Perform a glute bridge lifting one leg up.,Faites un pont fessier en levant une jambe.,glutes; hamstrings; core,Core (Geral); Isquiotibiais; Glúteos (Geral),none_bodyweight,nenhum (peso do corpo),intermediate,Intermediário,none,Nenhuma,none,Nenhuma,Casa (sem equipamento); Casa (com equipamento); Academia; Ar Livre,140,,https://drive.google.com/file/d/1JYXya7Iy0151QTmepQ0qZ37a9jByRWoD/view?usp=sharing
ex_062,cb8ed7ef-d85c-48fc-8b77-d0fbe41de7db,Abdução em pé com miniband,Standing Hip Abduction with Mini Band,Abduction de hanche debout avec mini band,"Em pé, use miniband e afaste a perna lateralmente.",Stand with miniband and move the leg outward.,"Debout avec minibande, écartez la jambe sur le côté.",glutes; abductors; core,Core (Geral); Glúteos (Geral); Abdutores,elastic_band_mini_band,faixa elástica/miniband,beginner,Iniciante,pregnancy,Gravidez,asthma; diabetes; knee_pain; high_blood_pressure; lumbar_hernia; obesity; heart_condition; pregnancy_postpartum,Asma ; Condição Cardíaca ; Diabetes; Hipertensão ; Joelho; Lombar; Obesidade ; Pós-parto,Casa (com equipamento); Academia,130,,https://drive.google.com/file/d/19x4t5bkGe8J_fehQAnsncMADWyl_C2VB/view?usp=sharing
ex_063,5c6f07e2-7544-4308-8691-58782c13f304,Agachamento com miniband nos joelhos,Squat with Mini Band around Knees,Squat avec mini band aux genoux,Faça o agachamento mantendo miniband nos joelhos.,Perform squat keeping miniband around knees.,Faites un squat avec minibande aux genoux.,glutes; quadriceps; core,Core (Geral); Quadríceps; Glúteos (Geral),elastic_band_mini_band,faixa elástica/miniband,intermediate,Intermediário,none,Nenhuma,none,Nenhuma,Casa (com equipamento); Academia,160,,https://drive.google.com/file/d/1ONBnOmKh9WpVQ01F4FOfF594hyU3fkH-/view?usp=sharing
ex_064,81769a59-3b6f-4cb2-9a54-d5b58c07114b,Extensão de quadril no cross,Hip Extension on Cable Machine,Extension de hanche à la poulie,"No cross, prenda o tornozelo no cabo e faça extensão de quadril.",Attach ankle to cable machine and extend hip backward.,Attachez la cheville à la poulie et faites une extension de hanche.,glutes; hamstrings; core,Core (Geral); Isquiotibiais; Glúteos (Geral),cable_row,remada baixa,intermediate,Intermediário,pregnancy,Gravidez,asthma; diabetes; knee_pain; high_blood_pressure; lumbar_hernia; obesity; heart_condition; pregnancy_postpartum,Asma ; Condição Cardíaca ; Diabetes; Hipertensão ; Joelho; Lombar; Obesidade ; Pós-parto,Academia,150,,https://drive.google.com/file/d/1Yypm_yCD_NY1T8vc1GfqNRRs0KkfBOdh/view?usp=sharing
ex_065,c40f5e9b-fb8e-4411-bed5-8fff9663b53e,Romanian Deadlift com halteres,Romanian Deadlift with Dumbbells,Soulevé de terre roumain avec haltères,"Segure os halteres, flexione o quadril mantendo costas retas e retorne.","Hold dumbbells, bend at hips keeping back straight and return.","Tenez des haltères, pliez les hanches en gardant le dos droit et revenez.",glutes; hamstrings; core,Core (Geral); Isquiotibiais; Glúteos (Geral),dumbbells,halteres,intermediate,Intermediário,pregnancy,Gravidez,asthma; diabetes; knee_pain; high_blood_pressure; lumbar_hernia; obesity; heart_condition; pregnancy_postpartum,Asma ; Condição Cardíaca ; Diabetes; Hipertensão ; Joelho; Lombar; Obesidade ; Pós-parto,Casa (com equipamento); Academia,200,,https://drive.google.com/file/d/1dtLxDH-us5U6UFZDHq6K5qVftndDInAR/view?usp=sharing
ex_066,d330a3ff-ff01-4b6e-ac21-a70882041365,Stiff com halteres,Stiff-legged Deadlift with Dumbbells,Soulevé de terre jambes tendues avec haltères,Faça o stiff segurando halteres com as pernas quase estendidas.,"Perform stiff-legged deadlift with dumbbells, legs almost extended.",Faites un soulevé de terre jambes tendues avec haltères.,glutes; hamstrings,Isquiotibiais; Glúteos (Geral),dumbbells,halteres,intermediate,Intermediário,pregnancy,Gravidez,asthma; diabetes; knee_pain; high_blood_pressure; lumbar_hernia; obesity; heart_condition; pregnancy_postpartum,Asma ; Condição Cardíaca ; Diabetes; Hipertensão ; Joelho; Lombar; Obesidade ; Pós-parto,Casa (com equipamento); Academia,190,,https://drive.google.com/file/d/1uXIwxsSgLdekmDsKMuV5SM8TFKBgVIZx/view?usp=sharing
ex_067,f41ae60c-f614-4a46-b675-64f3677d74e9,Deadlift unilateral com halter,Single-leg Dumbbell Deadlift,Soulevé de terre unilatéral avec haltère,Execute o deadlift com um halter usando apenas uma perna.,Perform single-leg dumbbell deadlift using one leg.,Faites un soulevé de terre unilatéral avec un haltère.,glutes; hamstrings; core,Core (Geral); Isquiotibiais; Glúteos (Geral),dumbbells,halteres,intermediate,Intermediário,pregnancy,Gravidez,asthma; diabetes; knee_pain; high_blood_pressure; lumbar_hernia; obesity; heart_condition; pregnancy_postpartum,Asma ; Condição Cardíaca ; Diabetes; Hipertensão ; Joelho; Lombar; Obesidade ; Pós-parto,Casa (com equipamento); Academia,210,,https://drive.google.com/file/d/1zmkzhoXnKhoqoZlUvpMsv_eQSpYM74_i/view?usp=sharing
ex_068,2518b7a0-39e7-4488-b683-b337c3da0bbe,Sumô Deadlift com halteres,Sumo Deadlift with Dumbbells,Soulevé de terre sumo avec haltères,"Afaste as pernas, segure os halteres e realize o deadlift sumô.","Stand with feet wide, hold dumbbells and perform sumo deadlift.","Debout jambes écartées, tenez des haltères et faites un soulevé de terre sumo.",glutes; hamstrings; adductors; quadriceps,Quadríceps; Isquiotibiais; Glúteos (Geral); Adutores,dumbbells,halteres,intermediate,Intermediário,pregnancy,Gravidez,asthma; diabetes; knee_pain; high_blood_pressure; lumbar_hernia; obesity; heart_condition; pregnancy_postpartum,Asma ; Condição Cardíaca ; Diabetes; Hipertensão ; Joelho; Lombar; Obesidade ; Pós-parto,Casa (com equipamento); Academia,220,,https://drive.google.com/file/d/1Vemk-WVqtc-WthjjOEvRvWgthBcpF-EC/view?usp=sharing
ex_069,e5185fa1-3605-4aa0-a209-5eee43fba927,Deadlift tradicional com barra,Conventional Barbell Deadlift,Soulevé de terre classique avec barre,Faça o deadlift tradicional segurando a barra no chão.,Perform conventional deadlift with barbell from the floor.,Faites un soulevé de terre classique avec barre au sol.,glutes; hamstrings; core,Core (Geral); Isquiotibiais; Glúteos (Geral),bar_fixed_bar,barra/barra fixa,intermediate,Intermediário,pregnancy,Gravidez,asthma; diabetes; knee_pain; high_blood_pressure; lumbar_hernia; obesity; heart_condition; pregnancy_postpartum,Asma ; Condição Cardíaca ; Diabetes; Hipertensão ; Joelho; Lombar; Obesidade ; Pós-parto,Casa (com equipamento); Academia,230,,https://drive.google.com/file/d/1c2KTEP3Z0vGA0wi9T0_6wbu0Gm76B2yS/view?usp=sharing
ex_070,cedb7248-13b1-4756-9871-f10a18341b25,Romanian Deadlift com barra,Romanian Deadlift with Barbell,Soulevé de terre roumain avec barre,"Execute o deadlift romeno usando barra, mantendo joelhos semi-flexionados.","Do Romanian deadlift with barbell, keeping knees slightly bent.","Faites un soulevé de terre roumain avec barre, genoux légèrement fléchis.",glutes; hamstrings,Isquiotibiais; Glúteos (Geral),bar_fixed_bar,barra/barra fixa,intermediate,Intermediário,pregnancy,Gravidez,asthma; diabetes; knee_pain; high_blood_pressure; lumbar_hernia; obesity; heart_condition; pregnancy_postpartum,Asma ; Condição Cardíaca ; Diabetes; Hipertensão ; Joelho; Lombar; Obesidade ; Pós-parto,Casa (com equipamento); Academia,225,,https://drive.google.com/file/d/1YDElL45X_-sPFjyBs5GqBKajIcdwLd_V/view?usp=sharing
ex_071,3a86ec4a-0029-4064-80d2-c1a9b5f3ae63,Stiff com barra,Stiff-legged Deadlift with Barbell,Soulevé de terre jambes tendues avec barre,Faça o stiff com barra mantendo as pernas estendidas.,"Do stiff-legged deadlift with barbell, keeping legs extended.",Faites un soulevé de terre jambes tendues avec barre.,glutes; hamstrings,Isquiotibiais; Glúteos (Geral),bar_fixed_bar,barra/barra fixa,intermediate,Intermediário,pregnancy,Gravidez,asthma; diabetes; high_blood_pressure; lumbar_hernia; obesity; heart_condition; pregnancy_postpartum,Asma ; Condição Cardíaca ; Diabetes; Hipertensão ; Lombar; Obesidade ; Pós-parto,Casa (com equipamento); Academia,220,,https://drive.google.com/file/d/1MZSK8BncCcV_m-mKtLOm-OVxcvUdQFxw/view?usp=sharing
ex_072,6b68d82d-e4ab-43f7-8cfe-e20b1f9c8dce,Sumô Deadlift com barra,Sumo Deadlift with Barbell,Soulevé de terre sumo avec barre,"Afaste as pernas, segure a barra e execute o deadlift sumô.","Stand with feet wide, hold barbell and perform sumo deadlift.","Debout jambes écartées, tenez une barre et faites un soulevé de terre sumo.",glutes; hamstrings; adductors; quadriceps,Quadríceps; Isquiotibiais; Glúteos (Geral); Adutores,bar_fixed_bar,barra/barra fixa,advanced,Avançado,pregnancy,Gravidez,asthma; diabetes; high_blood_pressure; lumbar_hernia; obesity; heart_condition; pregnancy_postpartum,Asma ; Condição Cardíaca ; Diabetes; Hipertensão ; Lombar; Obesidade ; Pós-parto,Casa (com equipamento); Academia,240,,https://drive.google.com/file/d/1Vpv7Hx9WHqvGWSVfktVcUX3oIgBDX4Wk/view?usp=sharing
ex_073,a4cce26e-558e-4acb-b0af-e56043ece1e5,Ponte de glúteos unilateral,Single-leg Glute Bridge,Pont de fessiers unilatéral,"Deite-se, apoie um pé no chão e eleve o quadril com a outra perna estendida.","Lie down, keep one foot on the floor and lift your hips with the other leg extended.","Allongez-vous, gardez un pied au sol et levez les hanches avec l'autre jambe tendue.",hamstrings; glutes; core,Core (Geral); Isquiotibiais; Glúteos (Geral),none_bodyweight,nenhum (peso do corpo),beginner,Iniciante,pregnancy,Gravidez,asthma; diabetes; high_blood_pressure; lumbar_hernia; obesity; heart_condition; pregnancy_postpartum,Asma ; Condição Cardíaca ; Diabetes; Hipertensão ; Lombar; Obesidade ; Pós-parto,Casa (sem equipamento); Casa (com equipamento); Academia; Ar Livre,130,,https://drive.google.com/file/d/1JYXya7Iy0151QTmepQ0qZ37a9jByRWoD/view?usp=sharing
ex_074,7d86e294-99da-4512-8e41-7235cada45e2,Good morning com peso corporal,Bodyweight Good Morning,Good morning au poids du corps,"Em pé, incline o tronco para frente mantendo as costas retas.",Stand and bend your torso forward keeping your back straight.,"Debout, penchez le torse vers l'avant en gardant le dos droit.",hamstrings; glutes; core,Core (Geral); Isquiotibiais; Glúteos (Geral),none_bodyweight,nenhum (peso do corpo),beginner,Iniciante,pregnancy,Gravidez,asthma; diabetes; high_blood_pressure; lumbar_hernia; obesity; heart_condition; pregnancy_postpartum,Asma ; Condição Cardíaca ; Diabetes; Hipertensão ; Lombar; Obesidade ; Pós-parto,Casa (sem equipamento); Casa (com equipamento); Academia; Ar Livre,140,,https://drive.google.com/file/d/1gLh92WMRiXARuYRZrMtHmEWmkIH4f64W/view?usp=sharing
ex_075,6865584e-cbad-47c5-90b7-7077463ef820,Stiff com halteres,Dumbbell Stiff Deadlift,Soulevé de terre jambes tendues avec haltères,"Em pé, segure halteres e desça o tronco mantendo pernas semiflexionadas.",Stand holding dumbbells and lower your torso keeping legs slightly bent.,"Debout, tenez des haltères et baissez le torse en gardant les jambes semi-fléchies.",hamstrings; glutes; core; erector_spinae,Core (Geral); Eretores da Espinha; Isquiotibiais; Glúteos (Geral),dumbbells,halteres,intermediate,Intermediário,pregnancy,Gravidez,asthma; diabetes; high_blood_pressure; lumbar_hernia; obesity; heart_condition; pregnancy_postpartum,Asma ; Condição Cardíaca ; Diabetes; Hipertensão ; Lombar; Obesidade ; Pós-parto,Casa (com equipamento); Academia,180,,https://drive.google.com/file/d/1uXIwxsSgLdekmDsKMuV5SM8TFKBgVIZx/view?usp=sharing
ex_076,d49d5750-e218-42ad-bc90-75db33002b24,Leg curl com bola suíça,Swiss Ball Leg Curl,Leg curl avec ballon suisse,Deite-se e flexione os joelhos apoiando os pés em uma bola suíça.,Lie down and bend your knees with feet on a Swiss ball.,Allongez-vous et pliez les genoux en posant les pieds sur un ballon suisse.,hamstrings; glutes,Isquiotibiais; Glúteos (Geral),swiss_ball,bola suíça,intermediate,Intermediário,pregnancy,Gravidez,asthma; diabetes; high_blood_pressure; lumbar_hernia; obesity; heart_condition; pregnancy_postpartum,Asma ; Condição Cardíaca ; Diabetes; Hipertensão ; Lombar; Obesidade ; Pós-parto,Casa (com equipamento); Academia,160,,https://drive.google.com/file/d/1M9ydM1Rip-j5vHyWnEf-z6UMRo9cbIJl/view?usp=sharing
ex_077,523a4f00-3114-49a3-8bb6-e2a8ae7007fe,Good morning com elastico,Band Good Morning,Good morning avec élastique,"Em pé, incline o tronco para frente segurando elástico.",Stand and bend your torso forward holding a band.,"Debout, penchez le torse en avant en tenant un élastique.",hamstrings; glutes; core,Core (Geral); Isquiotibiais; Glúteos (Geral),elastic_band_mini_band,faixa elástica/miniband,intermediate,Intermediário,pregnancy,Gravidez,asthma; diabetes; high_blood_pressure; lumbar_hernia; obesity; heart_condition; pregnancy_postpartum,Asma ; Condição Cardíaca ; Diabetes; Hipertensão ; Lombar; Obesidade ; Pós-parto,Casa (com equipamento); Academia,150,,https://drive.google.com/file/d/1ZV05a8pkwPy21EvNZYPhMRwJLwcH71hg/view?usp=sharing
ex_078,23422781-d1e0-4f19-96a9-7bdf7ce5ea16,Mesa flexora,Lying Leg Curl Machine,Machine à ischio-jambiers couchée,Deite-se no aparelho e flexione os joelhos contra a resistência.,Lie on the machine and curl your legs against resistance.,Allongez-vous sur la machine et pliez les jambes contre la résistance.,glutes,Glúteos (Geral),leg_curl,mesa flexora,beginner,Iniciante,none,Nenhuma,none,Nenhuma,Academia,135,,https://drive.google.com/file/d/1e7Ko_ttgDmpuJFk-v4_aG3ZVWYG8WAQ2/view?usp=sharing
ex_079,a1271c1d-89f8-40de-9e88-49c27ab8e7eb,Stiff com barra,Barbell Stiff Deadlift,Soulevé de terre jambes tendues avec barre,"Em pé, segure a barra e desça o tronco mantendo pernas semiflexionadas.",Stand holding a barbell and lower your torso keeping legs slightly bent.,"Debout, tenez une barre et baissez le torse en gardant les jambes semi-fléchies.",glutes,Glúteos (Geral),bar_fixed_bar,barra/barra fixa,advanced,Avançado,pregnancy,Gravidez,asthma; diabetes; high_blood_pressure; lumbar_hernia; obesity; heart_condition; pregnancy_postpartum,Asma ; Condição Cardíaca ; Diabetes; Hipertensão ; Lombar; Obesidade ; Pós-parto,Casa (com equipamento); Academia,200,,https://drive.google.com/file/d/1MZSK8BncCcV_m-mKtLOm-OVxcvUdQFxw/view?usp=sharing
ex_080,d6cad5a1-991a-4a83-b7f7-01effd39939c,Levantamento terra romeno,Romanian Deadlift,Soulevé de terre roumain,"Em pé, segure a barra e desça o tronco projetando o quadril para trás.",Stand holding a barbell and push hips back lowering your torso.,"Debout, tenez une barre et poussez les hanches vers l'arrière en baissant le torse.",hamstrings; glutes; core,Core (Geral); Isquiotibiais; Glúteos (Geral),bar_fixed_bar,barra/barra fixa,advanced,Avançado,pregnancy,Gravidez,asthma; diabetes; high_blood_pressure; lumbar_hernia; obesity; heart_condition; pregnancy_postpartum,Asma ; Condição Cardíaca ; Diabetes; Hipertensão ; Lombar; Obesidade ; Pós-parto,Casa (com equipamento); Academia,210,,https://drive.google.com/file/d/1YDElL45X_-sPFjyBs5GqBKajIcdwLd_V/view?usp=sharing
ex_081,0cda2aa7-4111-4d6d-af9c-3c001325ba6c,Cadeira flexora,Seated Leg Curl Machine,Machine à ischio-jambiers assise,Sente-se no aparelho e flexione os joelhos contra a resistência.,Sit on the machine and curl your legs against resistance.,Asseyez-vous sur la machine et pliez les jambes contre la résistance.,hamstrings; glutes,Isquiotibiais; Glúteos (Geral),leg_curl,mesa flexora,beginner,Iniciante,none,Nenhuma,none,Nenhuma,Academia,145,,https://drive.google.com/file/d/1-bPTlHNzxU-L0KWSkMBAoC2KTjhL6kcl/view?usp=sharing
ex_082,611c5857-ee00-4b0e-99a8-b90844f68578,Kettlebell swing,Kettlebell Swing,Kettlebell swing,Balance o kettlebell de trás para frente até a altura dos ombros.,Swing the kettlebell back and forth up to shoulder height.,Balancez le kettlebell d'avant en arrière jusqu'à la hauteur des épaules.,hamstrings; glutes; quadriceps; core,Core (Geral); Quadríceps; Isquiotibiais; Glúteos (Geral),kettlebell,kettlebell,intermediate,Intermediário,none,Nenhuma,none,Nenhuma,Casa (com equipamento); Academia,220,,https://drive.google.com/file/d/1vxBahjJxuh8_nKjAQa8FVmJELu-U8QXF/view?usp=sharing
ex_083,6544cb32-9eb7-4bbe-ba86-a4d491fcefa3,Deadlift com barra olímpica,Olympic Barbell Deadlift,Soulevé de terre avec barre olympique,Agache e levante a barra olímpica do chão até a posição ereta.,Squat and lift the Olympic barbell from the floor to standing.,Accroupissez-vous et levez la barre olympique du sol à la position debout.,glutes,Glúteos (Geral),bar_fixed_bar,barra/barra fixa,advanced,Avançado,none,Nenhuma,none,Nenhuma,Casa (com equipamento); Academia,230,,https://drive.google.com/file/d/1c2KTEP3Z0vGA0wi9T0_6wbu0Gm76B2yS/view?usp=sharing
ex_084,a0f47a73-fc70-45e6-95b2-97ef41386c0d,Avanço reverso (peso corporal),Reverse Lunge (Bodyweight),Fente arrière (poids du corps),Dê um passo para trás e flexione o joelho mantendo a postura.,Step back and bend your knee while keeping posture.,Faites un pas en arrière et pliez le genou en gardant la posture.,hamstrings; glutes,Isquiotibiais; Glúteos (Geral),none_bodyweight,nenhum (peso do corpo),beginner,Iniciante,none,Nenhuma,none,Nenhuma,Casa (sem equipamento); Casa (com equipamento); Academia; Ar Livre,140,,https://drive.google.com/file/d/1fcKF6R3dN8JqsJn1rDX1Pmi7UgcqChiN/view?usp=sharing
ex_085,57d710dc-68ad-454e-bdbd-7b4e6d8c2517,Avanço reverso com halteres,Reverse Lunge with Dumbbells,Fente arrière avec haltères,"Segure halteres e dê um passo para trás, flexionando o joelho.",Hold dumbbells and step back bending your knee.,Tenez des haltères et faites un pas en arrière en pliant le genou.,hamstrings; glutes; quadriceps; core,Core (Geral); Quadríceps; Isquiotibiais; Glúteos (Geral),dumbbells,halteres,intermediate,Intermediário,none,Nenhuma,none,Nenhuma,Casa (com equipamento); Academia,170,,https://drive.google.com/file/d/11FdM2ssjI27r9OT21Z89tIs-zmo7GrSU/view?usp=sharing
ex_086,cdcb79f0-ad16-40a7-97ff-12c9f271ff82,Deadlift unilateral com halteres,Single-leg Dumbbell Deadlift,Soulevé de terre unilatéral avec haltères,"Com um halter em uma mão, faça o movimento de deadlift em uma perna.",Hold a dumbbell in one hand and perform a deadlift on one leg.,Tenez un haltère d'une main et faites un soulevé de terre sur une jambe.,hamstrings; glutes; quadriceps; core,Core (Geral); Quadríceps; Isquiotibiais; Glúteos (Geral),dumbbells,halteres,intermediate,Intermediário,none,Nenhuma,none,Nenhuma,Casa (com equipamento); Academia,160,,https://drive.google.com/file/d/1zmkzhoXnKhoqoZlUvpMsv_eQSpYM74_i/view?usp=sharing
ex_087,417559b6-f1a8-46ee-bf19-6b71be3ba61f,Mesa flexora,Lying Leg Curl Machine,Machine à ischio-jambiers couchée,Deite-se no aparelho e flexione os joelhos contra a resistência.,Lie on the machine and curl your legs against resistance.,Allongez-vous sur la machine et pliez les jambes contre la résistance.,hamstrings; glutes; core; stabilizers,Músculos Estabilizadores; Core (Geral); Isquiotibiais; Glúteos (Geral),leg_curl,mesa flexora,intermediate,Intermediário,none,Nenhuma,none,Nenhuma,Academia,150,,https://drive.google.com/file/d/1e7Ko_ttgDmpuJFk-v4_aG3ZVWYG8WAQ2/view?usp=sharing
ex_088,f2bb0b4e-5fc5-49b1-badc-c6639f6e56cf,Cadeira flexora unilateral,Single-leg Seated Leg Curl Machine,Machine à ischio-jambiers assise unilatérale,Sente-se no aparelho e flexione uma perna de cada vez.,Sit on the machine and curl one leg at a time.,Asseyez-vous sur la machine et pliez une jambe à la fois.,hamstrings; glutes,Isquiotibiais; Glúteos (Geral),leg_curl,mesa flexora,intermediate,Intermediário,none,Nenhuma,none,Nenhuma,Academia,140,,https://drive.google.com/file/d/1OGrSw2eyfwDD0LiWoVM93JFpcA-b40gh/view?usp=sharing
ex_089,b819eab6-22ea-473f-bd5c-f070c77d5b56,Good morning com barra,Barbell Good Morning,Good morning avec barre,Coloque a barra sobre os ombros e incline o tronco para frente.,Place the barbell on shoulders and bend torso forward.,Placez la barre sur vos épaules et penchez le torse vers l'avant.,hamstrings; glutes,Isquiotibiais; Glúteos (Geral),bar_fixed_bar,barra/barra fixa,advanced,Avançado,pregnancy,Gravidez,asthma; diabetes; high_blood_pressure; lumbar_hernia; obesity; heart_condition; pregnancy_postpartum,Asma ; Condição Cardíaca ; Diabetes; Hipertensão ; Lombar; Obesidade ; Pós-parto,Casa (com equipamento); Academia,170,,https://drive.google.com/file/d/19u_XpuHU_Xh0oGjoR0zKAytwxbgJ7Mvo/view?usp=sharing
ex_090,8eeb79e6-0800-4bbf-bf47-28df4c52f260,Peso morto romeno com halteres,Romanian Deadlift with Dumbbells,Soulevé de terre roumain avec haltères,Segure halteres e desça o tronco projetando o quadril para trás.,Hold dumbbells and push hips back lowering your torso.,Tenez des haltères et poussez les hanches vers l'arrière en baissant le torse.,hamstrings; glutes; core,Core (Geral); Isquiotibiais; Glúteos (Geral),dumbbells,halteres,intermediate,Intermediário,pregnancy,Gravidez,asthma; diabetes; high_blood_pressure; lumbar_hernia; obesity; heart_condition; pregnancy_postpartum,Asma ; Condição Cardíaca ; Diabetes; Hipertensão ; Lombar; Obesidade ; Pós-parto,Casa (com equipamento); Academia,170,,https://drive.google.com/file/d/1dtLxDH-us5U6UFZDHq6K5qVftndDInAR/view?usp=sharing
ex_091,3a3f4f11-e291-494e-9df8-b54fbf863481,Stiff unilateral com peso corporal,Single-leg Stiff Deadlift (Bodyweight),Soulevé de terre jambes tendues unilatéral (poids du corps),"Em pé em uma perna, desça o tronco mantendo equilíbrio.",Stand on one leg and lower your torso keeping balance.,"Debout sur une jambe, baissez le torse en gardant l'équilibre.",hamstrings; glutes; core; erector_spinae,Core (Geral); Eretores da Espinha; Isquiotibiais; Glúteos (Geral),none_bodyweight,nenhum (peso do corpo),intermediate,Intermediário,pregnancy,Gravidez,asthma; diabetes; high_blood_pressure; lumbar_hernia; obesity; heart_condition; pregnancy_postpartum,Asma ; Condição Cardíaca ; Diabetes; Hipertensão ; Lombar; Obesidade ; Pós-parto,Casa (sem equipamento); Casa (com equipamento); Academia; Ar Livre,150,,https://drive.google.com/file/d/1Lqmv0x1Tgkc6DLC7T90bUhAwikgi5j9M/view?usp=sharing
ex_092,cdd08cb8-a30d-4265-a776-bf2f34dffaa8,Stiff unilateral com halteres,Single-leg Stiff Deadlift with Dumbbells,Soulevé de terre jambes tendues unilatéral avec haltères,Segure halteres e faça o stiff apoiando-se em uma perna.,Hold dumbbells and perform stiff while balancing on one leg.,Tenez des haltères et effectuez un stiff en vous tenant sur une jambe.,hamstrings; glutes; core; erector_spinae,Core (Geral); Eretores da Espinha; Isquiotibiais; Glúteos (Geral),dumbbells,halteres,intermediate,Intermediário,pregnancy,Gravidez,asthma; diabetes; high_blood_pressure; lumbar_hernia; obesity; heart_condition; pregnancy_postpartum,Asma ; Condição Cardíaca ; Diabetes; Hipertensão ; Lombar; Obesidade ; Pós-parto,Casa (com equipamento); Academia,170,,https://drive.google.com/file/d/1p7vs2eA5NZ1MrebmOijKj5Ctf-bUuRrN/view?usp=sharing
ex_093,b80136ad-0fbc-4a84-b951-504432d2d311,Elevação de panturrilha no chão,Standing Calf Raise,Élévation de mollets au sol,"Eleve os calcanhares do chão em pé, mantendo os joelhos estendidos.","Calf raises on the floor, lift your heels while keeping knees extended.","Élévations de mollets au sol, levez les talons en gardant les genoux tendus.",calves,Panturrilhas,none_bodyweight,nenhum (peso do corpo),beginner,Iniciante,none,Nenhuma,asthma; diabetes; high_blood_pressure; obesity; heart_condition,Asma ; Condição Cardíaca ; Diabetes; Hipertensão ; Obesidade ,Casa (sem equipamento); Casa (com equipamento); Academia; Ar Livre,100,,https://drive.google.com/file/d/1HsIFAItpWDwOEpdM8MLF6WFYza4iPydF/view?usp=sharing
ex_094,64393b0b-cb66-46b2-a561-e4f9aed99586,Elevação unilateral de panturrilha,Single-Leg Calf Raise,Élévation de mollets sur une jambe,"Eleve o calcanhar de uma perna por vez, mantendo o equilíbrio.","Single-leg calf raises, lift one heel at a time while keeping balance.","Élévations de mollets unilatérales, levez un talon à la fois en gardant l’équilibre.",calves; core; stabilizers,Músculos Estabilizadores; Core (Geral); Panturrilhas,none_bodyweight,nenhum (peso do corpo),intermediate,Intermediário,none,Nenhuma,asthma; diabetes; high_blood_pressure; obesity; heart_condition,Asma ; Condição Cardíaca ; Diabetes; Hipertensão ; Obesidade ,Casa (sem equipamento); Casa (com equipamento); Academia; Ar Livre,110,,https://drive.google.com/file/d/1HHiWU6jfiXctCKvYO0WjRqMELAzUvVUI/view?usp=sharing
ex_095,d216723b-0478-4228-88db-0db949df670f,Elevação de panturrilha com halteres,Dumbbell Calf Raise,Élévation de mollets avec haltères,Segure halteres nas mãos e eleve os calcanhares do chão.,"Calf raises with dumbbells, hold dumbbells and lift your heels.","Élévations de mollets avec haltères, tenez des haltères et levez les talons.",calves; glutes; core,Core (Geral); Glúteos (Geral); Panturrilhas,dumbbells,halteres,intermediate,Intermediário,none,Nenhuma,asthma; diabetes; high_blood_pressure; obesity; heart_condition,Asma ; Condição Cardíaca ; Diabetes; Hipertensão ; Obesidade ,Casa (com equipamento); Academia,120,,https://drive.google.com/file/d/1HsIFAItpWDwOEpdM8MLF6WFYza4iPydF/view?usp=sharing
ex_096,ed06d6a9-205e-402c-a723-64ff6388208b,Elevação de panturrilha em pé na máquina,Standing Calf Raise Machine,Élévation de mollets à la machine debout,Apoie os ombros na máquina e eleve os calcanhares lentamente.,"Standing calf raises on machine, place shoulders under pads and lift heels.","Élévations de mollets debout à la machine, placez les épaules sous les coussinets et levez les talons.",calves; glutes,Glúteos (Geral); Panturrilhas,calf_raise_machine,Máquina de panturrilha,intermediate,Intermediário,none,Nenhuma,asthma; diabetes; high_blood_pressure; obesity; heart_condition,Asma ; Condição Cardíaca ; Diabetes; Hipertensão ; Obesidade ,Academia,140,,
ex_097,69182a10-6814-4dfc-a7ab-8009a9f3736d,Panturrilha sentado na máquina,Seated Calf Raise Machine,Élévation de mollets assis à la machine,Sente-se na máquina com pesos sobre as coxas e eleve os calcanhares.,"Seated calf raises on machine, sit with weight on thighs and lift heels.","Élévations de mollets assis à la machine, asseyez-vous avec le poids sur les cuisses et levez les talons.",calves; glutes,Glúteos (Geral); Panturrilhas,calf_raise_machine,Máquina de panturrilha,intermediate,Intermediário,none,Nenhuma,asthma; diabetes; high_blood_pressure; obesity; heart_condition,Asma ; Condição Cardíaca ; Diabetes; Hipertensão ; Obesidade ,Academia,130,,https://drive.google.com/file/d/1THsiEfutqRmeWhiW50WBQD481g_q-kzr/view?usp=sharing
ex_098,c73dd261-0fcb-48a8-bd80-74f3dc9d24eb,Panturrilha no leg press 45,45-Degree Leg Press Calf Raise,Mollets au leg press 45°,"No leg press, apoie apenas a ponta dos pés na plataforma e empurre.","Calf raises on 45-degree leg press, push with only toes on platform.","Mollets à la presse à 45 degrés, poussez avec seulement les orteils sur la plateforme.",calves,Panturrilhas,leg_press,leg press,advanced,Avançado,none,Nenhuma,asthma; diabetes; high_blood_pressure; obesity; heart_condition; shoulder_pain,Asma ; Condição Cardíaca ; Diabetes; Hipertensão ; Obesidade ; Ombro,Academia,135,,https://drive.google.com/file/d/1fx99yzQ83Sn86nwf5ahUk4VLPPRk3Lmd/view?usp=sharing
ex_099,8b20db91-fa19-49b9-bf10-7fde0069ccc7,Corrida no lugar em ponta dos pés,Tiptoe Running in Place,Course sur place sur la pointe des pieds,Corra no lugar mantendo-se na ponta dos pés.,"Run in place on your tiptoes, keeping heels off the floor.","Courez sur place sur la pointe des pieds, en gardant les talons levés.",calves,Panturrilhas,none_bodyweight,nenhum (peso do corpo),intermediate,Intermediário,none,Nenhuma,none,Nenhuma,Casa (sem equipamento); Casa (com equipamento); Academia; Ar Livre,220,,https://drive.google.com/file/d/1-L7uqo6_AjAITZyfYAVRc5DaXCzi9pYS/view?usp=sharing
ex_100,322acf67-9890-4fc0-acd0-5f6a13a9a899,Panturrilha no step com pausa isométrica,Step Calf Raise with Isometric Hold,Mollets sur step avec pause isométrique,"Fique na ponta dos pés no step, faça pausa antes de descer.","Calf raises on step with isometric hold, pause at top before lowering.","Élévations de mollets sur step avec pause isométrique, marquez une pause avant de redescendre.",calves; core; stabilizers,Músculos Estabilizadores; Core (Geral); Panturrilhas,step; bench,step; banco,intermediate,Intermediário,none,Nenhuma,asthma; diabetes; high_blood_pressure; obesity; heart_condition,Asma ; Condição Cardíaca ; Diabetes; Hipertensão ; Obesidade ,Casa (com equipamento); Academia,110,,https://drive.google.com/file/d/10H8i2RvPOlZ0tYVAU7YnLmIiYw3tQORu/view?usp=sharing
ex_101,95ab55e6-6faa-4564-ae36-bcca49213fbd,Panturrilha no Leg Press,Leg Press Calf Raise,Mollets au leg press,Apoie apenas a ponta dos pés na plataforma e empurre para cima.,"Calf raises on leg press, press upward with only toes on platform.","Mollets à la presse, poussez vers le haut avec seulement les orteils sur la plateforme.",calves; hamstrings,Isquiotibiais; Panturrilhas,leg_press,leg press,intermediate,Intermediário,none,Nenhuma,asthma; diabetes; high_blood_pressure; obesity; heart_condition; shoulder_pain,Asma ; Condição Cardíaca ; Diabetes; Hipertensão ; Obesidade ; Ombro,Academia,130,,https://drive.google.com/file/d/1wdp3r15JacRmg_Rd61R90DxYfLApW3YY/view?usp=sharing
ex_102,9b827661-d3ce-4e98-8f6a-f9362702085f,Elevação de panturrilha no Smith,Smith Machine Calf Raise,Élévation de mollets à la Smith machine,"No Smith Machine, posicione os pés no chão ou step e eleve os calcanhares.","Calf raises on Smith machine, place feet on floor or step and lift heels.","Élévations de mollets au Smith machine, placez les pieds au sol ou sur step et levez les talons.",calves; glutes; core,Core (Geral); Glúteos (Geral); Panturrilhas,smith_machine,barra guiada (smith),advanced,Avançado,none,Nenhuma,asthma; diabetes; high_blood_pressure; obesity; heart_condition,Asma ; Condição Cardíaca ; Diabetes; Hipertensão ; Obesidade ,Academia,140,,https://drive.google.com/file/d/1TP8JlAmdlRdHJnmzDULHZCTqx9maBQgN/view?usp=sharing
ex_103,b32d627d-2783-4215-8156-36de352bacd7,Pular corda,Jump Rope,Corde à sauter,"Salte com a corda, permanecendo na ponta dos pés.","Jump rope, stay on your tiptoes while jumping.","Sautez à la corde, restez sur la pointe des pieds en sautant.",calves; core; hamstrings,Core (Geral); Isquiotibiais; Panturrilhas,jump_rope,corda de pular,intermediate,Intermediário,none,Nenhuma,none,Nenhuma,Casa (com equipamento); Academia,250,,https://drive.google.com/file/d/1yWUccxuKLNtL_XcoWsnsvmV3YMny0qth/view?usp=sharing
ex_104,a3be2877-405c-4ddc-9119-bb2ac9504a9a,Corrida em inclinação (esteira inclinada),Incline Treadmill Running on Toes,Course inclinée (tapis incliné),"Corra na esteira inclinada, focando em manter-se na ponta dos pés.","Incline treadmill running, stay on your tiptoes while running.","Course sur tapis incliné, restez sur la pointe des pieds en courant.",calves; glutes; hamstrings,Isquiotibiais; Glúteos (Geral); Panturrilhas,treadmill,esteira,intermediate,Intermediário,none,Nenhuma,none,Nenhuma,Academia,280,,https://drive.google.com/file/d/1jaQf3slyG0siP-HuQtET_1t9r0LqrVSY/view?usp=sharing
ex_105,3fd57923-0e69-4f1a-8cb9-7716d00c4445,Abdominal tradicional,Traditional Crunch,Abdominaux traditionnels,"Deite-se de costas, flexione os joelhos e eleve o tronco.","Lie on your back, bend your knees and lift your torso.","Allongez-vous sur le dos, pliez les genoux et soulevez le torse.",rectus_abdominis; core,Core (Geral); Reto Abdominal,none_bodyweight,nenhum (peso do corpo),beginner,Iniciante,pregnancy,Gravidez,asthma; diabetes; high_blood_pressure; cervical_hernia; obesity; heart_condition; pregnancy_postpartum,Asma ; Condição Cardíaca ; Diabetes; Hérnia Cervical; Hipertensão ; Obesidade ; Pescoço; Pós-parto,Casa (sem equipamento); Casa (com equipamento); Academia; Ar Livre,110,,https://drive.google.com/file/d/1B9jF2-2sNmwyQL4kQaztTEfF3oZUuHGB/view?usp=sharing
ex_106,8318c5f8-386b-4b85-ae45-ff62a66c56c6,Abdominal bicicleta,Bicycle Crunch,Abdominaux vélo,"Deite-se de costas, pedale no ar levando o cotovelo ao joelho oposto.","Lie on your back, pedal in the air bringing your elbow to the opposite knee.","Allongez-vous sur le dos, pédalez en l'air en amenant le coude vers le genou opposé.",rectus_abdominis; obliques; hip_flexors,Reto Abdominal; Oblíquos; Flexores do Quadril,none_bodyweight,nenhum (peso do corpo),intermediate,Intermediário,pregnancy,Gravidez,asthma; diabetes; high_blood_pressure; cervical_hernia; obesity; heart_condition; pregnancy_postpartum,Asma ; Condição Cardíaca ; Diabetes; Hérnia Cervical; Hipertensão ; Obesidade ; Pescoço; Pós-parto,Casa (sem equipamento); Casa (com equipamento); Academia; Ar Livre,140,,https://drive.google.com/file/d/1OvX334GvSAfa-hD08AeVxLSjvRVsQqEL/view?usp=sharing
ex_107,79868ef3-4717-4225-a5cf-e7af862562d8,Prancha frontal,Front Plank,Planche frontale,"Apoie os antebraços no chão, mantenha o corpo alinhado e abdômen contraído.","Place forearms on the floor, keep your body aligned and core engaged.","Placez les avant-bras au sol, gardez le corps aligné et les abdominaux contractés.",core; rectus_abdominis; glutes; erector_spinae,Core (Geral); Reto Abdominal; Eretores da Espinha; Glúteos (Geral),none_bodyweight,nenhum (peso do corpo),beginner,Iniciante,pregnancy,Gravidez,asthma; diabetes; high_blood_pressure; obesity; heart_condition; pregnancy_postpartum,Asma ; Condição Cardíaca ; Diabetes; Hipertensão ; Obesidade ; Pós-parto,Casa (sem equipamento); Casa (com equipamento); Academia; Ar Livre,120,,https://drive.google.com/file/d/1CS_05AY4t6GX4Za63zWh91vbb9UUjwVr/view?usp=sharing
ex_108,1ea3b1eb-431e-43e4-adfc-51ff5df07ce3,Prancha lateral,Side Plank,Planche latérale,"Deite-se de lado, apoie o antebraço no chão e mantenha o corpo reto.","Lie on your side, support yourself on your forearm and keep your body straight.","Allongez-vous sur le côté, appuyez-vous sur l'avant-bras et gardez le corps droit.",obliques; core; glutes,Core (Geral); Oblíquos; Glúteos (Geral),none_bodyweight,nenhum (peso do corpo),intermediate,Intermediário,pregnancy,Gravidez,asthma; diabetes; high_blood_pressure; obesity; heart_condition; pregnancy_postpartum,Asma ; Condição Cardíaca ; Diabetes; Hipertensão ; Obesidade ; Pós-parto,Casa (sem equipamento); Casa (com equipamento); Academia; Ar Livre,125,,https://drive.google.com/file/d/1oicg1X5uTgiEvd0rpgPVtibkfj-ikcVJ/view?usp=sharing
ex_109,3053c209-dd2d-4507-b3b4-088e7def46be,Elevação de pernas deitado,Lying Leg Raise,Élévation de jambes allongé,Deite-se de costas e eleve as pernas estendidas para cima.,Lie on your back and lift your straight legs upward.,Allongez-vous sur le dos et levez les jambes tendues vers le haut.,hip_flexors,Flexores do Quadril,none_bodyweight,nenhum (peso do corpo),intermediate,Intermediário,pregnancy,Gravidez,asthma; diabetes; high_blood_pressure; lumbar_hernia; obesity; heart_condition; pregnancy_postpartum,Asma ; Condição Cardíaca ; Diabetes; Hipertensão ; Lombar; Obesidade ; Pós-parto,Casa (sem equipamento); Casa (com equipamento); Academia; Ar Livre,135,,https://drive.google.com/file/d/1TdxZQaSmuLMcQ_VwAeoFmxXkxhIUIu_N/view?usp=sharing
ex_110,0a54c16f-804e-4d89-94f0-5608dcc9be58,Prancha com miniband,Plank with Mini Band,Planche avec minibande,Mantenha posição de prancha com miniband presa nas pernas.,Hold plank position with a mini band around your legs.,Maintenez la planche avec une minibande autour des jambes.,core; rectus_abdominis; glutes; erector_spinae,Core (Geral); Reto Abdominal; Eretores da Espinha; Glúteos (Geral),elastic_band_mini_band,faixa elástica/miniband,intermediate,Intermediário,pregnancy,Gravidez,asthma; diabetes; high_blood_pressure; obesity; heart_condition; pregnancy_postpartum,Asma ; Condição Cardíaca ; Diabetes; Hipertensão ; Obesidade ; Pós-parto,Casa (com equipamento); Academia,140,,https://drive.google.com/file/d/1TUR2MdqVoTA1fY1K252vSe6wDFeqSOkD/view?usp=sharing
ex_111,c9c26b47-a74f-4b26-84c2-fcd81403aebf,Abdominal com peso (halter ou kettlebell),Weighted Crunch (Dumbbell or Kettlebell),Abdominaux avec charge (haltère ou kettlebell),Realize o abdominal segurando halter ou kettlebell sobre o peito.,Perform crunch holding a dumbbell or kettlebell over your chest.,Faites des abdominaux en tenant un haltère ou kettlebell sur la poitrine.,rectus_abdominis; core,Core (Geral); Reto Abdominal,dumbbells; kettlebell,halteres; kettlebell,intermediate,Intermediário,pregnancy,Gravidez,asthma; diabetes; high_blood_pressure; cervical_hernia; obesity; heart_condition; pregnancy_postpartum,Asma ; Condição Cardíaca ; Diabetes; Hérnia Cervical; Hipertensão ; Obesidade ; Pescoço; Pós-parto,Casa (com equipamento); Academia,150,,https://drive.google.com/file/d/1x4qIZVTYsfxnusipPFFmA6CTKtstrAYi/view?usp=sharing
ex_112,f6a3b244-6614-44eb-84af-34f7e8ac7d37,Russian twist com peso,Weighted Russian Twist,Twist russe avec poids,"Sente-se, gire o tronco segurando peso de um lado para o outro.","Sit down, twist your torso holding weight side to side.","Asseyez-vous, tournez le torse en tenant un poids de chaque côté.",obliques; rectus_abdominis; erector_spinae,Reto Abdominal; Oblíquos; Eretores da Espinha,dumbbells; kettlebell,halteres; kettlebell,intermediate,Intermediário,none,Nenhuma,none,Nenhuma,Casa (com equipamento); Academia,160,,https://drive.google.com/file/d/14UH2-ZO6iCmQCejTZyPPgmQPx2tRLcyz/view?usp=sharing
ex_113,96c8a54e-b91c-4b5e-9dad-b870e8b2036f,Abdominal na máquina,Machine Crunch,Abdominaux à la machine,Use a máquina para realizar a flexão de tronco contra resistência.,Use the machine to perform torso flexion against resistance.,Utilisez la machine pour fléchir le torse contre résistance.,rectus_abdominis; core,Core (Geral); Reto Abdominal,ab_wheel,roda abdominal,intermediate,Intermediário,pregnancy,Gravidez,asthma; diabetes; high_blood_pressure; cervical_hernia; obesity; heart_condition; pregnancy_postpartum,Asma ; Condição Cardíaca ; Diabetes; Hérnia Cervical; Hipertensão ; Obesidade ; Pescoço; Pós-parto,Casa (com equipamento); Academia,145,,https://drive.google.com/file/d/1OXh4SGCZ4aoLbUbAksJnMZF4Lkqim5Y0/view?usp=sharing
ex_114,689bb0f6-b019-4592-8843-3da2b6bff752,V-up,V-up,V-up,"Deite-se de costas, eleve simultaneamente tronco e pernas formando um V.","Lie on your back, lift torso and legs together forming a V.","Allongez-vous sur le dos, soulevez le torse et les jambes en formant un V.",rectus_abdominis; core,Core (Geral); Reto Abdominal,none_bodyweight,nenhum (peso do corpo),advanced,Avançado,pregnancy,Gravidez,asthma; diabetes; high_blood_pressure; lumbar_hernia; obesity; heart_condition; pregnancy_postpartum,Asma ; Condição Cardíaca ; Diabetes; Hipertensão ; Lombar; Obesidade ; Pós-parto,Casa (sem equipamento); Casa (com equipamento); Academia; Ar Livre,170,,https://drive.google.com/file/d/1qg943CWC2KmDw2pExYMsSitKnnGkAjeD/view?usp=sharing
ex_115,c3e9b67e-6e1b-433e-bfb6-6fc8ea3311d5,Sit-up com bola medicinal,Sit-up with Medicine Ball,Relevé de buste avec ballon médicinal,Deite-se e realize o sit-up segurando bola medicinal.,Lie down and perform a sit-up holding a medicine ball.,Allongez-vous et faites un sit-up en tenant un ballon médicinal.,rectus_abdominis; core,Core (Geral); Reto Abdominal,medicine_ball,medicine ball,intermediate,Intermediário,pregnancy,Gravidez,asthma; diabetes; high_blood_pressure; cervical_hernia; obesity; heart_condition; pregnancy_postpartum,Asma ; Condição Cardíaca ; Diabetes; Hérnia Cervical; Hipertensão ; Obesidade ; Pescoço; Pós-parto,Casa (com equipamento); Academia,160,,https://drive.google.com/file/d/1b5h-7geE_4GXm40IEa9W7uQ-vdva4Zbz/view?usp=sharing
ex_116,c1759e2e-879e-41d6-a2a8-5212eb92f65d,V-up unilateral,Single-leg V-up,V-up une jambe,"Deite-se de costas, suba o tronco e apenas uma perna de cada vez.","Lie on your back, raise your torso and one leg at a time.","Allongez-vous sur le dos, soulevez le torse et une jambe à la fois.",rectus_abdominis; obliques; hip_flexors,Reto Abdominal; Oblíquos; Flexores do Quadril,none_bodyweight,nenhum (peso do corpo),intermediate,Intermediário,pregnancy,Gravidez,asthma; diabetes; high_blood_pressure; lumbar_hernia; obesity; heart_condition; pregnancy_postpartum,Asma ; Condição Cardíaca ; Diabetes; Hipertensão ; Lombar; Obesidade ; Pós-parto,Casa (sem equipamento); Casa (com equipamento); Academia; Ar Livre,135,,https://drive.google.com/file/d/1A2wK26bJ29AfyFyjQJVR574nDge6h4sf/view?usp=sharing
ex_117,3eb33ab5-e6e0-4591-9714-340be256d471,Mountain climber crossbody,Crossbody Mountain Climber,Mountain climber croisé,"Em posição de prancha, traga os joelhos cruzando em direção ao cotovelo oposto.","In plank position, bring knees across toward opposite elbow.","En position de planche, amenez les genoux croisés vers le coude opposé.",shoulders; core,Core (Geral); Ombros (Geral),none_bodyweight,nenhum (peso do corpo),intermediate,Intermediário,pregnancy,Gravidez,asthma; diabetes; high_blood_pressure; obesity; heart_condition; pregnancy_postpartum,Asma ; Condição Cardíaca ; Diabetes; Hipertensão ; Obesidade ; Pós-parto,Casa (sem equipamento); Casa (com equipamento); Academia; Ar Livre,180,,https://drive.google.com/file/d/1gAHlG5VlVWT4LTZzlBbpArJtDMz96aJd/view?usp=sharing
ex_118,7f5f2c09-d28f-412f-8ffc-27e2f0478d5e,Prancha com toque no ombro,Plank Shoulder Tap,Planche avec touche d'épaule,"Na prancha, toque alternadamente cada ombro com a mão oposta.","In plank, alternately tap each shoulder with the opposite hand.","En planche, touchez alternativement chaque épaule avec la main opposée.",core; glutes; obliques,Core (Geral); Oblíquos; Glúteos (Geral),none_bodyweight,nenhum (peso do corpo),intermediate,Intermediário,pregnancy,Gravidez,asthma; diabetes; high_blood_pressure; obesity; heart_condition; pregnancy_postpartum,Asma ; Condição Cardíaca ; Diabetes; Hipertensão ; Obesidade ; Pós-parto,Casa (sem equipamento); Casa (com equipamento); Academia; Ar Livre,150,,https://drive.google.com/file/d/1j0n5CWjde7xS4z3Wjd2V0eDiVDyiaHCJ/view?usp=sharing
ex_119,20507793-a77c-4dd9-b226-db7c65a4ea8f,Abdominal remador,Sit-up Row,Abdominaux rameur,"Deite-se e suba o tronco puxando os joelhos em direção ao peito, como um remador.",Lie down and lift torso pulling knees toward chest like rowing.,Allongez-vous et soulevez le torse en ramenant les genoux vers la poitrine comme un rameur.,rectus_abdominis; hip_flexors; core,Core (Geral); Reto Abdominal; Flexores do Quadril,none_bodyweight,nenhum (peso do corpo),intermediate,Intermediário,pregnancy,Gravidez,asthma; diabetes; high_blood_pressure; cervical_hernia; obesity; heart_condition; pregnancy_postpartum,Asma ; Condição Cardíaca ; Diabetes; Hérnia Cervical; Hipertensão ; Obesidade ; Pescoço; Pós-parto,Casa (sem equipamento); Casa (com equipamento); Academia; Ar Livre,145,,https://drive.google.com/file/d/1ZXsHt7iPx0MxuAlmQlLBDgf5GXx0Jsig/view?usp=sharing
ex_120,02d2233c-1f1c-493d-9b89-421fcb593546,Prancha com elevação de perna,Plank with Leg Lift,Planche avec élévation de jambe,"Na prancha, eleve alternadamente uma perna mantendo o corpo firme.","In plank, lift one leg at a time keeping the body steady.","En planche, levez une jambe à la fois en gardant le corps stable.",core; glutes; erector_spinae,Core (Geral); Eretores da Espinha; Glúteos (Geral),none_bodyweight,nenhum (peso do corpo),intermediate,Intermediário,pregnancy,Gravidez,asthma; diabetes; high_blood_pressure; obesity; heart_condition; pregnancy_postpartum,Asma ; Condição Cardíaca ; Diabetes; Hipertensão ; Obesidade ; Pós-parto,Casa (sem equipamento); Casa (com equipamento); Academia; Ar Livre,130,,https://drive.google.com/file/d/1DFcTHQtZkpx2clDJfCSLLXDlqXXnhtDS/view?usp=sharing
ex_121,5d7cb762-8bb3-4542-b693-9d2b7b99cc49,Hollow hold (posição de barco),Hollow Hold (Boat Position),Hollow hold (position du bateau),"Deite-se de costas, mantenha braços e pernas estendidos próximos ao chão.","Lie on your back, hold arms and legs extended close to the floor.","Allongez-vous sur le dos, gardez les bras et jambes tendus près du sol.",rectus_abdominis; core,Core (Geral); Reto Abdominal,none_bodyweight,nenhum (peso do corpo),intermediate,Intermediário,pregnancy,Gravidez,asthma; diabetes; high_blood_pressure; obesity; heart_condition; pregnancy_postpartum,Asma ; Condição Cardíaca ; Diabetes; Hipertensão ; Obesidade ; Pós-parto,Casa (sem equipamento); Casa (com equipamento); Academia; Ar Livre,120,,https://drive.google.com/file/d/16HNV2qPvSq4D6fl-U2EUGM_mhf2w1MF_/view?usp=sharing
ex_122,875ae620-071e-4c24-851a-6c70a959c31d,Abdomina biciletal com miniband nos pés,Bicycle Crunch with Mini Band on Feet,Abdominaux vélo avec minibande aux pieds,Faça o movimento da bicicleta usando miniband presa nos pés.,Perform bicycle movement with a mini band around your feet.,Faites le mouvement du vélo avec une minibande autour des pieds.,rectus_abdominis; hip_flexors,Reto Abdominal; Flexores do Quadril,elastic_band_mini_band,faixa elástica/miniband,intermediate,Intermediário,pregnancy,Gravidez,asthma; diabetes; high_blood_pressure; cervical_hernia; obesity; heart_condition; pregnancy_postpartum,Asma ; Condição Cardíaca ; Diabetes; Hérnia Cervical; Hipertensão ; Obesidade ; Pescoço; Pós-parto,Casa (com equipamento); Academia,135,,https://drive.google.com/file/d/1I1Z6mmIoAY615QphFS0_3FT2Kfb0nwF_/view?usp=sharing
ex_123,52d7ff46-3d4e-4a85-92cd-a3bd01e93c38,Abdominal L-sit,L-sit Hold,L-sit,Sente-se apoiando as mãos no chão e mantenha as pernas estendidas suspensas.,Sit supporting hands on floor and hold legs extended off the ground.,Asseyez-vous en appui sur les mains et gardez les jambes tendues en l'air.,rectus_abdominis; core,Core (Geral); Reto Abdominal,bar_fixed_bar,barra/barra fixa,intermediate,Intermediário,pregnancy,Gravidez,asthma; diabetes; high_blood_pressure; cervical_hernia; obesity; heart_condition; pregnancy_postpartum,Asma ; Condição Cardíaca ; Diabetes; Hérnia Cervical; Hipertensão ; Obesidade ; Pescoço; Pós-parto,Casa (com equipamento); Academia,140,,https://drive.google.com/file/d/1r3IQ39dBbniR_KgvbYwbocYlNc9t3LPk/view?usp=sharing
ex_124,237049de-ea9b-49ac-90b6-930ea95e91dc,Prancha com elástico,Plank with Band,Planche avec bande,"Na prancha, utilize elástico para criar resistência no abdômen.","In plank, use a band to create resistance in the core.","En planche, utilisez une bande pour créer de la résistance sur les abdominaux.",core; shoulders; glutes,Core (Geral); Ombros (Geral); Glúteos (Geral),elastic_band_mini_band,faixa elástica/miniband,intermediate,Intermediário,pregnancy,Gravidez,asthma; diabetes; high_blood_pressure; obesity; heart_condition; pregnancy_postpartum,Asma ; Condição Cardíaca ; Diabetes; Hipertensão ; Obesidade ; Pós-parto,Casa (com equipamento); Academia,145,,https://drive.google.com/file/d/1TUR2MdqVoTA1fY1K252vSe6wDFeqSOkD/view?usp=sharing
ex_125,bd5adfd3-361c-4a2f-8f46-0c840b97a8a0,Sit-up com as pernas elevadas,Sit-up with Legs Raised,Relevé de buste jambes levées,"Deite-se, mantenha pernas elevadas e realize o sit-up.","Lie down, keep legs raised and perform a sit-up.","Allongez-vous, gardez les jambes levées et faites un sit-up.",rectus_abdominis; hip_flexors; core,Core (Geral); Reto Abdominal; Flexores do Quadril,none_bodyweight,nenhum (peso do corpo),intermediate,Intermediário,pregnancy,Gravidez,asthma; diabetes; high_blood_pressure; cervical_hernia; obesity; heart_condition; pregnancy_postpartum,Asma ; Condição Cardíaca ; Diabetes; Hérnia Cervical; Hipertensão ; Obesidade ; Pescoço; Pós-parto,Casa (sem equipamento); Casa (com equipamento); Academia; Ar Livre,140,,https://drive.google.com/file/d/1mbmeIa3QTEFayxEPMngUZ5x0_QxrfUkD/view?usp=sharing
ex_126,6bb7d1ac-016f-4207-9695-c96d0937bc41,Sit-up com as pernas elevadas com peso,Weighted Sit-up with Legs Raised,Relevé de buste jambes levées avec charge,"Deite-se, pernas elevadas, execute o sit-up segurando peso.","Lie down, legs raised, perform sit-up holding weight.","Allongez-vous, jambes levées, faites un sit-up avec un poids.",rectus_abdominis; hip_flexors; core,Core (Geral); Reto Abdominal; Flexores do Quadril,dumbbells; kettlebell,halteres; kettlebell,intermediate,Intermediário,pregnancy,Gravidez,asthma; diabetes; high_blood_pressure; cervical_hernia; obesity; heart_condition; pregnancy_postpartum,Asma ; Condição Cardíaca ; Diabetes; Hérnia Cervical; Hipertensão ; Obesidade ; Pescoço; Pós-parto,Casa (com equipamento); Academia,155,,https://drive.google.com/file/d/1mbmeIa3QTEFayxEPMngUZ5x0_QxrfUkD/view?usp=sharing
ex_127,92274aed-67ca-4971-9fdc-d4c9f48f7764,Remador,Row Sit-up,Abdominaux rameur,Deite-se e suba o tronco puxando joelhos e braços juntos como um remador.,Lie down and lift torso pulling knees and arms together like rowing.,Allongez-vous et soulevez le torse en ramenant genoux et bras comme un rameur.,rectus_abdominis; hip_flexors; core,Core (Geral); Reto Abdominal; Flexores do Quadril,none_bodyweight,nenhum (peso do corpo),advanced,Avançado,none,Nenhuma,none,Nenhuma,Casa (sem equipamento); Casa (com equipamento); Academia; Ar Livre,150,,https://drive.google.com/file/d/158uEEM16eEUlMM5FiAuKicnd7H2rAaXK/view?usp=sharing
ex_128,6b1781b3-fdd1-4a79-b141-0a3c97b461ec,Joelho no peito na barra,Hanging Knee Raise,Élévation des genoux à la barre,Suspenda-se na barra e eleve os joelhos ao peito.,Hang on the bar and lift your knees to your chest.,Suspendez-vous à la barre et ramenez les genoux à la poitrine.,hip_flexors; core,Core (Geral); Flexores do Quadril,bar_fixed_bar,barra/barra fixa,intermediate,Intermediário,none,Nenhuma,none,Nenhuma,Casa (com equipamento); Academia,160,,https://drive.google.com/file/d/169LVDWiKqfLQbLTaFbvjbLDaPL_8qdq9/view?usp=sharing
ex_129,c68e72bd-bcd3-4cdb-894c-1b71ef3b389f,Joelho no peito na máquina,Machine Knee Raise,Élévation des genoux à la machine,"Na máquina, eleve os joelhos em direção ao peito.","On the machine, lift your knees toward your chest.","À la machine, ramenez les genoux vers la poitrine.",hip_flexors,Flexores do Quadril,ab_wheel,roda abdominal,intermediate,Intermediário,none,Nenhuma,none,Nenhuma,Casa (com equipamento); Academia,140,,https://drive.google.com/file/d/19u3p5o8vWzNC87EAXKFrb2-vEMoCqM7G/view?usp=sharing
ex_130,19dba205-a8bd-4597-88fc-efed5797d037,GHD Sit-up,GHD Sit-up,GHD Sit-up,"Na máquina GHD, realize o movimento completo de sit-up.","On the GHD machine, perform a full sit-up motion.","Sur la machine GHD, effectuez un sit-up complet.",rectus_abdominis; hip_flexors; core; erector_spinae,Core (Geral); Reto Abdominal; Eretores da Espinha; Flexores do Quadril,hyperextension_bench,Banco de hiperextensão,advanced,Avançado,pregnancy,Gravidez,asthma; diabetes; high_blood_pressure; cervical_hernia; obesity; heart_condition; pregnancy_postpartum,Asma ; Condição Cardíaca ; Diabetes; Hérnia Cervical; Hipertensão ; Obesidade ; Pescoço; Pós-parto,Academia,170,,https://drive.google.com/file/d/1kEvCxVmSVMcMjoFGEKsGtBGBqG6_NVyG/view?usp=sharing
ex_131,233a7784-cd6a-4bb7-8059-2722be730de1,Abdominal declinado no banco,Decline Sit-up,Abdominaux sur banc décliné,Deite-se em banco declinado e realize o sit-up.,Lie on a decline bench and perform a sit-up.,Allongez-vous sur un banc décliné et faites un sit-up.,rectus_abdominis; hip_flexors; core,Core (Geral); Reto Abdominal; Flexores do Quadril,bench,banco,intermediate,Intermediário,pregnancy,Gravidez,asthma; diabetes; high_blood_pressure; cervical_hernia; obesity; heart_condition; pregnancy_postpartum,Asma ; Condição Cardíaca ; Diabetes; Hérnia Cervical; Hipertensão ; Obesidade ; Pescoço; Pós-parto,Casa (com equipamento); Academia,150,,https://drive.google.com/file/d/1Qsuk9mwBuKw9ygfER_JURVWPHJotfVyW/view?usp=sharing
ex_132,96277201-830e-4b00-96ee-e3b3ac5dde92,Abdominal declinado no banco com peso,Weighted Decline Sit-up,Abdominaux sur banc décliné avec charge,"No banco declinado, faça o sit-up segurando peso.","On a decline bench, do sit-up holding weight.","Sur un banc décliné, faites un sit-up avec un poids.",rectus_abdominis; core; hip_flexors; arms,Core (Geral); Reto Abdominal; Braços (Geral); Flexores do Quadril,none_bodyweight,nenhum (peso do corpo),advanced,Avançado,pregnancy,Gravidez,asthma; diabetes; high_blood_pressure; cervical_hernia; obesity; heart_condition; pregnancy_postpartum,Asma ; Condição Cardíaca ; Diabetes; Hérnia Cervical; Hipertensão ; Obesidade ; Pescoço; Pós-parto,Casa (sem equipamento); Casa (com equipamento); Academia; Ar Livre,170,,https://drive.google.com/file/d/1PxmrJXCXntn5ZE7F6BRXXEKKKFJX1W6g/view?usp=sharing
ex_133,f9e5d8cf-893a-4cdb-9af7-5f9f35162872,Abdominal Reloginho,Clockwork Abs,Abdominaux horloge,Deite-se e realize movimentos circulares de pernas como ponteiros de relógio.,Lie down and make circular leg movements like clock hands.,Allongez-vous et faites des mouvements circulaires de jambes comme des aiguilles d'horloge.,obliques; hip_flexors; core,Core (Geral); Oblíquos; Flexores do Quadril,none_bodyweight,nenhum (peso do corpo),intermediate,Intermediário,pregnancy,Gravidez,asthma; diabetes; high_blood_pressure; cervical_hernia; obesity; heart_condition; pregnancy_postpartum,Asma ; Condição Cardíaca ; Diabetes; Hérnia Cervical; Hipertensão ; Obesidade ; Pescoço; Pós-parto,Casa (sem equipamento); Casa (com equipamento); Academia; Ar Livre,135,,https://drive.google.com/file/d/1ZB-J8f-l1HMvbDhVqAd76dfAIKwk8apg/view?usp=sharing
ex_134,8db5f072-88fd-4949-a1bd-2d0adb6b99b9,Toes to Kettlebell,Toes to Kettlebell,Orteils vers Kettlebell,Deite-se e toque a kettlebell com os pés ao elevá-los.,Lie down and touch the kettlebell with your feet as you lift them.,Allongez-vous et touchez la kettlebell avec vos pieds en les levant.,rectus_abdominis; obliques; hip_flexors,Reto Abdominal; Oblíquos; Flexores do Quadril,kettlebell,kettlebell,intermediate,Intermediário,lumbar_hernia; back_pain; pregnancy,Dor nas Costas; Gravidez; Lombar,none,Nenhuma,Casa (com equipamento); Academia,180,,https://drive.google.com/file/d/1D6uOdIzXzi8FEmIql5C2YPtbHtnwoEDh/view?usp=sharing
ex_135,640b3909-00a0-4c41-9a26-b609e143651f,Prancha frontal,Front plank,Planche frontale,Apoie os cotovelos no chão e mantenha o corpo reto.,Place elbows on the floor and keep the body straight.,Placez les coudes au sol et gardez le corps droit.,core; rectus_abdominis; glutes; erector_spinae,Core (Geral); Reto Abdominal; Eretores da Espinha; Glúteos (Geral),none_bodyweight,nenhum (peso do corpo),beginner,Iniciante,pregnancy,Gravidez,asthma; diabetes; high_blood_pressure; obesity; heart_condition; pregnancy_postpartum,Asma ; Condição Cardíaca ; Diabetes; Hipertensão ; Obesidade ; Pós-parto,Casa (sem equipamento); Casa (com equipamento); Academia; Ar Livre,120,,https://drive.google.com/file/d/1CS_05AY4t6GX4Za63zWh91vbb9UUjwVr/view?usp=sharing
ex_136,ae7bed7b-ee88-4115-a066-e9aaf8c026bf,Prancha lateral,Side plank,Planche latérale,Deite de lado e sustente o corpo apoiando no antebraço.,Lie on your side and support the body on the forearm.,Allongez-vous sur le côté et soutenez-vous sur l'avant-bras.,core; obliques; glutes,Core (Geral); Oblíquos; Glúteos (Geral),none_bodyweight,nenhum (peso do corpo),intermediate,Intermediário,pregnancy,Gravidez,asthma; diabetes; high_blood_pressure; obesity; heart_condition; pregnancy_postpartum,Asma ; Condição Cardíaca ; Diabetes; Hipertensão ; Obesidade ; Pós-parto,Casa (sem equipamento); Casa (com equipamento); Academia; Ar Livre,125,,https://drive.google.com/file/d/1oicg1X5uTgiEvd0rpgPVtibkfj-ikcVJ/view?usp=sharing
ex_137,07868a17-8d82-4311-9c70-16a4c79e15d0,Bird dog,Bird dog,Bird dog,Apoie mãos e joelhos e estenda braço e perna opostos.,"On hands and knees, extend opposite arm and leg.","À quatre pattes, étendez le bras et la jambe opposés.",core; erector_spinae; glutes; stabilizers,Músculos Estabilizadores; Core (Geral); Eretores da Espinha; Glúteos (Geral),mat_rug,colchonete/tapete,beginner,Iniciante,pregnancy,Gravidez,asthma; diabetes; high_blood_pressure; obesity; heart_condition; pregnancy_postpartum,Asma ; Condição Cardíaca ; Diabetes; Hipertensão ; Obesidade ; Pós-parto,Casa (com equipamento); Academia,115,,https://drive.google.com/file/d/1hNtiwfxJir8RlmxzJkzWobBmffu8CD-M/view?usp=sharing
ex_138,2f2dfed4-2432-479e-a6de-164acef902c8,Dead bug,Dead bug,Dead bug,Deite de costas e mova braços e pernas alternadamente.,"Lie on your back, move arms and legs alternately.","Allongez-vous sur le dos, bougez bras et jambes en alternance.",core; rectus_abdominis; hip_flexors,Core (Geral); Reto Abdominal; Flexores do Quadril,mat_rug,colchonete/tapete,beginner,Iniciante,pregnancy,Gravidez,asthma; diabetes; high_blood_pressure; obesity; heart_condition; pregnancy_postpartum,Asma ; Condição Cardíaca ; Diabetes; Hipertensão ; Obesidade ; Pós-parto,Casa (com equipamento); Academia,110,,https://drive.google.com/file/d/1ptyfChrE4XZKPG3Lu7ky4VNXs1AL9fVN/view?usp=sharing
ex_139,2e18d0d6-7f1b-4c92-9077-2627628420ef,Hollow hold,Hollow hold,Hollow hold,"Deite de costas, levante pernas e ombros formando barco.","Lie on your back, lift legs and shoulders like a boat.","Allongez-vous, levez jambes et épaules en forme de bateau.",core; rectus_abdominis,Core (Geral); Reto Abdominal,none_bodyweight,nenhum (peso do corpo),intermediate,Intermediário,pregnancy,Gravidez,asthma; diabetes; high_blood_pressure; cervical_hernia; obesity; heart_condition; pregnancy_postpartum,Asma ; Condição Cardíaca ; Diabetes; Hérnia Cervical; Hipertensão ; Obesidade ; Pescoço; Pós-parto,Casa (sem equipamento); Casa (com equipamento); Academia; Ar Livre,130,,https://drive.google.com/file/d/16HNV2qPvSq4D6fl-U2EUGM_mhf2w1MF_/view?usp=sharing
ex_140,e5930275-af4c-482d-947f-0bdd81c8e888,Prancha com miniband,Plank with miniband,Planche avec miniband,Faça prancha com miniband acima dos joelhos.,Do plank with miniband above the knees.,Faites la planche avec minibande au-dessus des genoux.,core; rectus_abdominis; glutes; erector_spinae,Core (Geral); Reto Abdominal; Eretores da Espinha; Glúteos (Geral),elastic_band_mini_band,faixa elástica/miniband,intermediate,Intermediário,pregnancy,Gravidez,asthma; diabetes; high_blood_pressure; obesity; heart_condition; pregnancy_postpartum,Asma ; Condição Cardíaca ; Diabetes; Hipertensão ; Obesidade ; Pós-parto,Casa (com equipamento); Academia,140,,https://drive.google.com/file/d/1TUR2MdqVoTA1fY1K252vSe6wDFeqSOkD/view?usp=sharing
ex_141,1490dbfc-819e-4704-8570-5d573025cd85,Rollout com roda abdominal,Ab wheel rollout,Roue abdominale rollout,"Apoie os joelhos e role a roda à frente, mantendo o core firme.","On knees, roll the wheel forward keeping core tight.","À genoux, faites rouler la roue en avant en gardant le core ferme.",core,Core (Geral),ab_wheel,roda abdominal,advanced,Avançado,none,Nenhuma,none,Nenhuma,Casa (com equipamento); Academia,160,,https://drive.google.com/file/d/10h4q3JC8KBE9d8Oa7l6yLAujcyx8-oYh/view?usp=sharing
ex_142,5be6adce-0d7f-4e0f-9ab5-e22ede0eca58,Anti-rotação com elástico,Anti-rotation with band,Anti-rotation avec bande élastique,"Fique em pé, segure elástico e resista à rotação.","Stand, hold band and resist trunk rotation.","Debout, tenez un élastique et résistez à la rotation.",core,Core (Geral),elastic_band_mini_band,faixa elástica/miniband,intermediate,Intermediário,none,Nenhuma,none,Nenhuma,Casa (com equipamento); Academia,135,,https://drive.google.com/file/d/111kKRxzvTdhbxn2Sd8t7ODaVJSMBWYbC/view?usp=sharing
ex_143,4c7c4813-0a5c-4a50-8685-6e425e5a315a,Cable anti-rotação (Pallof Press),Cable anti-rotation (Pallof Press),Anti-rotation à la poulie (Pallof Press),"Use a polia, segure o cabo e resista à rotação do tronco.","Use cable, hold handle and resist trunk rotation.","Utilisez la poulie, tenez la poignée et résistez à la rotation.",core,Core (Geral),cable_row,remada baixa,intermediate,Intermediário,none,Nenhuma,none,Nenhuma,Academia,145,,https://drive.google.com/file/d/1m5d8yn7aquUv-iFjaCos0_OB96W8obLh/view?usp=sharing
ex_144,a4fee4a2-c60a-49a0-a09f-5688a3aa8953,Woodchopper no cross,Woodchopper on cable machine,Woodchopper à la poulie,Puxe o cabo de cima para baixo em movimento de torção.,Pull cable downward in a twisting motion.,Tirez la poulie de haut en bas avec torsion du tronc.,core; obliques,Core (Geral); Oblíquos,cable_row,remada baixa,advanced,Avançado,none,Nenhuma,none,Nenhuma,Academia,160,,https://drive.google.com/file/d/1feJlpaSQAGh-EYRnbHmt7662X0eJM6YS/view?usp=sharing
ex_145,2053a31e-311f-4e6b-86f5-60f70f61b792,Knee raise pendurado,Hanging knee raise,Relevé de genoux suspendu,Pendure-se e eleve os joelhos em direção ao peito.,Hang and lift knees toward chest.,Suspendez-vous et levez les genoux vers la poitrine.,core; rectus_abdominis,Core (Geral); Reto Abdominal,bar_fixed_bar,barra/barra fixa,intermediate,Intermediário,none,Nenhuma,none,Nenhuma,Casa (com equipamento); Academia,170,,https://drive.google.com/file/d/169LVDWiKqfLQbLTaFbvjbLDaPL_8qdq9/view?usp=sharing
ex_146,ec74cf9d-97f6-4007-bab5-8cd5ce16ab9e,Farmer's carry unilateral,Unilateral farmer's carry,Farmer's carry unilatéral,Caminhe segurando um halter apenas de um lado.,Walk holding a dumbbell on one side.,Marchez en tenant un haltère d’un seul côté.,core; erector_spinae,Core (Geral); Eretores da Espinha,dumbbells; kettlebell,halteres; kettlebell,intermediate,Intermediário,none,Nenhuma,none,Nenhuma,Casa (com equipamento); Academia,190,,https://drive.google.com/file/d/1_6BclsPmfsy859A18LJmh66pYQG2Um88/view?usp=sharing
ex_147,e3ebf206-2a42-4b2b-99fe-ac404a62f740,Prancha com elevação alternada de pernas,Plank with alternating leg raise,Planche avec élévation alternée des jambes,"Na prancha, alterne elevação de pernas.","In plank, alternate leg lifts.","En planche, alternez l’élévation des jambes.",core; glutes; rectus_abdominis; erector_spinae,Core (Geral); Reto Abdominal; Eretores da Espinha; Glúteos (Geral),none_bodyweight,nenhum (peso do corpo),intermediate,Intermediário,pregnancy,Gravidez,asthma; diabetes; high_blood_pressure; obesity; heart_condition; pregnancy_postpartum,Asma ; Condição Cardíaca ; Diabetes; Hipertensão ; Obesidade ; Pós-parto,Casa (sem equipamento); Casa (com equipamento); Academia; Ar Livre,130,,https://drive.google.com/file/d/1DFcTHQtZkpx2clDJfCSLLXDlqXXnhtDS/view?usp=sharing
ex_148,fb43a0e8-7c0e-41b0-b5bf-c15c966b0e57,Prancha com toque nos ombros,Plank with shoulder taps,Planche avec tapotement des épaules,"Na prancha, toque alternadamente nos ombros.","In plank, tap shoulders alternately.","En planche, touchez les épaules alternativement.",core; shoulders; glutes; obliques,Core (Geral); Oblíquos; Ombros (Geral); Glúteos (Geral),none_bodyweight,nenhum (peso do corpo),intermediate,Intermediário,pregnancy,Gravidez,asthma; diabetes; high_blood_pressure; obesity; heart_condition; pregnancy_postpartum,Asma ; Condição Cardíaca ; Diabetes; Hipertensão ; Obesidade ; Pós-parto,Casa (sem equipamento); Casa (com equipamento); Academia; Ar Livre,140,,https://drive.google.com/file/d/1j0n5CWjde7xS4z3Wjd2V0eDiVDyiaHCJ/view?usp=sharing
ex_149,2d47dd56-a295-4278-8867-65e7ea77ab35,Dead bug com miniband,Dead bug with miniband,Dead bug avec miniband,"Deite-se, miniband nos pés, mova braços e pernas.","Lie down, miniband on feet, move arms and legs.","Allongez-vous, minibande aux pieds, bougez bras et jambes.",core; rectus_abdominis; hip_flexors,Core (Geral); Reto Abdominal; Flexores do Quadril,elastic_band_mini_band,faixa elástica/miniband,intermediate,Intermediário,pregnancy,Gravidez,asthma; diabetes; high_blood_pressure; obesity; heart_condition; pregnancy_postpartum,Asma ; Condição Cardíaca ; Diabetes; Hipertensão ; Obesidade ; Pós-parto,Casa (com equipamento); Academia,130,,https://drive.google.com/file/d/1yb298x3nevVmh1CypH0mOZa0yzb6W0Bh/view?usp=sharing
ex_151,6892415f-cdd1-47b2-8429-aedea2a8b784,Pike push-up,Pike push-up,Pompes en pike,Flexione os braços levando a cabeça em direção ao chão.,Bend your arms bringing head toward the floor.,Pliez les bras en amenant la tête vers le sol.,deltoids; triceps_brachii; pectoralis_major,Peitoral Maior; Deltóides; Tríceps Braquial,none_bodyweight,nenhum (peso do corpo),intermediate,Intermediário,pregnancy,Gravidez,asthma; diabetes; high_blood_pressure; obesity; heart_condition; shoulder_pain; pregnancy_postpartum,Asma ; Condição Cardíaca ; Diabetes; Hipertensão ; Obesidade ; Ombro; Pós-parto,Casa (sem equipamento); Casa (com equipamento); Academia; Ar Livre,150,,https://drive.google.com/file/d/1lOlRWkWQ_K3ocvyRm1Qt8GZ8woUoPbah/view?usp=sharing
ex_152,7794e5d4-f33b-4cc5-bcff-29023182a758,Prancha com toque de ombro,Plank with shoulder tap,Planche avec tapotement d’épaule,"Na prancha, toque alternadamente cada ombro.","In plank, alternately touch each shoulder.","En planche, touchez chaque épaule en alternance.",deltoids; core; stabilizers,Músculos Estabilizadores; Core (Geral); Deltóides,none_bodyweight,nenhum (peso do corpo),beginner,Iniciante,none,Nenhuma,none,Nenhuma,Casa (sem equipamento); Casa (com equipamento); Academia; Ar Livre,130,,https://drive.google.com/file/d/1j0n5CWjde7xS4z3Wjd2V0eDiVDyiaHCJ/view?usp=sharing
ex_153,557c7d1f-c3e7-4538-bf2d-987bbd6abe69,Elevação lateral com halteres,Lateral raise with dumbbells,Élévation latérale avec haltères,Levante os halteres lateralmente até a altura dos ombros.,Lift dumbbells laterally to shoulder height.,Levez les haltères sur les côtés jusqu’aux épaules.,deltoids; trapezius,Trapézio; Deltóides,dumbbells,halteres,intermediate,Intermediário,pregnancy,Gravidez,asthma; diabetes; high_blood_pressure; obesity; heart_condition; shoulder_pain; pregnancy_postpartum,Asma ; Condição Cardíaca ; Diabetes; Hipertensão ; Obesidade ; Ombro; Pós-parto,Casa (com equipamento); Academia,140,,https://drive.google.com/file/d/1PGb-z1IkQRuz5jRTwsmBtJVa4sg77OTW/view?usp=sharing
ex_154,4fa9fe58-59f9-4a74-8bfc-7f8f17699b17,Desenvolvimento com halteres,Dumbbell shoulder press,Développé militaire avec haltères,Empurre os halteres acima da cabeça.,Press dumbbells overhead.,Poussez les haltères au-dessus de la tête.,deltoids; triceps_brachii,Deltóides; Tríceps Braquial,dumbbells,halteres,intermediate,Intermediário,pregnancy,Gravidez,asthma; diabetes; high_blood_pressure; lumbar_hernia; obesity; heart_condition; shoulder_pain; pregnancy_postpartum,Asma ; Condição Cardíaca ; Diabetes; Hipertensão ; Lombar; Obesidade ; Ombro; Pós-parto,Casa (com equipamento); Academia,160,,https://drive.google.com/file/d/1W8fqLDNj_IzOKJ7j1iTzssz2mtJXz0Rc/view?usp=sharing
ex_155,7a1c9561-c5f4-4fcd-ac44-1d0c9e00f8c7,Remada alta com elástico,Upright row with band,Rowing menton avec bande élastique,Puxe o elástico para cima mantendo cotovelos erguidos.,Pull the band upward keeping elbows high.,"Tirez l’élastique vers le haut, coudes levés.",deltoids,Deltóides,elastic_band_mini_band,faixa elástica/miniband,intermediate,Intermediário,none,Nenhuma,none,Nenhuma,Casa (com equipamento); Academia,135,,https://drive.google.com/file/d/1s_A8UtCwqHyO5oxjrH3DOgweBnT88yNP/view?usp=sharing
ex_156,c1814af7-10f7-41a9-ba02-8a1c43cff7b4,Desenvolvimento com barra,Barbell shoulder press,Développé militaire avec barre,Empurre a barra acima da cabeça.,Press the bar overhead.,Poussez la barre au-dessus de la tête.,deltoids; triceps_brachii,Deltóides; Tríceps Braquial,bar_fixed_bar,barra/barra fixa,advanced,Avançado,pregnancy,Gravidez,asthma; diabetes; high_blood_pressure; lumbar_hernia; obesity; heart_condition; shoulder_pain; pregnancy_postpartum,Asma ; Condição Cardíaca ; Diabetes; Hipertensão ; Lombar; Obesidade ; Ombro; Pós-parto,Casa (com equipamento); Academia,170,,https://drive.google.com/file/d/1EutL64e2CVDEC2rrhLyW_PyBRg2myUON/view?usp=sharing
ex_157,ed4e1c71-f1e6-41d5-8870-858b565d0e53,Elevação frontal com halteres,Front raise with dumbbells,Élévation frontale avec haltères,Levante os halteres à frente até a altura dos ombros.,Lift dumbbells forward to shoulder height.,Levez les haltères devant jusqu’aux épaules.,deltoids; pectoralis_major,Peitoral Maior; Deltóides,dumbbells,halteres,intermediate,Intermediário,none,Nenhuma,none,Nenhuma,Casa (com equipamento); Academia,145,,https://drive.google.com/file/d/1FJ9ILVovC0NGxWwbCEFfyvgmV0UEwWYJ/view?usp=sharing
ex_158,d0c356a3-58b2-450f-8ffd-d5f97be870c3,Crucifixo invertido no peck deck,Reverse fly on pec deck,Écarté inversé à la machine pec deck,Abra e feche os braços no peck deck.,Open and close arms on the pec deck.,Ouvrez et fermez les bras à la machine pec deck.,deltoids,Deltóides,pec_deck,voador/peck deck,intermediate,Intermediário,none,Nenhuma,none,Nenhuma,Academia,150,,https://drive.google.com/file/d/13WUMjArnUIzec2r9DI21Zf1V63_Fk8lH/view?usp=sharing
ex_159,925bf53d-bbb6-4313-be7e-8aeca5701cf9,Arnold press,Arnold press,Développé Arnold,Faça o desenvolvimento girando os halteres ao subir.,Do shoulder press rotating dumbbells upward.,Faites un développé en tournant les haltères en montant.,deltoids; triceps_brachii; trapezius,Trapézio; Deltóides; Tríceps Braquial,dumbbells,halteres,advanced,Avançado,pregnancy,Gravidez,asthma; diabetes; high_blood_pressure; cervical_hernia; lumbar_hernia; obesity; heart_condition; shoulder_pain; pregnancy_postpartum,Asma ; Condição Cardíaca ; Diabetes; Hérnia Cervical; Hipertensão ; Lombar; Obesidade ; Ombro; Pescoço; Pós-parto,Casa (com equipamento); Academia,180,,https://drive.google.com/file/d/1sGySICRhtrWUF0qRzW0J0h6WrIE5mfd8/view?usp=sharing
ex_160,66221b08-5b3f-4551-99b2-9350f7e7202f,Push press com barra,Barbell push press,Push press avec barre,Empurre a barra acima da cabeça com impulso.,Push the bar overhead with momentum.,Poussez la barre au-dessus de la tête avec élan.,deltoids; triceps_brachii,Deltóides; Tríceps Braquial,bar_fixed_bar,barra/barra fixa,advanced,Avançado,pregnancy,Gravidez,asthma; diabetes; high_blood_pressure; lumbar_hernia; obesity; heart_condition; shoulder_pain; pregnancy_postpartum,Asma ; Condição Cardíaca ; Diabetes; Hipertensão ; Lombar; Obesidade ; Ombro; Pós-parto,Casa (com equipamento); Academia,210,,https://drive.google.com/file/d/1wxIVn1_Ns3y1x00IqhHU0QUCswqSxn2Q/view?usp=sharing
ex_161,20ee343e-d705-4c44-93bf-041f5839b06f,Prancha pike walk,Pike plank walk,Marche en planche pike,Ande para trás e para frente na posição de pike.,Walk forward and backward in pike position.,Avancez et reculez en position pike.,deltoids; core; glutes,Core (Geral); Deltóides; Glúteos (Geral),none_bodyweight,nenhum (peso do corpo),intermediate,Intermediário,none,Nenhuma,none,Nenhuma,Casa (sem equipamento); Casa (com equipamento); Academia; Ar Livre,140,,https://drive.google.com/file/d/1W-jV4vSo9K3usLQLlZpRxz10CkvrL42F/view?usp=sharing
ex_162,6dc9dcd3-524f-4a6b-838e-fe236ef37dd6,Prancha com giro de tronco,Plank with trunk rotation,Planche avec rotation du tronc,"Na prancha, gire o tronco alternadamente.","In plank, rotate the torso alternately.","En planche, tournez le tronc en alternance.",deltoids; obliques; core,Core (Geral); Oblíquos; Deltóides,none_bodyweight,nenhum (peso do corpo),intermediate,Intermediário,none,Nenhuma,none,Nenhuma,Casa (sem equipamento); Casa (com equipamento); Academia; Ar Livre,130,,https://drive.google.com/file/d/1YLfQMGKnTVSiDbfF2JH6KVtfgq1bDcqa/view?usp=sharing
ex_163,52904c68-51ac-4cfe-a374-ed6f8875079f,Toque alternado em parede na prancha,Alternating wall tap plank,Planche avec tapotement alterné contre le mur,"Na prancha, toque alternadamente a parede.","In plank, alternately touch the wall.","En planche, touchez le mur en alternance.",deltoids; core; stabilizers,Músculos Estabilizadores; Core (Geral); Deltóides,wall,parede,intermediate,Intermediário,none,Nenhuma,none,Nenhuma,Casa (com equipamento); Academia,135,,https://drive.google.com/file/d/1ZL13u9YvBbX_E76g1-RJ0PQ_p_TTHeW7/view?usp=sharing
ex_164,bc4cf273-eb47-46ad-a324-b845c3932046,Desenvolvimento com elástico,Band shoulder press,Développé avec bande élastique,Empurre o elástico acima da cabeça.,Press the band overhead.,Poussez l’élastique au-dessus de la tête.,deltoids; triceps_brachii,Deltóides; Tríceps Braquial,elastic_band_mini_band,faixa elástica/miniband,intermediate,Intermediário,pregnancy,Gravidez,asthma; diabetes; high_blood_pressure; lumbar_hernia; obesity; heart_condition; shoulder_pain; pregnancy_postpartum,Asma ; Condição Cardíaca ; Diabetes; Hipertensão ; Lombar; Obesidade ; Ombro; Pós-parto,Casa (com equipamento); Academia,140,,https://drive.google.com/file/d/1XNPQUQT_LygQB4YZ4BZDN42xM_nZW1dt/view?usp=sharing
ex_165,6aa9b340-6126-46f0-b320-5258f1aa695c,Elevação lateral com miniband,Lateral raise with miniband,Élévation latérale avec minibande,Afaste os braços com miniband nos punhos.,Spread arms with miniband on wrists.,Écartez les bras avec miniband aux poignets.,deltoids; trapezius,Trapézio; Deltóides,elastic_band_mini_band,faixa elástica/miniband,intermediate,Intermediário,pregnancy,Gravidez,asthma; diabetes; high_blood_pressure; obesity; heart_condition; shoulder_pain; pregnancy_postpartum,Asma ; Condição Cardíaca ; Diabetes; Hipertensão ; Obesidade ; Ombro; Pós-parto,Casa (com equipamento); Academia,130,,https://drive.google.com/file/d/1PXr-o4a_hqn-rUgAzSeYNkrrYpd82VnA/view?usp=sharing
ex_166,8eac5f65-0e18-4127-8eeb-a0b33d1e71f5,Face pull com elástico,Face pull with band,Face pull avec bande élastique,Puxe o elástico em direção ao rosto.,Pull the band toward the face.,Tirez l’élastique vers le visage.,deltoids; trapezius; rhomboids,Trapézio; Rombóides; Deltóides,elastic_band_mini_band,faixa elástica/miniband,intermediate,Intermediário,none,Nenhuma,none,Nenhuma,Casa (com equipamento); Academia,140,,https://drive.google.com/file/d/1awkg3XucUEKb25QTBCRsCN2PPbqg-S4x/view?usp=sharing
ex_167,081cec7a-63a8-4351-9533-a7ed83daa5a8,Desenvolvimento no Smith,Smith machine shoulder press,Développé militaire à la Smith machine,Empurre a barra do Smith acima da cabeça.,Press the Smith machine bar overhead.,Poussez la barre du Smith au-dessus de la tête.,deltoids; triceps_brachii,Deltóides; Tríceps Braquial,smith_machine,barra guiada (smith),intermediate,Intermediário,pregnancy,Gravidez,asthma; diabetes; high_blood_pressure; lumbar_hernia; obesity; heart_condition; shoulder_pain; pregnancy_postpartum,Asma ; Condição Cardíaca ; Diabetes; Hipertensão ; Lombar; Obesidade ; Ombro; Pós-parto,Academia,150,,https://drive.google.com/file/d/1wFCpW63JWA4RJ52RTxI2WhYMQ5MFcu3L/view?usp=sharing
ex_168,932fca45-7f67-48fb-b6da-de9c61adcf15,Elevação lateral na polia,Lateral raise on pulley,Élévation latérale à la poulie,Levante os braços lateralmente usando a polia.,Raise arms laterally using pulley.,Levez les bras sur les côtés avec la poulie.,deltoids; trapezius,Trapézio; Deltóides,cable_row,remada baixa,intermediate,Intermediário,pregnancy,Gravidez,asthma; diabetes; high_blood_pressure; obesity; heart_condition; shoulder_pain; pregnancy_postpartum,Asma ; Condição Cardíaca ; Diabetes; Hipertensão ; Obesidade ; Ombro; Pós-parto,Academia,140,,https://drive.google.com/file/d/1lArcgcXfhoTiQ9SGlbk1-cqL3O2_U3T-/view?usp=sharing
ex_169,0173d0ae-52e0-4ef9-906c-844937f4f5be,Face pull no cross,Face pull on cable,Face pull à la poulie,Puxe a corda do cross em direção ao rosto.,Pull cable rope toward the face.,Tirez la corde de la poulie vers le visage.,deltoids; trapezius; rhomboids,Trapézio; Rombóides; Deltóides,cable_row,remada baixa,intermediate,Intermediário,none,Nenhuma,none,Nenhuma,Academia,145,,https://drive.google.com/file/d/1HXfoke5tq2fe5uK1J7Bx0-tWkrM3YT2m/view?usp=sharing
ex_170,97318edc-c28f-483d-a19f-55371e309c7b,Elevação frontal com anilha,Front raise with plate,Élévation frontale avec disque,Levante a anilha à frente do corpo.,Lift weight plate forward.,Levez le disque devant vous.,deltoids; pectoralis_major,Peitoral Maior; Deltóides,bar_fixed_bar,barra/barra fixa,intermediate,Intermediário,none,Nenhuma,none,Nenhuma,Casa (com equipamento); Academia,140,,https://drive.google.com/file/d/1HXfoke5tq2fe5uK1J7Bx0-tWkrM3YT2m/view?usp=sharing
ex_171,dce9d47d-f085-4b0f-ba2e-97de9663e81a,Remada alta com barra,Upright row with barbell,Rowing menton avec barre,Puxe a barra até a altura do peito.,Pull bar up to chest height.,Tirez la barre jusqu’à la poitrine.,deltoids; trapezius; biceps_brachii,Trapézio; Deltóides; Bíceps Braquial,bar_fixed_bar,barra/barra fixa,intermediate,Intermediário,none,Nenhuma,none,Nenhuma,Casa (com equipamento); Academia,150,,https://drive.google.com/file/d/1ynq69ZzAOOq2HcVUOM4Mdqala3F61Wmv/view?usp=sharing
ex_172,b5598ddd-7718-47a8-8a65-65da078a04b3,Press militar com barra,Military press with barbell,Développé militaire avec barre,Empurre a barra acima da cabeça.,Press the bar overhead.,Poussez la barre au-dessus de la tête.,deltoids; triceps_brachii,Deltóides; Tríceps Braquial,bar_fixed_bar,barra/barra fixa,advanced,Avançado,pregnancy,Gravidez,asthma; diabetes; high_blood_pressure; cervical_hernia; lumbar_hernia; obesity; heart_condition; shoulder_pain; pregnancy_postpartum,Asma ; Condição Cardíaca ; Diabetes; Hérnia Cervical; Hipertensão ; Lombar; Obesidade ; Ombro; Pescoço; Pós-parto,Casa (com equipamento); Academia,165,,https://drive.google.com/file/d/1zXdMCx0qywFnS1zfouWAcS1Px4p0SLzl/view?usp=sharing
ex_173,e184a803-4372-4924-a526-54a5833513d8,Elevação frontal/ lateral com halteres,Front/ lateral raise with dumbbells,Élévation frontale/latérale avec haltères,Levante os halteres à frente e aos lados.,Lift dumbbells forward and sideways.,Levez les haltères devant et sur les côtés.,deltoids; pectoralis_major; trapezius,Trapézio; Peitoral Maior; Deltóides,dumbbells,halteres,intermediate,Intermediário,none,Nenhuma,none,Nenhuma,Casa (com equipamento); Academia,145,,https://drive.google.com/file/d/17OCxRtLLxbwCex_JPiqtMMf4NQ_c11d5/view?usp=sharing
ex_174,d0735049-9994-416a-9bd5-70a5d46be667,Flexão de braço tradicional,Push-up,Pompe classique,Deite no chão e empurre o corpo para cima e para baixo.,Lie on the floor and push your body up and down.,Allongez-vous au sol et poussez le corps vers le haut et le bas.,pectoralis_major; triceps_brachii; deltoids; core,Core (Geral); Peitoral Maior; Deltóides; Tríceps Braquial,none_bodyweight,nenhum (peso do corpo),beginner,Iniciante,pregnancy,Gravidez,asthma; diabetes; high_blood_pressure; obesity; heart_condition; shoulder_pain; pregnancy_postpartum,Asma ; Condição Cardíaca ; Diabetes; Hipertensão ; Obesidade ; Ombro; Pós-parto,Casa (sem equipamento); Casa (com equipamento); Academia; Ar Livre,170,,https://drive.google.com/file/d/1DhP1javyheVn45qnYbzhF3kKW4IgnM2z/view?usp=sharing
ex_175,2a6974ce-0be0-4c4d-8f41-63ff87d763f4,Flexão de braço com pegada aberta,Wide-grip push-up,Pompe prise large,Faça a flexão com mãos afastadas para maior ativação do peito.,Perform the push-up with hands wide apart for more chest activation.,Faites la pompe avec les mains écartées pour plus d’activation de la poitrine.,chest; triceps_brachii; deltoids,Peito (Geral); Deltóides; Tríceps Braquial,none_bodyweight,nenhum (peso do corpo),intermediate,Intermediário,pregnancy,Gravidez,asthma; diabetes; high_blood_pressure; obesity; heart_condition; shoulder_pain; pregnancy_postpartum,Asma ; Condição Cardíaca ; Diabetes; Hipertensão ; Obesidade ; Ombro; Pós-parto,Casa (sem equipamento); Casa (com equipamento); Academia; Ar Livre,175,,https://drive.google.com/file/d/1nrICUnm9VI8Ue7shCtRKeW6yumf4BZD3/view?usp=sharing
ex_176,70b9fb13-3a55-48f2-86fc-ad0c99db4a6d,Flexão declinada (pés elevados),Decline push-up (feet elevated),Pompe déclinée (pieds surélevés),Apoie os pés elevados e realize a flexão.,Place feet elevated and perform the push-up.,Placez les pieds surélevés et réalisez la pompe.,pectoralis_major; triceps_brachii; deltoids; core,Core (Geral); Peitoral Maior; Deltóides; Tríceps Braquial,bench; step,step; banco,intermediate,Intermediário,pregnancy,Gravidez,asthma; diabetes; high_blood_pressure; lumbar_hernia; obesity; heart_condition; shoulder_pain; pregnancy_postpartum,Asma ; Condição Cardíaca ; Diabetes; Hipertensão ; Lombar; Obesidade ; Ombro; Pós-parto,Casa (com equipamento); Academia,180,,https://drive.google.com/file/d/1TTAMeie9jmVnFlbTUjCIZ_GnLzM9w_TH/view?usp=sharing
ex_177,27cbe0f8-cb72-4b07-b01e-2bb6299f256e,Supino com halteres no chão,Floor dumbbell press,Développé couché haltères au sol,Deite no chão e empurre os halteres para cima.,Lie on the floor and press the dumbbells upward.,Allongez-vous au sol et poussez les haltères vers le haut.,pectoralis_major; triceps_brachii; deltoids,Peitoral Maior; Deltóides; Tríceps Braquial,dumbbells,halteres,intermediate,Intermediário,pregnancy,Gravidez,asthma; diabetes; high_blood_pressure; cervical_hernia; obesity; heart_condition; shoulder_pain; pregnancy_postpartum,Asma ; Condição Cardíaca ; Diabetes; Hérnia Cervical; Hipertensão ; Obesidade ; Ombro; Pescoço; Pós-parto,Casa (com equipamento); Academia,160,,https://drive.google.com/file/d/1dTF1cTVm6Go15SpiLvMo9B7nDB4zthti/view?usp=sharing
ex_178,17100227-b6f3-427e-aee4-4de02e2412d4,Flexão com elástico de resistência,Resistance band push-up,Pompe avec bande de résistance,Coloque o elástico nas costas e faça a flexão.,Place band on back and perform push-up.,Placez l’élastique dans le dos et faites la pompe.,pectoralis_major; triceps_brachii; deltoids; core,Core (Geral); Peitoral Maior; Deltóides; Tríceps Braquial,elastic_band_mini_band,faixa elástica/miniband,intermediate,Intermediário,pregnancy,Gravidez,asthma; diabetes; high_blood_pressure; obesity; heart_condition; shoulder_pain; pregnancy_postpartum,Asma ; Condição Cardíaca ; Diabetes; Hipertensão ; Obesidade ; Ombro; Pós-parto,Casa (com equipamento); Academia,185,,https://drive.google.com/file/d/1xbxQbSHNNvJrXrhzh1C00RyGc47OIuHY/view?usp=sharing
ex_179,a27e592f-9fe4-436e-a8ad-f7d443831f8c,Crucifixo com halteres deitado,Dumbbell chest fly (lying),Écarté couché haltères,Deite no chão e abra e feche os braços com halteres.,Lie on floor and open and close arms with dumbbells.,Allongez-vous au sol et ouvrez/fermez les bras avec des haltères.,chest,Peito (Geral),dumbbells,halteres,intermediate,Intermediário,pregnancy,Gravidez,asthma; diabetes; high_blood_pressure; cervical_hernia; obesity; heart_condition; shoulder_pain; pregnancy_postpartum,Asma ; Condição Cardíaca ; Diabetes; Hérnia Cervical; Hipertensão ; Obesidade ; Ombro; Pescoço; Pós-parto,Casa (com equipamento); Academia,150,,https://drive.google.com/file/d/1Jut9-e_0Jv4kIRco0TvrBmqAxzrjTkZE/view?usp=sharing
ex_180,f8d44200-1685-448c-9dd9-4d86dfe35047,Supino reto com barra,Barbell bench press,Développé couché barre,Deite no banco e empurre a barra para cima.,Lie on bench and press barbell upward.,Allongez-vous sur le banc et poussez la barre vers le haut.,pectoralis_major; triceps_brachii; deltoids,Peitoral Maior; Deltóides; Tríceps Braquial,bar_fixed_bar,barra/barra fixa,advanced,Avançado,pregnancy,Gravidez,asthma; diabetes; high_blood_pressure; cervical_hernia; obesity; heart_condition; shoulder_pain; pregnancy_postpartum,Asma ; Condição Cardíaca ; Diabetes; Hérnia Cervical; Hipertensão ; Obesidade ; Ombro; Pescoço; Pós-parto,Casa (com equipamento); Academia,190,,https://drive.google.com/file/d/1N2FhbaBSRhW3Vp7B6xqalXPcMqJQuzrf/view?usp=sharing
ex_181,e11505a4-6774-49ae-bc0f-4d8c64c7749d,Supino inclinado com barra,Incline barbell bench press,Développé incliné barre,Deite no banco inclinado e empurre a barra para cima.,Lie on incline bench and press barbell upward.,Allongez-vous sur le banc incliné et poussez la barre vers le haut.,pectoralis_major; triceps_brachii; deltoids,Peitoral Maior; Deltóides; Tríceps Braquial,bar_fixed_bar; bench,barra/barra fixa; banco,advanced,Avançado,pregnancy,Gravidez,asthma; diabetes; high_blood_pressure; cervical_hernia; lumbar_hernia; obesity; heart_condition; shoulder_pain; pregnancy_postpartum,Asma ; Condição Cardíaca ; Diabetes; Hérnia Cervical; Hipertensão ; Lombar; Obesidade ; Ombro; Pescoço; Pós-parto,Casa (com equipamento); Academia,185,,https://drive.google.com/file/d/12e6o2WbAin4bSLR2rNxpmxWz1ZIxtTpf/view?usp=sharing
ex_182,c264ca0d-4be0-4234-8393-3394fd1207bd,Crossover no cross,Cable crossover,Crossover à la poulie,Puxe os cabos para frente unindo as mãos.,Pull the cables forward bringing hands together.,Tirez les câbles vers l’avant en joignant les mains.,chest,Peito (Geral),cable_row,remada baixa,intermediate,Intermediário,none,Nenhuma,none,Nenhuma,Academia,175,,https://drive.google.com/file/d/1BwfAZ66D9spY2RhLZDi86V7sfxrrAFj7/view?usp=sharing
ex_183,911d54f8-8d02-4863-ad6a-aaab36315a77,Crucifixo no peck deck,Pec deck fly,Écarté à la machine (pec deck),Abra e feche os braços na máquina peck deck.,Open and close arms on pec deck machine.,Ouvrez et fermez les bras sur la machine pec deck.,chest,Peito (Geral),pec_deck,voador/peck deck,intermediate,Intermediário,pregnancy,Gravidez,asthma; diabetes; high_blood_pressure; cervical_hernia; obesity; heart_condition; shoulder_pain; pregnancy_postpartum,Asma ; Condição Cardíaca ; Diabetes; Hérnia Cervical; Hipertensão ; Obesidade ; Ombro; Pescoço; Pós-parto,Academia,160,,https://drive.google.com/file/d/1Mqv_Lm6oDZQtUaqkfznVLCQjLBthlBgk/view?usp=sharing
ex_184,1da200b2-1568-49c7-b0a9-9c832b56db1a,Supino declinado com barra,Decline barbell bench press,Développé décliné barre,Deite no banco declinado e empurre a barra para cima.,Lie on decline bench and press barbell upward.,Allongez-vous sur le banc décliné et poussez la barre vers le haut.,pectoralis_major; triceps_brachii; deltoids,Peitoral Maior; Deltóides; Tríceps Braquial,bar_fixed_bar; bench,barra/barra fixa; banco,advanced,Avançado,pregnancy,Gravidez,asthma; diabetes; high_blood_pressure; cervical_hernia; lumbar_hernia; obesity; heart_condition; shoulder_pain; pregnancy_postpartum,Asma ; Condição Cardíaca ; Diabetes; Hérnia Cervical; Hipertensão ; Lombar; Obesidade ; Ombro; Pescoço; Pós-parto,Casa (com equipamento); Academia,185,,https://drive.google.com/file/d/17EgXR_I0-CNHCoVgsqNeZzaHmYr8cdOL/view?usp=sharing
ex_185,e7efb435-3b43-4b32-ae50-8d218b23682f,Push-up explosivo com palmas,Clap push-up,Pompe claquée,Faça a flexão e bata palmas no ar.,Do a push-up and clap hands in the air.,Faites une pompe et tapez des mains en l’air.,chest,Peito (Geral),none_bodyweight,nenhum (peso do corpo),advanced,Avançado,pregnancy,Gravidez,asthma; diabetes; high_blood_pressure; obesity; heart_condition; shoulder_pain; pregnancy_postpartum,Asma ; Condição Cardíaca ; Diabetes; Hipertensão ; Obesidade ; Ombro; Pós-parto,Casa (sem equipamento); Casa (com equipamento); Academia; Ar Livre,200,,https://drive.google.com/file/d/1VxsWgyVGGyIDJUOBPUeX5KJF5zbyXw5U/view?usp=sharing
ex_186,af7bc2f0-adde-4f60-b804-1a2c821e856d,Burpee com push-up,Burpee with push-up,Burpee avec pompe,"Agache, faça a flexão e volte de pé em salto.","Squat, perform push-up and jump to stand up.","Accroupissez-vous, faites une pompe et sautez pour vous relever.",chest; full_body,Corpo Inteiro; Peito (Geral),none_bodyweight,nenhum (peso do corpo),advanced,Avançado,pregnancy,Gravidez,asthma; diabetes; high_blood_pressure; obesity; heart_condition; shoulder_pain; pregnancy_postpartum,Asma ; Condição Cardíaca ; Diabetes; Hipertensão ; Obesidade ; Ombro; Pós-parto,Casa (sem equipamento); Casa (com equipamento); Academia; Ar Livre,240,,https://drive.google.com/file/d/1M0-vOosM3EpvZj0DYE1V939IAwIwDDe9/view?usp=sharing
ex_187,5ca7e632-4db5-43ab-99ce-afbb284b0659,Flexão diamante,Diamond push-up,Pompe diamant,Faça a flexão com as mãos juntas em formato diamante.,Do a push-up with hands together in diamond shape.,Faites une pompe avec les mains rapprochées en forme de diamant.,chest; triceps_brachii; deltoids; core,Core (Geral); Peito (Geral); Deltóides; Tríceps Braquial,none_bodyweight,nenhum (peso do corpo),intermediate,Intermediário,pregnancy,Gravidez,asthma; diabetes; high_blood_pressure; obesity; heart_condition; shoulder_pain; pregnancy_postpartum,Asma ; Condição Cardíaca ; Diabetes; Hipertensão ; Obesidade ; Ombro; Pós-parto,Casa (sem equipamento); Casa (com equipamento); Academia; Ar Livre,180,,https://drive.google.com/file/d/1gj6ULMGT2oHOgU710UKIkqVJGt3kQEWi/view?usp=sharing
ex_188,ed3757c5-03a5-4903-9fff-f0767f46253d,Flexão isométrica (segurando embaixo),Isometric push-up hold,Pompe isométrique (maintien en bas),Desça e segure a posição inferior da flexão.,Lower and hold the bottom position of the push-up.,Descendez et maintenez la position basse de la pompe.,pectoralis_major; triceps_brachii; deltoids; core,Core (Geral); Peitoral Maior; Deltóides; Tríceps Braquial,none_bodyweight,nenhum (peso do corpo),intermediate,Intermediário,pregnancy,Gravidez,asthma; diabetes; high_blood_pressure; obesity; heart_condition; shoulder_pain; pregnancy_postpartum,Asma ; Condição Cardíaca ; Diabetes; Hipertensão ; Obesidade ; Ombro; Pós-parto,Casa (sem equipamento); Casa (com equipamento); Academia; Ar Livre,160,,https://drive.google.com/file/d/14qu54NA7uF7Qcv5e2p_GnaUjoz8WmMct/view?usp=sharing
ex_189,f44b520b-a978-47d3-9d59-d73988304534,Flexão com apoio de halteres,Push-up with dumbbells,Pompe avec appui haltères,Apoie as mãos em halteres e faça a flexão.,Support hands on dumbbells and perform push-up.,Appuyez les mains sur les haltères et faites la pompe.,pectoralis_major; triceps_brachii; deltoids; core,Core (Geral); Peitoral Maior; Deltóides; Tríceps Braquial,dumbbells,halteres,intermediate,Intermediário,pregnancy,Gravidez,asthma; diabetes; high_blood_pressure; cervical_hernia; lumbar_hernia; obesity; heart_condition; shoulder_pain; pregnancy_postpartum,Asma ; Condição Cardíaca ; Diabetes; Hérnia Cervical; Hipertensão ; Lombar; Obesidade ; Ombro; Pescoço; Pós-parto,Casa (com equipamento); Academia,170,,https://drive.google.com/file/d/1Y_h9xxUWg78Qe0vEHKQ_WempA05IwgoG/view?usp=sharing
ex_190,14c807a4-4df4-48d5-b212-ff8cc4c5a6bd,Supino inclinado com halteres,Incline dumbbell bench press,Développé incliné haltères,Deite no banco inclinado e empurre os halteres para cima.,Lie on incline bench and press dumbbells upward.,Allongez-vous sur le banc incliné et poussez les haltères vers le haut.,pectoralis_major; triceps_brachii; deltoids,Peitoral Maior; Deltóides; Tríceps Braquial,dumbbells; bench,halteres; banco,intermediate,Intermediário,pregnancy,Gravidez,asthma; diabetes; high_blood_pressure; cervical_hernia; lumbar_hernia; obesity; heart_condition; shoulder_pain; pregnancy_postpartum,Asma ; Condição Cardíaca ; Diabetes; Hérnia Cervical; Hipertensão ; Lombar; Obesidade ; Ombro; Pescoço; Pós-parto,Casa (com equipamento); Academia,190,,https://drive.google.com/file/d/1D4iB5s3iGjI9vMlH3bhz9QB00WHG8b9_/view?usp=sharing
ex_191,06a09cad-5da4-422c-af66-be41e6d4539a,Supino declinado com barra,Decline barbell bench press,Développé décliné barre,Deite no banco declinado e empurre a barra para cima.,Lie on decline bench and press barbell upward.,Allongez-vous sur le banc décliné et poussez la barre vers le haut.,pectoralis_major; triceps_brachii; deltoids,Peitoral Maior; Deltóides; Tríceps Braquial,bar_fixed_bar; bench,barra/barra fixa; banco,intermediate,Intermediário,none,Nenhuma,none,Nenhuma,Casa (com equipamento); Academia,190,,https://drive.google.com/file/d/17EgXR_I0-CNHCoVgsqNeZzaHmYr8cdOL/view?usp=sharing
ex_192,379ce9a9-cfea-4246-b917-7e211f1534a1,Cross over na polia alta,High pulley crossover,Crossover à la poulie haute,Cruze os cabos puxando da polia alta.,Cross the cables from high pulley in front of body.,Croisez les câbles en tirant de la poulie haute.,pectoralis_major; chest; deltoids,Peito (Geral); Peitoral Maior; Deltóides,cable_row,remada baixa,intermediate,Intermediário,pregnancy,Gravidez,asthma; diabetes; high_blood_pressure; obesity; heart_condition; shoulder_pain; pregnancy_postpartum,Asma ; Condição Cardíaca ; Diabetes; Hipertensão ; Obesidade ; Ombro; Pós-parto,Academia,165,,https://drive.google.com/file/d/1-RRA4N02yCQHev_GdYUNtZyPUzYHrDib/view?usp=sharing
ex_193,2a86245d-d2d2-42ef-aa1d-8b4379a87d48,Flexão com pés elevados e mãos sobre halteres,Feet-elevated push-up on dumbbells,Pompe pieds surélevés avec haltères,Coloque os pés elevados e mãos em halteres para fazer a flexão.,Place feet elevated and hands on dumbbells to perform push-up.,Placez les pieds surélevés et les mains sur des haltères pour faire la pompe.,pectoralis_major; triceps_brachii; deltoids; core,Core (Geral); Peitoral Maior; Deltóides; Tríceps Braquial,dumbbells; bench; step,halteres; step; banco,intermediate,Intermediário,none,Nenhuma,none,Nenhuma,Casa (com equipamento); Academia,185,,https://drive.google.com/file/d/1NZSIe-nKC6AgXP46hjKLHIh_jIPfq3BF/view?usp=sharing
ex_194,4ef93daf-a76f-4211-8294-e1056b0f3e8b,Flexão de braço com pegada fechada,Close-grip push-up,Pompes prise serrée,"Faça flexões com as mãos próximas, focando mais nos bíceps.","Do push-ups with hands close together, focusing more on the biceps.","Faites des pompes avec les mains rapprochées, en ciblant davantage les biceps.",biceps_brachii; chest; triceps_brachii; deltoids,Peito (Geral); Deltóides; Bíceps Braquial; Tríceps Braquial,none_bodyweight,nenhum (peso do corpo),beginner,Iniciante,pregnancy,Gravidez,asthma; diabetes; high_blood_pressure; obesity; heart_condition; shoulder_pain; pregnancy_postpartum,Asma ; Condição Cardíaca ; Diabetes; Hipertensão ; Obesidade ; Ombro; Pós-parto,Casa (sem equipamento); Casa (com equipamento); Academia; Ar Livre,150,,https://drive.google.com/file/d/1FaGLUxpPAvmY1zKZ2RxWx5yAz8Sx9J-u/view?usp=sharing
ex_195,35f4c9a9-bf99-4ad4-afb8-78c5b9dbea7b,Rosca direta com halteres,Biceps curl with dumbbells,Curl biceps avec haltères,Segure halteres e flexione os braços para cima.,Hold dumbbells and curl arms upward.,Tenez des haltères et pliez les bras vers le haut.,biceps_brachii; arms,Braços (Geral); Bíceps Braquial,dumbbells,halteres,intermediate,Intermediário,pregnancy,Gravidez,asthma; diabetes; high_blood_pressure; cervical_hernia; lumbar_hernia; obesity; heart_condition; shoulder_pain; pregnancy_postpartum,Asma ; Condição Cardíaca ; Diabetes; Hérnia Cervical; Hipertensão ; Lombar; Obesidade ; Ombro; Pescoço; Pós-parto,Casa (com equipamento); Academia,130,,https://drive.google.com/file/d/1zHUEBQTvXTkk1vydlaWRlNiA1AsAqMI2/view?usp=sharing
ex_196,a3cde055-139c-4823-83c7-6d242b106a74,Rosca alternada com halteres,Alternating biceps curl with dumbbells,Curl biceps alterné avec haltères,Alterne a flexão de cada braço com halteres.,Alternate curling each arm with dumbbells.,Alternez la flexion de chaque bras avec des haltères.,biceps_brachii; arms; forearms,Braços (Geral); Bíceps Braquial; Antebraços,dumbbells,halteres,intermediate,Intermediário,pregnancy,Gravidez,asthma; diabetes; high_blood_pressure; cervical_hernia; lumbar_hernia; obesity; heart_condition; shoulder_pain; pregnancy_postpartum,Asma ; Condição Cardíaca ; Diabetes; Hérnia Cervical; Hipertensão ; Lombar; Obesidade ; Ombro; Pescoço; Pós-parto,Casa (com equipamento); Academia,135,,https://drive.google.com/file/d/1bodzOeFKUZymZQkPrlMwVwVPaIyHPt-a/view?usp=sharing
ex_197,e4906fef-5073-4440-85c3-0f9547e6928a,Rosca martelo com halteres,Hammer curl with dumbbells,Curl marteau avec haltères,Segure os halteres em pegada neutra e flexione os braços.,Hold dumbbells in neutral grip and curl arms.,Tenez les haltères en prise neutre et pliez les bras.,biceps_brachii; arms; forearms,Braços (Geral); Bíceps Braquial; Antebraços,dumbbells,halteres,intermediate,Intermediário,pregnancy,Gravidez,asthma; diabetes; high_blood_pressure; cervical_hernia; lumbar_hernia; obesity; heart_condition; shoulder_pain; pregnancy_postpartum,Asma ; Condição Cardíaca ; Diabetes; Hérnia Cervical; Hipertensão ; Lombar; Obesidade ; Ombro; Pescoço; Pós-parto,Casa (com equipamento); Academia,140,,https://drive.google.com/file/d/1l5YSJ1l6sXhJIsEOTEXD_h6pgId60MJw/view?usp=sharing
ex_198,cdef7184-60bd-482e-a677-9318bd1b6319,Rosca com elástico,Biceps curl with resistance band,Curl biceps avec bande élastique,Pise no elástico e flexione os braços para cima.,Step on the band and curl arms upward.,Marchez sur la bande et pliez les bras vers le haut.,biceps_brachii,Bíceps Braquial,elastic_band_mini_band,faixa elástica/miniband,beginner,Iniciante,pregnancy,Gravidez,asthma; diabetes; high_blood_pressure; obesity; heart_condition; shoulder_pain; pregnancy_postpartum,Asma ; Condição Cardíaca ; Diabetes; Hipertensão ; Obesidade ; Ombro; Pós-parto,Casa (com equipamento); Academia,125,,https://drive.google.com/file/d/1kmxCaUkIRqXbk03ZcUdnIt0F82pipBoq/view?usp=sharing
ex_199,d99fb3f0-114a-4874-b57d-e6176ce67c96,Rosca direta com barra,Barbell curl,Curl barre,Segure a barra e flexione os braços para cima.,Hold the barbell and curl arms upward.,Tenez la barre et pliez les bras vers le haut.,biceps_brachii; arms,Braços (Geral); Bíceps Braquial,bar_fixed_bar,barra/barra fixa,intermediate,Intermediário,pregnancy,Gravidez,asthma; diabetes; high_blood_pressure; cervical_hernia; lumbar_hernia; obesity; heart_condition; shoulder_pain; pregnancy_postpartum,Asma ; Condição Cardíaca ; Diabetes; Hérnia Cervical; Hipertensão ; Lombar; Obesidade ; Ombro; Pescoço; Pós-parto,Casa (com equipamento); Academia,145,,https://drive.google.com/file/d/1CiEFBIIZnDQNg_HBSaRtfdIx7dSDck5D/view?usp=sharing
ex_200,d7ea988e-047a-44a6-9294-fc771eb63188,ROSCA SCOTT COM BARRA W,Scott curl with EZ bar,Curl Scott avec barre EZ,Sente-se no banco Scott e flexione a barra W.,Sit on a Scott bench and curl the EZ bar.,Asseyez-vous sur le banc Scott et pliez la barre EZ.,biceps_brachii,Bíceps Braquial,bar_fixed_bar; bench,barra/barra fixa; banco,intermediate,Intermediário,pregnancy,Gravidez,asthma; diabetes; high_blood_pressure; obesity; heart_condition; shoulder_pain; pregnancy_postpartum,Asma ; Condição Cardíaca ; Diabetes; Hipertensão ; Obesidade ; Ombro; Pós-parto,Casa (com equipamento); Academia,140,,https://drive.google.com/file/d/1rcDeL3jaDGsEcCCyEjISitg5TP6_hllt/view?usp=sharing
ex_201,d39e8f42-7f82-4c43-a05d-81bde2746f67,Rosca concentrada,Concentration curl,Curl concentration,"Sente-se, apoie o braço na coxa e flexione com halter.","Sit, rest arm on thigh and curl with dumbbell.","Asseyez-vous, appuyez le bras sur la cuisse et pliez avec un haltère.",biceps_brachii,Bíceps Braquial,dumbbells,halteres,intermediate,Intermediário,pregnancy,Gravidez,asthma; diabetes; high_blood_pressure; obesity; heart_condition; shoulder_pain; pregnancy_postpartum,Asma ; Condição Cardíaca ; Diabetes; Hipertensão ; Obesidade ; Ombro; Pós-parto,Casa (com equipamento); Academia,135,,https://drive.google.com/file/d/1p33oOdPdCNAosV0cuGQOPOKvgHH9BL8S/view?usp=sharing
ex_202,e27abd07-0e77-4cee-9615-5b4053e29caa,Rosca inversa,Reverse curl,Curl inversé,Segure a barra em pegada pronada e flexione os braços.,Hold barbell with overhand grip and curl.,Tenez la barre en prise pronation et pliez les bras.,biceps_brachii; forearms,Bíceps Braquial; Antebraços,bar_fixed_bar,barra/barra fixa,advanced,Avançado,pregnancy,Gravidez,asthma; diabetes; high_blood_pressure; obesity; heart_condition; shoulder_pain; pregnancy_postpartum,Asma ; Condição Cardíaca ; Diabetes; Hipertensão ; Obesidade ; Ombro; Pós-parto,Casa (com equipamento); Academia,150,,https://drive.google.com/file/d/1sP7ch5otSkq2klxul7vGOJ_m_Yjr_-9r/view?usp=sharing
ex_203,5fe6e086-3d6b-43c3-aaa7-196612ccffb7,Chin-up (barra com pegada supinada),Chin-up (supinated grip bar),Tractions (prise supination),Segure a barra em pegada supinada e puxe o corpo para cima.,Hold bar with underhand grip and pull body up.,Tenez la barre en supination et tirez le corps vers le haut.,biceps_brachii; back,Costas (Geral); Bíceps Braquial,bar_fixed_bar,barra/barra fixa,advanced,Avançado,none,Nenhuma,none,Nenhuma,Casa (com equipamento); Academia,190,,https://drive.google.com/file/d/1ikriIMynWsbI6HMXmUZEwGS3afq4BdMY/view?usp=sharing
ex_204,9709490c-a6ae-46ac-9093-7eb0327447ab,Body row com pegada fechada,Body row with close grip,Rowing au poids du corps prise serrée,"Deitado sob a barra, puxe o corpo mantendo a pegada fechada.","Under the bar, pull body with close grip.","Sous la barre, tirez le corps avec une prise serrée.",biceps_brachii; back,Costas (Geral); Bíceps Braquial,bar_fixed_bar,barra/barra fixa,intermediate,Intermediário,none,Nenhuma,none,Nenhuma,Casa (com equipamento); Academia,180,,https://drive.google.com/file/d/1enZ1N4kuV1WsCNG7PBWalGWr3srz5xA8/view?usp=sharing
ex_205,fd59ad9b-2b8e-4cc8-b00f-aa62f2e52d2c,Flexão australiana em mesa baixa,Australian push-up on low bar,Pompes australiennes sur barre basse,"Com o corpo inclinado, faça flexão invertida na barra baixa.","With body inclined, do inverted push-up on low bar.","Avec le corps incliné, faites des pompes inversées sur une barre basse.",biceps_brachii; back; arms,Costas (Geral); Braços (Geral); Bíceps Braquial,bar_fixed_bar,barra/barra fixa,intermediate,Intermediário,none,Nenhuma,none,Nenhuma,Casa (com equipamento); Academia,140,,https://drive.google.com/file/d/10ZyMaJ872VDU2vUOViQVMJ481aJ8R5L-/view?usp=sharing
ex_206,884cd7e1-a021-4a44-914f-b127b6073996,Rosca 21 com halteres,21s biceps curl with dumbbells,Curl 21 avec haltères,Faça 21 repetições divididas em 3 amplitudes de movimento.,Perform 21 reps divided into 3 ranges of motion.,Faites 21 répétitions divisées en 3 amplitudes de mouvement.,biceps_brachii; arms; forearms,Braços (Geral); Bíceps Braquial; Antebraços,dumbbells,halteres,advanced,Avançado,pregnancy,Gravidez,asthma; diabetes; high_blood_pressure; obesity; heart_condition; shoulder_pain; pregnancy_postpartum,Asma ; Condição Cardíaca ; Diabetes; Hipertensão ; Obesidade ; Ombro; Pós-parto,Casa (com equipamento); Academia,145,,https://drive.google.com/file/d/1VOCe3X-6m75wvRbzLaVfftvBaamgqxOn/view?usp=sharing
ex_207,2357323c-d084-4018-a63e-7db9c9461587,Rosca martelo alternada com halteres,Alternating hammer curl with dumbbells,Curl marteau alterné avec haltères,Alterne a execução da rosca martelo entre os braços.,Alternate hammer curls between arms.,Alternez les curls marteau entre les bras.,biceps_brachii; arms; forearms,Braços (Geral); Bíceps Braquial; Antebraços,dumbbells,halteres,intermediate,Intermediário,pregnancy,Gravidez,asthma; diabetes; high_blood_pressure; cervical_hernia; lumbar_hernia; obesity; heart_condition; shoulder_pain; pregnancy_postpartum,Asma ; Condição Cardíaca ; Diabetes; Hérnia Cervical; Hipertensão ; Lombar; Obesidade ; Ombro; Pescoço; Pós-parto,Casa (com equipamento); Academia,140,,https://drive.google.com/file/d/1gSQEY8noJCdWgomeMV0dmNP3VyOlFEDE/view?usp=sharing
ex_208,c3e93a69-d239-4b33-9628-086ef4eaf4ed,Rosca unilateral na polia baixa,Unilateral low pulley curl,Curl unilatéral à la poulie basse,Segure a polia baixa e flexione apenas um braço.,Hold the low pulley and curl one arm.,Tenez la poulie basse et pliez un bras.,biceps_brachii; arms,Braços (Geral); Bíceps Braquial,cable_row,remada baixa,intermediate,Intermediário,pregnancy,Gravidez,asthma; diabetes; high_blood_pressure; obesity; heart_condition; shoulder_pain; pregnancy_postpartum,Asma ; Condição Cardíaca ; Diabetes; Hipertensão ; Obesidade ; Ombro; Pós-parto,Academia,162,,https://drive.google.com/file/d/15qKdNqV87LUkGGj_ZDPb33wU_l5efW4J/view?usp=sharing
ex_209,24bc939d-951a-494e-b9dc-9368c55f1b0a,Rosca corda na polia baixa,Rope curl on low pulley,Curl corde à la poulie basse,Use a corda na polia baixa e flexione os braços.,Use rope on low pulley and curl arms.,Utilisez une corde à la poulie basse et pliez les bras.,biceps_brachii; arms; forearms,Braços (Geral); Bíceps Braquial; Antebraços,cable_row,remada baixa,intermediate,Intermediário,pregnancy,Gravidez,asthma; diabetes; high_blood_pressure; cervical_hernia; lumbar_hernia; obesity; heart_condition; shoulder_pain; pregnancy_postpartum,Asma ; Condição Cardíaca ; Diabetes; Hérnia Cervical; Hipertensão ; Lombar; Obesidade ; Ombro; Pescoço; Pós-parto,Academia,145,,https://drive.google.com/file/d/1AJTvYZOVj0jYIBsW4TGR9AbUF1gzxr3o/view?usp=sharing
ex_210,6f7af242-678c-4029-bee8-d55a8d0678c3,Rosca martelo na polia com corda,Hammer curl on pulley with rope,Curl marteau à la poulie avec corde,Faça rosca martelo usando a corda na polia baixa.,Do hammer curl using rope on low pulley.,Faites un curl marteau avec une corde à la poulie basse.,biceps_brachii; arms; forearms,Braços (Geral); Bíceps Braquial; Antebraços,cable_row,remada baixa,intermediate,Intermediário,pregnancy,Gravidez,asthma; diabetes; high_blood_pressure; cervical_hernia; lumbar_hernia; obesity; heart_condition; shoulder_pain; pregnancy_postpartum,Asma ; Condição Cardíaca ; Diabetes; Hérnia Cervical; Hipertensão ; Lombar; Obesidade ; Ombro; Pescoço; Pós-parto,Academia,140,,https://drive.google.com/file/d/1RqKHZ2z5aMlv1aDUMGn_iVSPekQDnyQD/view?usp=sharing
ex_211,b085ff69-8407-4fba-beeb-874ec1bb7031,Rosca martelo alternada com isometria,Alternating hammer curl with isometric hold,Curl marteau alterné avec maintien isométrique,Mantenha um braço em isometria enquanto o outro executa a rosca.,Hold one arm isometrically while the other curls.,Maintenez un bras en isométrie pendant que l’autre effectue le curl.,biceps_brachii; arms; forearms; deltoids,Deltóides; Braços (Geral); Bíceps Braquial; Antebraços,dumbbells,halteres,intermediate,Intermediário,pregnancy,Gravidez,asthma; diabetes; high_blood_pressure; cervical_hernia; lumbar_hernia; obesity; heart_condition; shoulder_pain; pregnancy_postpartum,Asma ; Condição Cardíaca ; Diabetes; Hérnia Cervical; Hipertensão ; Lombar; Obesidade ; Ombro; Pescoço; Pós-parto,Casa (com equipamento); Academia,145,,https://drive.google.com/file/d/1-xUBInuMaEFOpQQ-7QYA6XePCQfX1hd_/view?usp=sharing
ex_212,25cb4107-936c-4a6a-a689-2997f668a64c,Rosca Zottman com halteres,Zottman curl with dumbbells,Curl Zottman avec haltères,Flexione os braços em supinação e desça em pronação.,Curl up in supination and lower in pronation.,Pliez les bras en supination et descendez en pronation.,biceps_brachii; arms; forearms,Braços (Geral); Bíceps Braquial; Antebraços,dumbbells,halteres,intermediate,Intermediário,pregnancy,Gravidez,asthma; diabetes; high_blood_pressure; obesity; heart_condition; shoulder_pain; pregnancy_postpartum,Asma ; Condição Cardíaca ; Diabetes; Hipertensão ; Obesidade ; Ombro; Pós-parto,Casa (com equipamento); Academia,140,,https://drive.google.com/file/d/1A0QyRp1AdgybkrsUO2iihCyS7qYH7R76/view?usp=sharing
ex_213,57c51dc2-1a12-4c4e-aeb6-495a0c38e8fc,Rosca 21 na barra W,21s curl with EZ bar,Curl 21 à la barre EZ,Faça 21 repetições divididas em 3 amplitudes com a barra W.,Perform 21 reps divided into 3 ranges with EZ bar.,Faites 21 répétitions divisées en 3 amplitudes avec la barre EZ.,biceps_brachii; arms,Braços (Geral); Bíceps Braquial,bar_fixed_bar,barra/barra fixa,advanced,Avançado,pregnancy,Gravidez,asthma; diabetes; high_blood_pressure; obesity; heart_condition; shoulder_pain; pregnancy_postpartum,Asma ; Condição Cardíaca ; Diabetes; Hipertensão ; Obesidade ; Ombro; Pós-parto,Casa (com equipamento); Academia,150,,https://drive.google.com/file/d/1PzcK_9pXmvodblGzN42KWjwod1o-Lvex/view?usp=sharing
ex_214,fc2bd907-410a-49ed-837a-bb699518e9ac,Rosca spider com halteres,Spider curl with dumbbells,Curl spider avec haltères,Deite-se em banco inclinado e faça rosca com halteres.,Lie on incline bench and curl with dumbbells.,Allongez-vous sur un banc incliné et pliez avec des haltères.,biceps_brachii; arms,Braços (Geral); Bíceps Braquial,bench; dumbbells,halteres; banco,intermediate,Intermediário,pregnancy,Gravidez,asthma; diabetes; high_blood_pressure; obesity; heart_condition; shoulder_pain; pregnancy_postpartum,Asma ; Condição Cardíaca ; Diabetes; Hipertensão ; Obesidade ; Ombro; Pós-parto,Casa (com equipamento); Academia,145,,https://drive.google.com/file/d/1hwii4G6KYTN8_GU7H0nD9Vs_5LPwL5Bb/view?usp=sharing
ex_215,d5543fe3-5a4a-41be-87f4-5d256ad5cb84,Rosca na polia com barra reta (pegada supinada),Pulley curl with straight bar (supinated grip),Curl à la poulie avec barre droite (prise supination),Segure a barra reta na polia baixa em supinação e flexione.,Hold straight bar on low pulley underhand and curl.,Tenez la barre droite à la poulie basse en supination et pliez.,biceps_brachii; arms; forearms,Braços (Geral); Bíceps Braquial; Antebraços,cable_row,remada baixa,intermediate,Intermediário,pregnancy,Gravidez,asthma; diabetes; high_blood_pressure; obesity; heart_condition; shoulder_pain; pregnancy_postpartum,Asma ; Condição Cardíaca ; Diabetes; Hipertensão ; Obesidade ; Ombro; Pós-parto,Academia,150,,https://drive.google.com/file/d/1hwii4G6KYTN8_GU7H0nD9Vs_5LPwL5Bb/view?usp=sharing
ex_216,f4a9e69c-e5d3-40af-899e-233d27ce6872,Flexão de braço com pegada fechada,Close-Grip Push-Up,Pompes prise serrée,Flexão de braços com mãos próximas para focar nos tríceps,Push-up with hands close together to target triceps,Pompes avec les mains rapprochées pour cibler les triceps,triceps_brachii; chest; deltoids; core,Core (Geral); Peito (Geral); Deltóides; Tríceps Braquial,none_bodyweight,nenhum (peso do corpo),beginner,Iniciante,pregnancy,Gravidez,asthma; diabetes; high_blood_pressure; obesity; heart_condition; shoulder_pain; pregnancy_postpartum,Asma ; Condição Cardíaca ; Diabetes; Hipertensão ; Obesidade ; Ombro; Pós-parto,Casa (sem equipamento); Casa (com equipamento); Academia; Ar Livre,150,,https://drive.google.com/file/d/1FaGLUxpPAvmY1zKZ2RxWx5yAz8Sx9J-u/view?usp=sharing
ex_217,7b6a495c-0957-43e5-bca1-40849fb89e10,Tríceps testa com halteres,Dumbbell Skull Crusher,Barre front avec haltères,Deite-se e estenda os braços levando os halteres à testa e de volta,Lie down and extend arms moving dumbbells to forehead and back,Allongez-vous et tendez les bras en amenant les haltères au front et retour,triceps_brachii; forearms; stabilizers,Músculos Estabilizadores; Tríceps Braquial; Antebraços,dumbbells,halteres,intermediate,Intermediário,pregnancy,Gravidez,asthma; diabetes; high_blood_pressure; cervical_hernia; lumbar_hernia; obesity; heart_condition; shoulder_pain; pregnancy_postpartum,Asma ; Condição Cardíaca ; Diabetes; Hérnia Cervical; Hipertensão ; Lombar; Obesidade ; Ombro; Pescoço; Pós-parto,Casa (com equipamento); Academia,140,,https://drive.google.com/file/d/1F-dExA0Ti4XoQPl7XysY8-3fIANWoqLM/view?usp=sharing
ex_218,0d64712b-e4c6-45f9-91c3-659f59b2faa3,Tríceps francês com halteres,Dumbbell French Press,Extension française avec haltères,"Sentado ou em pé, leve o halter acima da cabeça e estenda os braços","Seated or standing, lift dumbbell overhead and extend arms","Assis ou debout, soulevez l’haltère au-dessus de la tête et étendez les bras",triceps_brachii; deltoids; forearms,Deltóides; Tríceps Braquial; Antebraços,dumbbells,halteres,intermediate,Intermediário,pregnancy,Gravidez,asthma; diabetes; high_blood_pressure; cervical_hernia; lumbar_hernia; obesity; heart_condition; shoulder_pain; pregnancy_postpartum,Asma ; Condição Cardíaca ; Diabetes; Hérnia Cervical; Hipertensão ; Lombar; Obesidade ; Ombro; Pescoço; Pós-parto,Casa (com equipamento); Academia,135,,https://drive.google.com/file/d/1ppN9t28peigdjmVtJEHX1e02XIItAeL1/view?usp=sharing
ex_219,1df2d107-4f72-4cbf-a8a4-b926c0bde4cf,Extensão de tríceps com elástico,Resistance Band Triceps Extension,Extension triceps avec bande,Segure o elástico acima e estenda os braços para baixo,Hold band overhead and extend arms downward,Tenez l’élastique au-dessus et étendez les bras vers le bas,triceps_brachii; stabilizers,Músculos Estabilizadores; Tríceps Braquial,elastic_band_mini_band,faixa elástica/miniband,beginner,Iniciante,pregnancy,Gravidez,asthma; diabetes; high_blood_pressure; obesity; heart_condition; shoulder_pain; pregnancy_postpartum,Asma ; Condição Cardíaca ; Diabetes; Hipertensão ; Obesidade ; Ombro; Pós-parto,Casa (com equipamento); Academia,125,,https://drive.google.com/file/d/1mgTDKQo4igzIzYl-81CHb7r61DfU-cAq/view?usp=sharing
ex_220,bb2ab227-e95f-46dc-b770-6063c1a704db,Tríceps corda na polia,Triceps Rope Pushdown,Extension triceps à la corde,Puxe a corda da polia para baixo até estender totalmente os braços,Pull rope from pulley down until arms fully extended,Tirez la corde de la poulie vers le bas jusqu’à extension complète,triceps_brachii,Tríceps Braquial,cable_row,remada baixa,intermediate,Intermediário,pregnancy,Gravidez,asthma; diabetes; high_blood_pressure; obesity; heart_condition; shoulder_pain; pregnancy_postpartum,Asma ; Condição Cardíaca ; Diabetes; Hipertensão ; Obesidade ; Ombro; Pós-parto,Academia,145,,https://drive.google.com/file/d/1SNESgRtM4phL2VpfjjdV0TeTGF9RUpgB/view?usp=sharing
ex_221,ea121c35-9d36-4617-9d8a-17f2ae50b682,Tríceps testa com barra,Barbell Skull Crusher,Barre front avec barre,Deite-se e leve a barra da testa até a extensão total dos braços,Lie down and move bar from forehead to full arm extension,Allongez-vous et amenez la barre du front à l’extension complète,triceps_brachii,Tríceps Braquial,bar_fixed_bar,barra/barra fixa,advanced,Avançado,pregnancy,Gravidez,asthma; diabetes; high_blood_pressure; cervical_hernia; lumbar_hernia; obesity; heart_condition; shoulder_pain; pregnancy_postpartum,Asma ; Condição Cardíaca ; Diabetes; Hérnia Cervical; Hipertensão ; Lombar; Obesidade ; Ombro; Pescoço; Pós-parto,Casa (com equipamento); Academia,160,,https://drive.google.com/file/d/1wQy7YvjFdQ548nvinG4e-qctHP48Gzm5/view?usp=sharing
ex_222,8d0d6aaf-1ec4-4ab4-a72a-d8d71ee5fbf3,Tríceps coice com halteres,Dumbbell Kickback,Kickback avec haltères,Incline o tronco e estenda os braços para trás segurando os halteres,Bend torso and extend arms back holding dumbbells,Penchez le buste et étendez les bras vers l’arrière avec haltères,stabilizers; triceps_brachii; forearms,Músculos Estabilizadores; Tríceps Braquial; Antebraços,dumbbells,halteres,intermediate,Intermediário,pregnancy,Gravidez,asthma; diabetes; high_blood_pressure; obesity; heart_condition; shoulder_pain; pregnancy_postpartum,Asma ; Condição Cardíaca ; Diabetes; Hipertensão ; Obesidade ; Ombro; Pós-parto,Casa (com equipamento); Academia,135,,https://drive.google.com/file/d/1timAFaF7jYhwSpEC7IoO9HiCuoYfrH2G/view?usp=sharing
ex_223,0faf396b-6b6a-4e54-8598-1965e91dd8e8,Tríceps na barra paralela (Graviton),Parallel Bar Dip (Graviton),Dips aux barres parallèles (Graviton),Apoie-se nas barras paralelas e flexione os cotovelos para baixo e suba,"Support on parallel bars, bend elbows down and push up","Appuyez-vous sur les barres parallèles, pliez les coudes et poussez vers le haut",triceps_brachii; pectoralis_major; deltoids; core,Core (Geral); Peitoral Maior; Deltóides; Tríceps Braquial,bar_fixed_bar,barra/barra fixa,intermediate,Intermediário,pregnancy,Gravidez,asthma; diabetes; high_blood_pressure; obesity; heart_condition; shoulder_pain; pregnancy_postpartum,Asma ; Condição Cardíaca ; Diabetes; Hipertensão ; Obesidade ; Ombro; Pós-parto,Casa (com equipamento); Academia,160,,https://drive.google.com/file/d/1NeB6gxqIRurRt63TpLCfsYSjR_jCX2xa/view?usp=sharing
ex_224,a399b0bc-1ec6-4c77-988b-dadec5b979e7,Flexão declinada com pegada estreita,Decline Close-Grip Push-Up,Pompes déclinées prise serrée,Flexão de braços com pés elevados e mãos juntas,Push-up with feet elevated and hands close,Pompes avec pieds surélevés et mains rapprochées,triceps_brachii; pectoralis_major; deltoids; core,Core (Geral); Peitoral Maior; Deltóides; Tríceps Braquial,bench,banco,intermediate,Intermediário,none,Nenhuma,none,Nenhuma,Casa (com equipamento); Academia,155,,https://drive.google.com/file/d/1vuH1CvwpWVZ9AQxEKfvzwLfs85_WHoZs/view?usp=sharing
ex_225,c1f73717-b5a9-4ace-8797-ed0b3e8bf8fb,Extensão de tríceps apoiado na parede,Wall Triceps Extension,Extension triceps contre le mur,Encoste as mãos na parede e estenda os braços para trás,Place hands on wall and extend arms back,Placez les mains au mur et étendez les bras vers l’arrière,triceps_brachii; stabilizers; core,Músculos Estabilizadores; Core (Geral); Tríceps Braquial,wall,parede,beginner,Iniciante,pregnancy,Gravidez,asthma; diabetes; high_blood_pressure; obesity; heart_condition; shoulder_pain; pregnancy_postpartum,Asma ; Condição Cardíaca ; Diabetes; Hipertensão ; Obesidade ; Ombro; Pós-parto,Casa (com equipamento); Academia,120,,https://drive.google.com/file/d/1EgYy8esW6LLWD6DtobTOchBhKPt1mv4u/view?usp=sharing
ex_226,1cbb117a-3309-49f0-9204-34e90e4f866c,Extensão de tríceps com elástico (acima da cabeça),Overhead Band Triceps Extension,Extension triceps au-dessus de la tête avec bande,Segure o elástico acima e estenda os braços para frente,Hold band overhead and extend arms forward,Tenez l’élastique au-dessus et étendez les bras vers l’avant,triceps_brachii; deltoids; back,Costas (Geral); Deltóides; Tríceps Braquial,elastic_band_mini_band,faixa elástica/miniband,intermediate,Intermediário,pregnancy,Gravidez,asthma; diabetes; high_blood_pressure; obesity; heart_condition; shoulder_pain; pregnancy_postpartum,Asma ; Condição Cardíaca ; Diabetes; Hipertensão ; Obesidade ; Ombro; Pós-parto,Casa (com equipamento); Academia,130,,https://drive.google.com/file/d/1q13SR_g8xto0bmydR85jQfxFRckn--9W/view?usp=sharing
ex_227,8aa4adff-d640-4577-86f6-ef8f1350dc22,Tríceps corda WRISTS,Triceps Rope Overhead Extension,Extension triceps à la corde au-dessus de la tête,Puxe a corda focando na rotação dos punhos no final,Pull rope focusing on wrist rotation at the end,Tirez la corde en accentuant la rotation des poignets à la fin,triceps_brachii; forearms; deltoids,Deltóides; Tríceps Braquial; Antebraços,cable_row,remada baixa,intermediate,Intermediário,pregnancy,Gravidez,asthma; diabetes; high_blood_pressure; obesity; heart_condition; shoulder_pain; pregnancy_postpartum,Asma ; Condição Cardíaca ; Diabetes; Hipertensão ; Obesidade ; Ombro; Pós-parto,Academia,145,,https://drive.google.com/file/d/1iQEGXoIWND-dXLvOf4-RlFtWKNJluEzz/view?usp=sharing
ex_228,e58344d0-ba32-4c9c-89f3-adff41d4a9cd,Tríceps testa com barra W,EZ Bar Skull Crusher,Barre front avec barre EZ,Deite-se e leve a barra W da testa até a extensão dos braços,Lie down and move W bar from forehead to arm extension,Allongez-vous et amenez la barre W du front à l’extension des bras,triceps_brachii; forearms; stabilizers,Músculos Estabilizadores; Tríceps Braquial; Antebraços,bar_fixed_bar,barra/barra fixa,advanced,Avançado,pregnancy,Gravidez,asthma; diabetes; high_blood_pressure; cervical_hernia; lumbar_hernia; obesity; heart_condition; shoulder_pain; pregnancy_postpartum,Asma ; Condição Cardíaca ; Diabetes; Hérnia Cervical; Hipertensão ; Lombar; Obesidade ; Ombro; Pescoço; Pós-parto,Casa (com equipamento); Academia,150,,https://drive.google.com/file/d/1dbxVDlZOuQlM7p0AqnIfJSw2h8vHn18V/view?usp=sharing
ex_229,182cad0e-c0ab-4924-b054-6e44ea4f9b1a,Tríceps francês unilateral com halteres sentado,Seated One-Arm Dumbbell French Press,Extension française unilatérale assis avec haltère,"Sentado, leve um halter acima da cabeça e estenda um braço por vez","Seated, lift dumbbell overhead and extend one arm at a time","Assis, soulevez un haltère au-dessus de la tête et étendez un bras à la fois",triceps_brachii; deltoids; forearms,Deltóides; Tríceps Braquial; Antebraços,dumbbells,halteres,intermediate,Intermediário,pregnancy,Gravidez,asthma; diabetes; high_blood_pressure; cervical_hernia; lumbar_hernia; obesity; heart_condition; shoulder_pain; pregnancy_postpartum,Asma ; Condição Cardíaca ; Diabetes; Hérnia Cervical; Hipertensão ; Lombar; Obesidade ; Ombro; Pescoço; Pós-parto,Casa (com equipamento); Academia,140,,https://drive.google.com/file/d/1U0qKvofUegQN3wEy-4Gy0z0KkUy4qGOh/view?usp=sharing
ex_230,0a1579b5-56c4-4258-b684-2d48273270c5,Tríceps banco,Bench Dip,Dips sur banc,Apoie as mãos no banco atrás do corpo e flexione os cotovelos,Place hands on bench behind body and bend elbows,Placez les mains sur le banc derrière le corps et pliez les coudes,triceps_brachii; pectoralis_major; deltoids; core,Core (Geral); Peitoral Maior; Deltóides; Tríceps Braquial,bench,banco,intermediate,Intermediário,pregnancy,Gravidez,asthma; diabetes; high_blood_pressure; obesity; heart_condition; shoulder_pain; pregnancy_postpartum,Asma ; Condição Cardíaca ; Diabetes; Hipertensão ; Obesidade ; Ombro; Pós-parto,Casa (com equipamento); Academia,155,,https://drive.google.com/file/d/1TXtIhtYXYRsnDp7WNeJQm1XcKSIA9dQM/view?usp=sharing
ex_231,0bc92838-5925-458a-af22-014311032578,Kickback com elástico,Resistance Band Kickback,Kickback avec bande,Incline o corpo e estenda o braço para trás com elástico,Lean forward and extend arm back with band,Penchez le buste et étendez le bras vers l’arrière avec élastique,triceps_brachii; deltoids; core,Core (Geral); Deltóides; Tríceps Braquial,elastic_band_mini_band,faixa elástica/miniband,intermediate,Intermediário,none,Nenhuma,none,Nenhuma,Casa (com equipamento); Academia,130,,https://drive.google.com/file/d/1vS-L6-moy0fDuNK4MVicBh3OZfmhECqX/view?usp=sharing
ex_232,281e0bc1-488e-4108-a95f-8b661a7befcc,Tríceps coice com elástico unilateral,One-Arm Band Kickback,Kickback unilatéral avec bande,Incline o corpo e estenda um braço de cada vez com elástico,Lean forward and extend one arm at a time with band,Penchez le buste et étendez un bras à la fois avec élastique,triceps_brachii; stabilizers; core,Músculos Estabilizadores; Core (Geral); Tríceps Braquial,elastic_band_mini_band,faixa elástica/miniband,intermediate,Intermediário,pregnancy,Gravidez,asthma; diabetes; high_blood_pressure; obesity; heart_condition; shoulder_pain; pregnancy_postpartum,Asma ; Condição Cardíaca ; Diabetes; Hipertensão ; Obesidade ; Ombro; Pós-parto,Casa (com equipamento); Academia,140,,https://drive.google.com/file/d/15f8rdVPKCrop-DEcivI7kaStOQscF_hg/view?usp=sharing
ex_233,78ef59d9-c42d-4ccc-baf2-412d6d68e51d,Tríceps testa com halteres alternado,Alternating Dumbbell Skull Crusher,Barre front alternée avec haltères,"Deitado, alterne os braços levando os halteres à testa e estenda","Lying down, alternate arms moving dumbbells to forehead and extend","Allongé, alternez les bras en amenant les haltères au front et en étendant",triceps_brachii; forearms; stabilizers,Músculos Estabilizadores; Tríceps Braquial; Antebraços,dumbbells,halteres,intermediate,Intermediário,pregnancy,Gravidez,asthma; diabetes; high_blood_pressure; cervical_hernia; lumbar_hernia; obesity; heart_condition; shoulder_pain; pregnancy_postpartum,Asma ; Condição Cardíaca ; Diabetes; Hérnia Cervical; Hipertensão ; Lombar; Obesidade ; Ombro; Pescoço; Pós-parto,Casa (com equipamento); Academia,145,,https://drive.google.com/file/d/1Sd99lnl7xvr-dpdXT92cL1GVBM7kcL12/view?usp=sharing
ex_234,c71a6f6b-d9de-4e03-9212-ec371a8347eb,Extensão de tríceps na polia alta com barra reta,Straight Bar Cable Pushdown,Extension triceps à la barre droite,Puxe a barra da polia para baixo até estender totalmente os braços,Pull straight bar from pulley down until arms fully extended,Tirez la barre droite de la poulie vers le bas jusqu’à extension complète,triceps_brachii; forearms; deltoids,Deltóides; Tríceps Braquial; Antebraços,cable_row,remada baixa,intermediate,Intermediário,pregnancy,Gravidez,asthma; diabetes; high_blood_pressure; obesity; heart_condition; shoulder_pain; pregnancy_postpartum,Asma ; Condição Cardíaca ; Diabetes; Hipertensão ; Obesidade ; Ombro; Pós-parto,Academia,150,,https://drive.google.com/file/d/1Q0bik8xeZZlbbRTAlirjKCAN36V_CQAA/view?usp=sharing
ex_235,f968da9d-5cdb-4b31-b762-deedc115d6be,Superman,Superman,Superman,Deite de barriga para baixo e levante braços e pernas.,Lie face down and lift arms and legs.,Allongez-vous sur le ventre et levez bras et jambes.,erector_spinae; glutes; trapezius,Trapézio; Eretores da Espinha; Glúteos (Geral),none_bodyweight,nenhum (peso do corpo),beginner,Iniciante,pregnancy,Gravidez,asthma; diabetes; high_blood_pressure; lumbar_hernia; obesity; heart_condition; pregnancy_postpartum,Asma ; Condição Cardíaca ; Diabetes; Hipertensão ; Lombar; Obesidade ; Pós-parto,Casa (sem equipamento); Casa (com equipamento); Academia; Ar Livre,100,,https://drive.google.com/file/d/18kV8NHcUN7XOVSykFH1pOvxsycs2U_gr/view?usp=sharing
ex_236,a157dbc8-0820-4356-a2fa-8f636124f19d,Bird dog,Bird dog,Bird dog,"Em posição de quatro apoios, estenda braço e perna opostos.","On all fours, extend opposite arm and leg.","À quatre pattes, étendez bras et jambe opposés.",erector_spinae; core; glutes,Core (Geral); Eretores da Espinha; Glúteos (Geral),none_bodyweight,nenhum (peso do corpo),beginner,Iniciante,none,Nenhuma,none,Nenhuma,Casa (sem equipamento); Casa (com equipamento); Academia; Ar Livre,115,,https://drive.google.com/file/d/18kV8NHcUN7XOVSykFH1pOvxsycs2U_gr/view?usp=sharing
ex_237,abbd67cd-957e-4bed-9a0a-38850f6bd380,Good morning com peso corporal,Good morning (bodyweight),Good morning (poids du corps),Incline o tronco à frente mantendo as costas retas.,Bend forward keeping back straight.,Penchez-vous en avant en gardant le dos droit.,erector_spinae; back; hamstrings; glutes,Costas (Geral); Eretores da Espinha; Isquiotibiais; Glúteos (Geral),none_bodyweight,nenhum (peso do corpo),beginner,Iniciante,pregnancy,Gravidez,asthma; diabetes; high_blood_pressure; lumbar_hernia; obesity; heart_condition; pregnancy_postpartum,Asma ; Condição Cardíaca ; Diabetes; Hipertensão ; Lombar; Obesidade ; Pós-parto,Casa (sem equipamento); Casa (com equipamento); Academia; Ar Livre,140,,https://drive.google.com/file/d/1gLh92WMRiXARuYRZrMtHmEWmkIH4f64W/view?usp=sharing
ex_238,051a950e-6569-45f0-8cf0-9b9bb5150d20,Remada curvada com halteres,Bent-over row with dumbbells,Rowing penché avec haltères,Incline o tronco e puxe os halteres em direção ao abdômen.,Bend forward and row dumbbells to abdomen.,Penchez le buste et tirez les haltères vers l’abdomen.,back; trapezius; biceps_brachii; core,Core (Geral); Costas (Geral); Trapézio; Bíceps Braquial,dumbbells,halteres,intermediate,Intermediário,pregnancy,Gravidez,asthma; diabetes; high_blood_pressure; lumbar_hernia; obesity; heart_condition; pregnancy_postpartum,Asma ; Condição Cardíaca ; Diabetes; Hipertensão ; Lombar; Obesidade ; Pós-parto,Casa (com equipamento); Academia,160,,https://drive.google.com/file/d/1TIMnnF5eyxATKR2x70cg4FhkBDom8N0v/view?usp=sharing
ex_239,e67c3b90-53a1-4ec2-b865-59b9b838fdb9,Remada unilateral com halteres,One-arm dumbbell row,Rowing unilatéral avec haltère,Apoie um joelho e puxe o haltere para o corpo.,Support one knee and row dumbbell to body.,Appuyez un genou et tirez l’haltère vers le corps.,back; trapezius; biceps_brachii; obliques,Oblíquos; Costas (Geral); Trapézio; Bíceps Braquial,dumbbells,halteres,intermediate,Intermediário,pregnancy,Gravidez,asthma; diabetes; high_blood_pressure; obesity; heart_condition; pregnancy_postpartum,Asma ; Condição Cardíaca ; Diabetes; Hipertensão ; Obesidade ; Pós-parto,Casa (com equipamento); Academia,150,,https://drive.google.com/file/d/1gEIrrwZN9tzNW25HEwozyvVdCLzRzBf-/view?usp=sharing
ex_240,cc65f898-c74a-4323-8ce2-1c3f55805997,Pull apart com elástico,Pull-apart with band,Écarté avec bande élastique,Abra os braços puxando o elástico na altura do peito.,Pull resistance band apart at chest height.,Écartez l’élastique à hauteur de poitrine.,rhomboids; trapezius,Trapézio; Rombóides,elastic_band_mini_band,faixa elástica/miniband,beginner,Iniciante,none,Nenhuma,none,Nenhuma,Casa (com equipamento); Academia,130,,https://drive.google.com/file/d/19NtPc4W8vIR2cUTAwRDwmXyLmJCObALk/view?usp=sharing
ex_241,44d75eb1-6658-46af-beb1-4dd619672a11,Puxada frontal aberta,Wide grip lat pulldown,Tirage vertical prise large,Puxe a barra para baixo com pegada aberta.,Pull bar down with wide grip.,Tirez la barre vers le bas avec une prise large.,back; biceps_brachii,Costas (Geral); Bíceps Braquial,lat_pulldown,puxada alta,intermediate,Intermediário,pregnancy,Gravidez,asthma; diabetes; high_blood_pressure; obesity; heart_condition; pregnancy_postpartum,Asma ; Condição Cardíaca ; Diabetes; Hipertensão ; Obesidade ; Pós-parto,Academia,170,,https://drive.google.com/file/d/1I4mEQUjJMSBMV6YxUT973IVL5A3fhhP5/view?usp=sharing
ex_242,e9be4f50-e35c-4096-a0b3-7931b531d55e,Remada baixa na máquina,Seated row machine,Tirage assis à la machine,Sente-se e puxe a barra da máquina para o abdômen.,Sit and pull machine bar to abdomen.,Asseyez-vous et tirez la barre de la machine vers l’abdomen.,back; trapezius,Costas (Geral); Trapézio,cable_row,remada baixa,intermediate,Intermediário,pregnancy,Gravidez,asthma; diabetes; high_blood_pressure; obesity; heart_condition; pregnancy_postpartum,Asma ; Condição Cardíaca ; Diabetes; Hipertensão ; Obesidade ; Pós-parto,Academia,165,,https://drive.google.com/file/d/16NGF02K_L7rsWeDkYFS-abiUUlISQy9T/view?usp=sharing
ex_243,b6cefc0b-f588-4820-b28e-8889a685dd76,Pulldown com triângulo,Close grip lat pulldown (triangle handle),Tirage vertical prise serrée (triangle),Puxe a barra com triângulo em direção ao corpo.,Pull triangle handle towards chest.,Tirez la poignée triangle vers la poitrine.,back; biceps_brachii,Costas (Geral); Bíceps Braquial,lat_pulldown,puxada alta,intermediate,Intermediário,pregnancy,Gravidez,asthma; diabetes; high_blood_pressure; obesity; heart_condition; pregnancy_postpartum,Asma ; Condição Cardíaca ; Diabetes; Hipertensão ; Obesidade ; Pós-parto,Academia,160,,https://drive.google.com/file/d/13Pg5i9TK4_anFFSJxnAIKVmR6jZYhUcl/view?usp=sharing
ex_244,7477ac0c-8efa-4b48-85ea-c3a34dba5f68,Remada cavalinho na maquina pegada aberta,T-bar row machine (wide grip),Rowing T-bar à la machine (prise large),Puxe a barra em T com pegada aberta.,Row T-bar with wide grip.,Tirez la barre en T avec prise large.,back; trapezius,Costas (Geral); Trapézio,cable_row,remada baixa,advanced,Avançado,pregnancy,Gravidez,asthma; diabetes; high_blood_pressure; obesity; heart_condition; pregnancy_postpartum,Asma ; Condição Cardíaca ; Diabetes; Hipertensão ; Obesidade ; Pós-parto,Academia,175,,https://drive.google.com/file/d/1GgKjCuC6NhkOfmAPC3InIkMD3r2e-1Wz/view?usp=sharing
ex_245,de09eb81-8abd-4d26-a5ad-2f4a3a483086,Deadlift (levantamento terra),Deadlift,Soulevé de terre,Levante a barra do chão mantendo a postura.,Lift bar from floor with straight back.,Soulevez la barre du sol en gardant le dos droit.,back; glutes,Costas (Geral); Glúteos (Geral),bar_fixed_bar,barra/barra fixa,advanced,Avançado,pregnancy,Gravidez,asthma; diabetes; high_blood_pressure; lumbar_hernia; obesity; heart_condition; pregnancy_postpartum,Asma ; Condição Cardíaca ; Diabetes; Hipertensão ; Lombar; Obesidade ; Pós-parto,Casa (com equipamento); Academia,220,,https://drive.google.com/file/d/1c2KTEP3Z0vGA0wi9T0_6wbu0Gm76B2yS/view?usp=sharing
ex_246,ae3f66cc-a6bc-482b-8383-909e891175ae,Barra fixa pronada (pull-up),Pull-up (pronated grip),Traction pronation,Suba segurando a barra com pegada pronada.,Pull body up on bar with pronated grip.,Montez en tirant la barre avec une prise pronation.,back; biceps_brachii,Costas (Geral); Bíceps Braquial,bar_fixed_bar,barra/barra fixa,advanced,Avançado,pregnancy,Gravidez,asthma; diabetes; high_blood_pressure; cervical_hernia; obesity; heart_condition; pregnancy_postpartum,Asma ; Condição Cardíaca ; Diabetes; Hérnia Cervical; Hipertensão ; Obesidade ; Pescoço; Pós-parto,Casa (com equipamento); Academia,200,,https://drive.google.com/file/d/1p4eD1tzkr9DduA06m41UaBg39ZKq7B1D/view?usp=sharing
ex_247,e32d8d83-1b6f-4215-8137-c26e8a0a8979,Body row com pegada aberta,Body row (wide grip),Rowing au poids du corps (prise large),Puxe o corpo na barra com pegada aberta.,Row body on bar with wide grip.,Tirez le corps sur la barre avec prise large.,back; biceps_brachii,Costas (Geral); Bíceps Braquial,trx; bar_fixed_bar,barra/barra fixa; fita de suspensão (trx),intermediate,Intermediário,none,Nenhuma,none,Nenhuma,Casa (com equipamento); Academia,180,,https://drive.google.com/file/d/1IxJkZP10IhYyvp3IdW_dcoNw6hqLl4sp/view?usp=sharing
ex_248,486786cf-bc5f-42c4-89b1-9f437589c549,Kipping pull-up,Kipping pull-up,Kipping traction,Suba explosivamente na barra com balanço.,Pull up explosively using swing.,Montez de manière explosive avec élan.,back; trapezius,Costas (Geral); Trapézio,bar_fixed_bar,barra/barra fixa,advanced,Avançado,none,Nenhuma,none,Nenhuma,Casa (com equipamento); Academia,210,,https://drive.google.com/file/d/1-A3BC-0HtehBvYQ0RUJ3PWOXatenuOxR/view?usp=sharing
ex_249,1f80ee35-6167-43ad-a1e4-d1ee186801be,Prancha com puxada unilateral com elastcio,Plank with unilateral band row,Planche avec tirage unilatéral élastique,"Em prancha, puxe o elástico para o lado do corpo.","In plank, row band to side of body.","En planche, tirez l’élastique vers le corps.",back; core; trapezius; biceps_brachii,Core (Geral); Costas (Geral); Trapézio; Bíceps Braquial,elastic_band_mini_band,faixa elástica/miniband,intermediate,Intermediário,pregnancy,Gravidez,asthma; diabetes; high_blood_pressure; obesity; heart_condition; pregnancy_postpartum,Asma ; Condição Cardíaca ; Diabetes; Hipertensão ; Obesidade ; Pós-parto,Casa (com equipamento); Academia,130,,https://drive.google.com/file/d/1bsknRJN4J3ulcJ0sG_xa-lUKB8lkh6GG/view?usp=sharing
ex_250,8ea43153-f7fa-4bfb-983f-77a4f6ea68f7,Y-W-T Raise no chão,Y-W-T Raise on floor,Y-W-T Raise au sol,"Deite no chão e forme Y, W e T com os braços.","Lie on floor and form Y, W, T with arms.","Allongez-vous et formez un Y, W, T avec les bras.",trapezius; deltoids; erector_spinae,Trapézio; Eretores da Espinha; Deltóides,none_bodyweight,nenhum (peso do corpo),intermediate,Intermediário,none,Nenhuma,none,Nenhuma,Casa (sem equipamento); Casa (com equipamento); Academia; Ar Livre,125,,https://drive.google.com/file/d/1stKZ5Fhfbjra5VBjReP2X3qL6ckEv6mk/view?usp=sharing
ex_251,99dd4e8c-6365-4e53-894f-188628edde7a,Remada com elástico (pegada fechada),Band row (close grip),Rowing avec élastique (prise serrée),Puxe o elástico para trás com pegada fechada.,Row band back with close grip.,Tirez l’élastique vers l’arrière avec prise serrée.,back; trapezius; biceps_brachii; core,Core (Geral); Costas (Geral); Trapézio; Bíceps Braquial,elastic_band_mini_band,faixa elástica/miniband,intermediate,Intermediário,pregnancy,Gravidez,asthma; diabetes; high_blood_pressure; obesity; heart_condition; pregnancy_postpartum,Asma ; Condição Cardíaca ; Diabetes; Hipertensão ; Obesidade ; Pós-parto,Casa (com equipamento); Academia,140,,https://drive.google.com/file/d/1stKZ5Fhfbjra5VBjReP2X3qL6ckEv6mk/view?usp=sharing
ex_252,491f2184-80b1-4224-8734-e4e238b4dc0e,Pulldown com elástico fixado em cima,Overhead band pulldown,Tirage vertical avec élastique (au-dessus),Puxe o elástico fixado acima até o peito.,Pull band from overhead to chest.,Tirez l’élastique fixé en haut vers la poitrine.,back; biceps_brachii; deltoids; core,Core (Geral); Costas (Geral); Deltóides; Bíceps Braquial,elastic_band_mini_band,faixa elástica/miniband,intermediate,Intermediário,pregnancy,Gravidez,asthma; diabetes; high_blood_pressure; obesity; heart_condition; pregnancy_postpartum,Asma ; Condição Cardíaca ; Diabetes; Hipertensão ; Obesidade ; Pós-parto,Casa (com equipamento); Academia,135,,https://drive.google.com/file/d/1ixdqLkk-AHr5kHGo9YYfTMRa6znWVpnY/view?usp=sharing
ex_253,9d21bebf-887b-4d61-8a90-4cb7c35a1120,Remada unilateral na maquina,One-arm machine row,Rowing unilatéral à la machine,Puxe a alavanca com um braço na máquina.,Row machine handle with one arm.,Tirez la poignée de la machine avec un bras.,back; trapezius; biceps_brachii; obliques,Oblíquos; Costas (Geral); Trapézio; Bíceps Braquial,cable_row,remada baixa,intermediate,Intermediário,pregnancy,Gravidez,asthma; diabetes; high_blood_pressure; obesity; heart_condition; pregnancy_postpartum,Asma ; Condição Cardíaca ; Diabetes; Hipertensão ; Obesidade ; Pós-parto,Academia,155,,https://drive.google.com/file/d/1oLuzfIYMjsZrfJFtAdH1-_i8kkge2qjm/view?usp=sharing
ex_254,c565ad51-ebb8-44ce-9b42-b7a5f26bef8e,Crucifixo inverso no banco inclinado,Reverse fly on incline bench,Écarté inversé sur banc incliné,Abra os braços de barriga para baixo no banco inclinado.,Open arms lying face down on incline bench.,Ouvrez les bras allongé sur banc incliné.,deltoids; trapezius; rhomboids,Trapézio; Rombóides; Deltóides,bench; dumbbells,halteres; banco,intermediate,Intermediário,none,Nenhuma,none,Nenhuma,Casa (com equipamento); Academia,135,,https://drive.google.com/file/d/1LTreOaPEQPLjzugGkbIa32Qb0wyllduW/view?usp=sharing
ex_255,abea75dc-9421-4cf2-b944-08579a676e93,Face Pull com elástico,Face pull with band,Face pull avec élastique,Puxe o elástico em direção ao rosto.,Pull band towards face.,Tirez l’élastique vers le visage.,trapezius; rhomboids; deltoids,Trapézio; Rombóides; Deltóides,elastic_band_mini_band,faixa elástica/miniband,intermediate,Intermediário,none,Nenhuma,none,Nenhuma,Casa (com equipamento); Academia,130,,https://drive.google.com/file/d/1zv-0cwtzTCijJmM_pU_TdhZO9WchbFnY/view?usp=sharing
ex_256,ccad8891-ece7-4cb7-b8bf-584e1f0ecd62,Pullover com halteres,Dumbbell pullover,Pull-over avec haltères,Deite e leve o haltere atrás da cabeça e volte.,"Lie down, move dumbbell overhead and return.","Allongez-vous, passez l’haltère derrière la tête et revenez.",back; pectoralis_major; core,Core (Geral); Costas (Geral); Peitoral Maior,dumbbells,halteres,intermediate,Intermediário,none,Nenhuma,none,Nenhuma,Casa (com equipamento); Academia,135,,https://drive.google.com/file/d/1-oVsv53EVWb1n5g0mU8zk2Q8_ZUuv6O8/view?usp=sharing
ex_257,3a9bdf26-6044-45ff-80e3-e9c401510024,Pullover no cross ou na máquina,Pullover on cable or machine,Pull-over à la poulie ou machine,Faça o movimento de pullover no cabo ou máquina.,Do pullover with cable or machine.,Faites le mouvement de pullover à la poulie ou machine.,back; pectoralis_major; core,Core (Geral); Costas (Geral); Peitoral Maior,cable_row,remada baixa,intermediate,Intermediário,none,Nenhuma,none,Nenhuma,Academia,145,,https://drive.google.com/file/d/1YzOf_DhqnitZUeDyZpVrL26yTVJKpnJY/view?usp=sharing
ex_258,fe7bbed5-4fbd-4f76-ab7d-b0eca8763cd8,Remada cavalinho (T-Bar Row),T-Bar Row,Rowing T-Bar,Puxe a barra em T para o abdômen.,Row T-bar to abdomen.,Tirez la barre en T vers l’abdomen.,back; trapezius; biceps_brachii; erector_spinae,Costas (Geral); Trapézio; Eretores da Espinha; Bíceps Braquial,cable_row,remada baixa,intermediate,Intermediário,pregnancy,Gravidez,asthma; diabetes; high_blood_pressure; obesity; heart_condition; pregnancy_postpartum,Asma ; Condição Cardíaca ; Diabetes; Hipertensão ; Obesidade ; Pós-parto,Academia,160,,https://drive.google.com/file/d/1US60qFabqohCLE0t0H1FPkP8j6RboGAs/view?usp=sharing
ex_259,565f6b52-c7cd-477f-bbf2-6eadce514a9b,Back Extension 45° (Roman Chair),Back Extension 45° (Roman Chair),Extension du dos 45° (Roman Chair),Estenda o tronco na cadeira romana.,Extend trunk on Roman chair.,Étendez le tronc sur la chaise romaine.,erector_spinae; glutes; hamstrings,Eretores da Espinha; Isquiotibiais; Glúteos (Geral),hyperextension_bench,Banco de hiperextensão,intermediate,Intermediário,pregnancy; lumbar_hernia; cervical_hernia,Gravidez; Hérnia Cervical; Lombar; Pescoço,none,Nenhuma,Academia,190,,https://drive.google.com/file/d/1Am4odFasU6LyU70rOeefxuy2U55TPIKS/view?usp=sharing
ex_260,ae2f518c-b09b-4aa7-8e09-5ecb8e9cca91,Remada cavalinho na maquina pegada neutra,T-bar row machine (neutral grip),Rowing T-Bar à la machine (prise neutre),Puxe a barra em T na máquina com pegada neutra.,Row T-bar machine with neutral grip.,Tirez la barre en T sur machine avec prise neutre.,back; trapezius; rhomboids; deltoids; biceps_brachii,Costas (Geral); Trapézio; Rombóides; Deltóides; Bíceps Braquial,cable_row,remada baixa,advanced,Avançado,pregnancy,Gravidez,asthma; diabetes; high_blood_pressure; obesity; heart_condition; pregnancy_postpartum,Asma ; Condição Cardíaca ; Diabetes; Hipertensão ; Obesidade ; Pós-parto,Academia,180,,https://drive.google.com/file/d/1Vb8ur3fkOEJzBbLEDgU2mjUFTuruOw5j/view?usp=sharing
ex_261,5bd94093-5fdb-4361-aec4-b2959ad7947b,Pull Up (Graviton),Assisted pull-up (Graviton),Traction assistée (Graviton),Use o gravitron para auxiliar na barra fixa.,Use gravitron for assisted pull-up.,Utilisez le gravitron pour traction assistée.,back; trapezius; rhomboids; biceps_brachii; core,Core (Geral); Costas (Geral); Trapézio; Rombóides; Bíceps Braquial,smith_machine,barra guiada (smith),intermediate,Intermediário,pregnancy,Gravidez,asthma; diabetes; high_blood_pressure; cervical_hernia; obesity; heart_condition; pregnancy_postpartum,Asma ; Condição Cardíaca ; Diabetes; Hérnia Cervical; Hipertensão ; Obesidade ; Pescoço; Pós-parto,Academia,220,,https://drive.google.com/file/d/1asgsuNOyehtxLlJ-OHw4T7esD51U5Ch6/view?usp=sharing
ex_262,e15cb193-14b6-417d-a23d-af71ba23bdc9,Remada baixa aberta pronada,Seated wide grip row (pronated),Tirage assis prise large pronation,Puxe a barra baixa com pegada aberta pronada.,Row low bar with wide pronated grip.,Tirez la barre basse avec prise large pronation.,back; trapezius; rhomboids; deltoids; biceps_brachii,Costas (Geral); Trapézio; Rombóides; Deltóides; Bíceps Braquial,cable_row,remada baixa,intermediate,Intermediário,pregnancy,Gravidez,asthma; diabetes; high_blood_pressure; obesity; heart_condition; pregnancy_postpartum,Asma ; Condição Cardíaca ; Diabetes; Hipertensão ; Obesidade ; Pós-parto,Academia,185,,https://drive.google.com/file/d/1GUP9xv99staKFPnIEuAFltiaPmjvaoSx/view?usp=sharing
ex_263,4658f238-88b4-4a58-aaae-41e56d2024d2,Remada no TRX,TRX row,Rowing TRX,Puxe o corpo no TRX.,Row body on TRX.,Tirez le corps avec TRX.,back; trapezius; biceps_brachii; core,Core (Geral); Costas (Geral); Trapézio; Bíceps Braquial,trx,fita de suspensão (trx),intermediate,Intermediário,pregnancy,Gravidez,asthma; diabetes; high_blood_pressure; obesity; heart_condition; pregnancy_postpartum,Asma ; Condição Cardíaca ; Diabetes; Hipertensão ; Obesidade ; Pós-parto,Casa (com equipamento); Academia,150,,https://drive.google.com/file/d/1hFBQKEd1dV9v_N6fZhbnQIEcKa0KNgId/view?usp=sharing
ex_264,814c7f6b-4ea3-4aba-8e4c-c028d1ac8853,Polichinelo,Jumping Jack,Jumping Jack,Abra e feche pernas e braços saltando.,Jump opening and closing arms and legs.,Sautez en ouvrant et fermant bras et jambes.,full_body; deltoids; glutes; calves,Corpo Inteiro; Deltóides; Glúteos (Geral); Panturrilhas,none_bodyweight,nenhum (peso do corpo),beginner,Iniciante,pregnancy,Gravidez,asthma; high_blood_pressure; obesity; heart_condition; pregnancy_postpartum,Asma ; Condição Cardíaca ; Hipertensão ; Obesidade ; Pós-parto,Casa (sem equipamento); Casa (com equipamento); Academia; Ar Livre,200,,https://drive.google.com/file/d/1_sRfFYnPN3AaPhfl-GzEE_q5u1a7S6JV/view?usp=sharing
ex_265,33a1c544-2e09-4da9-bf28-eeac6241d8a6,Burpee,Burpee,Burpee,"Flexione, deite e salte para cima.","Drop down, do a push-up and jump up.","Descendez au sol, faites une pompe et sautez.",full_body; chest; triceps_brachii; core; quadriceps; glutes,Corpo Inteiro; Core (Geral); Peito (Geral); Tríceps Braquial; Quadríceps; Glúteos (Geral),none_bodyweight,nenhum (peso do corpo),intermediate,Intermediário,pregnancy,Gravidez,asthma; diabetes; high_blood_pressure; lumbar_hernia; obesity; heart_condition; pregnancy_postpartum,Asma ; Condição Cardíaca ; Diabetes; Hipertensão ; Lombar; Obesidade ; Pós-parto,Casa (sem equipamento); Casa (com equipamento); Academia; Ar Livre,240,,https://drive.google.com/file/d/1p0B4GsxOCqnYSITbjBi91JrW16R1nzV5/view?usp=sharing
ex_266,fbfd74cc-3461-48b3-a1bd-9ba8e7b1d34d,Mountain climber,Mountain Climber,Mountain Climber,Corra no lugar alternando joelhos ao peito.,Run in place bringing knees to chest alternately.,Courez sur place en montant les genoux à la poitrine.,core; deltoids; quadriceps,Core (Geral); Deltóides; Quadríceps,none_bodyweight,nenhum (peso do corpo),intermediate,Intermediário,none,Nenhuma,diabetes; lumbar_hernia,Diabetes; Lombar,Casa (sem equipamento); Casa (com equipamento); Academia; Ar Livre,220,,https://drive.google.com/file/d/1rFNlnn5LlD-mmh2-oNmt904477T0PTSy/view?usp=sharing
ex_267,9768d998-1226-42bf-96b0-9043f11fa3be,Pular corda,Jump Rope,Corde à sauter,Salte girando a corda sob os pés.,Jump while swinging the rope under your feet.,Sautez en faisant passer la corde sous vos pieds.,full_body; calves; deltoids; core,Corpo Inteiro; Core (Geral); Deltóides; Panturrilhas,jump_rope,corda de pular,intermediate,Intermediário,pregnancy,Gravidez,asthma; diabetes; high_blood_pressure; cervical_hernia; lumbar_hernia; obesity; heart_condition; pregnancy_postpartum,Asma ; Condição Cardíaca ; Diabetes; Hérnia Cervical; Hipertensão ; Lombar; Obesidade ; Pescoço; Pós-parto,Casa (com equipamento); Academia,300,,https://drive.google.com/file/d/1yWUccxuKLNtL_XcoWsnsvmV3YMny0qth/view?usp=sharing
ex_268,0d81b656-4a7f-48b1-a0a4-29e55b364db5,Esteira (corrida),Treadmill Run,Course sur tapis,Corra em ritmo contínuo na esteira.,Run at a steady pace on the treadmill.,Courez à un rythme régulier sur le tapis roulant.,quadriceps; glutes; hamstrings,Quadríceps; Isquiotibiais; Glúteos (Geral),treadmill,esteira,beginner,Iniciante,pregnancy,Gravidez,asthma; diabetes; high_blood_pressure; cervical_hernia; lumbar_hernia; obesity; heart_condition; pregnancy_postpartum,Asma ; Condição Cardíaca ; Diabetes; Hérnia Cervical; Hipertensão ; Lombar; Obesidade ; Pescoço; Pós-parto,Academia,280,,https://drive.google.com/file/d/1x-lBvNu-T1DEqGEgMuzPpNrLfYWzxT0_/view?usp=sharing
ex_269,c71e9ff9-fc31-4a69-8491-2d579f8e4b02,Bicicleta ergométrica,Stationary Bike,Vélo d'appartement,Pedale sentado em bicicleta ergométrica.,Cycle seated on a stationary bike.,Pédalez assis sur un vélo stationnaire.,quadriceps; glutes; hamstrings,Quadríceps; Isquiotibiais; Glúteos (Geral),stationary_bike,bicicleta ergométrica,beginner,Iniciante,pregnancy,Gravidez,asthma; high_blood_pressure; obesity; heart_condition; pregnancy_postpartum,Asma ; Condição Cardíaca ; Hipertensão ; Obesidade ; Pós-parto,Academia,250,,https://drive.google.com/file/d/16htUUQ_5JfNNgrg4mtiop1FvvNM_i57X/view?usp=sharing
ex_270,b86f83a8-55ff-46a2-8848-0b5663a474ee,Elíptico,Elliptical,Elliptique,Simule corrida com braços e pernas no elíptico.,Simulate running using arms and legs on the elliptical.,Simulez une course avec les bras et les jambes sur l’elliptique.,full_body,Corpo Inteiro,elliptical,elíptico,beginner,Iniciante,pregnancy,Gravidez,asthma; high_blood_pressure; obesity; heart_condition; pregnancy_postpartum,Asma ; Condição Cardíaca ; Hipertensão ; Obesidade ; Pós-parto,Academia,260,,https://drive.google.com/file/d/1rwoijZQOOpsCU7JvcJbkppBlZ4RDbp1e/view?usp=sharing
ex_271,87fbd124-6e1b-4e80-8631-868b89bc2edd,Treino intervalado na escada,Stair Interval Training,Entraînement en escaliers,Suba e desça degraus em alta intensidade.,Go up and down stairs at high intensity.,Montez et descendez les marches à haute intensité.,glutes; quadriceps; hamstrings,Quadríceps; Isquiotibiais; Glúteos (Geral),stair_climber; step,step; simulador de escada,advanced,Avançado,pregnancy,Gravidez,asthma; high_blood_pressure; obesity; heart_condition; pregnancy_postpartum,Asma ; Condição Cardíaca ; Hipertensão ; Obesidade ; Pós-parto,Academia,290,,https://drive.google.com/file/d/1rwoijZQOOpsCU7JvcJbkppBlZ4RDbp1e/view?usp=sharing
ex_272,133e6dfc-a159-4d0c-824b-1f876716d4e5,Battle rope,Battle Rope,Corde ondulatoire,Movimente cordas pesadas alternando os braços.,Move heavy ropes alternating arms.,Faites bouger de lourdes cordes en alternant les bras.,arms; deltoids; core,Core (Geral); Deltóides; Braços (Geral),battle_rope,corda naval,advanced,Avançado,pregnancy,Gravidez,asthma; high_blood_pressure; obesity; heart_condition; pregnancy_postpartum,Asma ; Condição Cardíaca ; Hipertensão ; Obesidade ; Pós-parto,Casa (com equipamento); Academia,280,,https://pub-b8a8c93fcde740fcb7ad36f410c9737f.r2.dev/BATTLE%20ROPE_2.mp4
ex_273,e48f0a22-a49c-4e20-917f-a18e8e468802,Bike ergométrica de alta intensidade (assault bike),Assault Bike,Assault Bike,Pedale com intensidade máxima na assault bike.,Pedal at maximum intensity on the assault bike.,Pédalez à intensité maximale sur l’assault bike.,full_body,Corpo Inteiro,stationary_bike,bicicleta ergométrica,advanced,Avançado,pregnancy,Gravidez,asthma; high_blood_pressure; obesity; heart_condition; pregnancy_postpartum,Asma ; Condição Cardíaca ; Hipertensão ; Obesidade ; Pós-parto,Academia,350,,https://pub-b8a8c93fcde740fcb7ad36f410c9737f.r2.dev/ASSAULT%20BIKE_2.mp4
ex_274,104d844a-8e44-4955-95cc-a2d4cac74349,Half Burpee,Half Burpee,Demi-Burpee,"Desça ao chão, faça meia flexão e levante-se.","Drop down, do half a push-up and stand up.","Descendez, faites une demi-pompe et relevez-vous.",core; deltoids; triceps_brachii; quadriceps; glutes,Core (Geral); Deltóides; Tríceps Braquial; Quadríceps; Glúteos (Geral),none_bodyweight,nenhum (peso do corpo),beginner,Iniciante,pregnancy,Gravidez,asthma; diabetes; high_blood_pressure; lumbar_hernia; obesity; heart_condition; pregnancy_postpartum,Asma ; Condição Cardíaca ; Diabetes; Hipertensão ; Lombar; Obesidade ; Pós-parto,Casa (sem equipamento); Casa (com equipamento); Academia; Ar Livre,200,,https://pub-b8a8c93fcde740fcb7ad36f410c9737f.r2.dev/HALF%20BURPEE_2.mp4
ex_275,535b6af6-73c7-4adb-838b-95771e00de9d,Half Burpee com Step,Half Burpee with Step,Demi-Burpee avec Step,Faça meio burpee com apoio no step.,Do a half burpee using a step for support.,Faites un demi-burpee avec appui sur un step.,core; deltoids; triceps_brachii; quadriceps; glutes,Core (Geral); Deltóides; Tríceps Braquial; Quadríceps; Glúteos (Geral),step,step,beginner,Iniciante,pregnancy,Gravidez,asthma; diabetes; high_blood_pressure; lumbar_hernia; obesity; heart_condition; pregnancy_postpartum,Asma ; Condição Cardíaca ; Diabetes; Hipertensão ; Lombar; Obesidade ; Pós-parto,Casa (com equipamento); Academia,180,,https://pub-b8a8c93fcde740fcb7ad36f410c9737f.r2.dev/HALF%20BURPEE%20ADAPTADO_2.mp4
ex_276,1738743d-59f7-4daf-8fa3-2f00218d3b90,Corrida estacionária com calcanhar no glúteo,Butt Kicks,Talons-fesses,Corra no lugar levando os calcanhares aos glúteos.,Run in place bringing heels to glutes.,Courez sur place en ramenant les talons aux fessiers.,quadriceps; glutes; core; calves,Core (Geral); Quadríceps; Glúteos (Geral); Panturrilhas,none_bodyweight,nenhum (peso do corpo),beginner,Iniciante,pregnancy,Gravidez,asthma; diabetes; high_blood_pressure; cervical_hernia; lumbar_hernia; obesity; heart_condition; pregnancy_postpartum,Asma ; Condição Cardíaca ; Diabetes; Hérnia Cervical; Hipertensão ; Lombar; Obesidade ; Pescoço; Pós-parto,Casa (sem equipamento); Casa (com equipamento); Academia; Ar Livre,210,,https://drive.google.com/file/d/1SH0IE0fTkvNImzuWcILSrOrdMH9UnZhT/view?usp=sharing
ex_277,f9e3e27c-5f17-4228-8829-def45ce8aae6,Salto de corda simples,Single Jump Rope,Saut à la corde simple,Salte com a corda passando sob os pés.,Jump rope with simple jumps.,Sautez avec la corde passant sous les pieds.,full_body,Corpo Inteiro,jump_rope,corda de pular,beginner,Iniciante,pregnancy,Gravidez,asthma; high_blood_pressure; obesity; heart_condition; pregnancy_postpartum,Asma ; Condição Cardíaca ; Hipertensão ; Obesidade ; Pós-parto,Casa (com equipamento); Academia,310,,https://drive.google.com/file/d/1ru412V_C29DoehB7Td6AtAxEsCW5-X_l/view?usp=sharing
ex_278,41c0b9b8-68d2-4d2e-8e81-6a6d52432fab,Remada em máquina (Row),Rowing Machine,Rameur,Reme puxando o cabo da máquina para o corpo.,Row pulling the machine handle toward your body.,Ramez en tirant la poignée de la machine vers vous.,full_body,Corpo Inteiro,rowing_machine,remo,intermediate,Intermediário,none,Nenhuma,none,Nenhuma,Academia,270,,https://drive.google.com/file/d/11CeYfv61vnfr7GaZ53mpW0kAFgsO5nqT/view?usp=sharing
ex_279,a3cb29fe-be5a-4d0d-9ee1-afc8e4ef5b35,Skaters (saltos laterais),Skaters,Skaters,Salte lateralmente alternando as pernas.,Jump side to side alternating legs.,Sautez latéralement en alternant les jambes.,quadriceps; glutes; core,Core (Geral); Quadríceps; Glúteos (Geral),none_bodyweight,nenhum (peso do corpo),intermediate,Intermediário,pregnancy,Gravidez,asthma; high_blood_pressure; obesity; heart_condition; pregnancy_postpartum,Asma ; Condição Cardíaca ; Hipertensão ; Obesidade ; Pós-parto,Casa (sem equipamento); Casa (com equipamento); Academia; Ar Livre,230,,https://drive.google.com/file/d/1ICy7eKqSHyNySHvYA90G1eK15oNu2ucW/view?usp=sharing
ex_280,85fafa2f-3ab4-4c4d-9919-8601eb8c7bc8,Jumping lunge (afundo com salto),Jumping Lunge,Fente sautée,Afunde alternando pernas com salto explosivo.,Lunge alternating legs with explosive jumps.,Faites une fente avec saut explosif en alternant les jambes.,quadriceps; glutes,Quadríceps; Glúteos (Geral),none_bodyweight,nenhum (peso do corpo),advanced,Avançado,pregnancy,Gravidez,asthma; high_blood_pressure; obesity; heart_condition; pregnancy_postpartum,Asma ; Condição Cardíaca ; Hipertensão ; Obesidade ; Pós-parto,Casa (sem equipamento); Casa (com equipamento); Academia; Ar Livre,260,,https://drive.google.com/file/d/1zGi_PN-CZvIhnhOIo1y_ihJswuG-6DRL/view?usp=sharing
ex_281,5ecab7be-18ab-4f3b-b259-7e4fb8ca3565,Sprints na esteira,Treadmill Sprints,Sprints sur tapis,Corra em velocidade máxima na esteira.,Run at maximum speed on the treadmill.,Courez à vitesse maximale sur le tapis roulant.,quadriceps; glutes; hamstrings,Quadríceps; Isquiotibiais; Glúteos (Geral),treadmill,esteira,advanced,Avançado,pregnancy,Gravidez,asthma; diabetes; high_blood_pressure; cervical_hernia; lumbar_hernia; obesity; heart_condition; pregnancy_postpartum,Asma ; Condição Cardíaca ; Diabetes; Hérnia Cervical; Hipertensão ; Lombar; Obesidade ; Pescoço; Pós-parto,Academia,320,,https://drive.google.com/file/d/1yhO9uh6OdIOQjwZM_YmuqOWtAQxV2ExI/view?usp=sharing
ex_282,2f87f13c-bf7a-4c64-b083-abb60b130d05,Subida e descida no step rápido,Fast Step Ups,Montées rapides sur step,Suba e desça rapidamente no step.,Step up and down quickly on the step.,Montez et descendez rapidement du step.,quadriceps; glutes,Quadríceps; Glúteos (Geral),step; box,step; caixa,intermediate,Intermediário,pregnancy,Gravidez,asthma; high_blood_pressure; obesity; heart_condition; pregnancy_postpartum,Asma ; Condição Cardíaca ; Hipertensão ; Obesidade ; Pós-parto,Casa (com equipamento); Academia,240,,https://drive.google.com/file/d/11usiRuEU16e5VYg9v9Lxp4GDZY8PhPKU/view?usp=sharing
ex_283,97a9e835-607d-4966-ab16-bd35aa2982ab,Box Jump,Box Jump,Box Jump,Salte sobre a caixa aterrissando em segurança.,Jump onto the box landing safely.,Sautez sur la box en atterrissant en sécurité.,quadriceps; glutes; core,Core (Geral); Quadríceps; Glúteos (Geral),box,caixa,advanced,Avançado,pregnancy; lumbar_hernia; cervical_hernia; pregnancy_postpartum; joint_problems_severe,Gravidez; Hérnia Cervical; Lombar; Pescoço; Pós-parto; Problemas Articulares Graves,asthma; diabetes; high_blood_pressure; obesity; heart_condition,Asma ; Condição Cardíaca ; Diabetes; Hipertensão ; Obesidade ,Casa (com equipamento); Academia,260,,https://drive.google.com/file/d/1CpTn2yBPAZk7RAF8mPR1JlddFm4zVpw-/view?usp=sharing
ex_284,71c6d6f7-a5dd-4195-a72d-89b5221af01d,Box Jump Over,Box Jump Over,Box Jump Over,Salte sobre e além da caixa em sequência.,Jump onto and over the box continuously.,Sautez sur et par-dessus la box en continu.,quadriceps; glutes; core,Core (Geral); Quadríceps; Glúteos (Geral),box,caixa,advanced,Avançado,pregnancy; lumbar_hernia; cervical_hernia; pregnancy_postpartum; joint_problems_severe,Gravidez; Hérnia Cervical; Lombar; Pescoço; Pós-parto; Problemas Articulares Graves,asthma; diabetes; high_blood_pressure; obesity; heart_condition,Asma ; Condição Cardíaca ; Diabetes; Hipertensão ; Obesidade ,Casa (com equipamento); Academia,270,,https://drive.google.com/file/d/1J4MU1MMjKLv48w-TE_34Elhcv4OaUIxG/view?usp=sharing
ex_285,2993af20-b65b-4cca-a52f-a7c892916530,Wall Ball,Wall Ball,Wall Ball,Agache e arremesse a bola contra a parede.,Squat and throw the ball against the wall.,Accroupissez-vous et lancez le ballon contre le mur.,full_body,Corpo Inteiro,medicine_ball,medicine ball,intermediate,Intermediário,pregnancy,Gravidez,asthma; high_blood_pressure; obesity; heart_condition; pregnancy_postpartum,Asma ; Condição Cardíaca ; Hipertensão ; Obesidade ; Pós-parto,Casa (com equipamento); Academia,280,,https://drive.google.com/file/d/1CpTn2yBPAZk7RAF8mPR1JlddFm4zVpw-/view?usp=sharing
ex_286,7a42d83f-a576-4e11-b081-3d3cf1d65776,Corrida lateral com toques no chão,Lateral Run with Floor Touch,Course latérale avec touche au sol,Corra lateralmente tocando a mão no chão.,Run sideways touching the floor with one hand.,Courez latéralement en touchant le sol avec une main.,glutes; quadriceps; core; calves,Core (Geral); Quadríceps; Glúteos (Geral); Panturrilhas,none_bodyweight,nenhum (peso do corpo),intermediate,Intermediário,pregnancy,Gravidez,asthma; diabetes; high_blood_pressure; cervical_hernia; lumbar_hernia; obesity; heart_condition; pregnancy_postpartum,Asma ; Condição Cardíaca ; Diabetes; Hérnia Cervical; Hipertensão ; Lombar; Obesidade ; Pescoço; Pós-parto,Casa (sem equipamento); Casa (com equipamento); Academia; Ar Livre,220,,https://drive.google.com/file/d/1BHlqrwQyf_BmBbmbDqXNHbOywJPCfoaD/view?usp=sharing
ex_287,8244ff43-3b9d-4f87-8ae1-43e8190027dd,High knees (elevação rápida dos joelhos),High Knees,Montées de genoux,Corra no lugar elevando os joelhos rapidamente.,Run in place lifting knees quickly.,Courez sur place en montant rapidement les genoux.,core; glutes; quadriceps,Core (Geral); Quadríceps; Glúteos (Geral),none_bodyweight,nenhum (peso do corpo),intermediate,Intermediário,pregnancy,Gravidez,asthma; high_blood_pressure; obesity; heart_condition; pregnancy_postpartum,Asma ; Condição Cardíaca ; Hipertensão ; Obesidade ; Pós-parto,Casa (sem equipamento); Casa (com equipamento); Academia; Ar Livre,250,,https://drive.google.com/file/d/1-L7uqo6_AjAITZyfYAVRc5DaXCzi9pYS/view?usp=sharing
ex_288,b70a4e12-799a-4c7a-9613-7778db271778,Escalador crossbody,Crossbody Mountain Climber,Mountain Climber croisé,Traga os joelhos ao peito cruzando em prancha.,Bring knees across the body in plank position.,Amenez les genoux en travers du corps en position planche.,core; deltoids; glutes,Core (Geral); Deltóides; Glúteos (Geral),none_bodyweight,nenhum (peso do corpo),intermediate,Intermediário,pregnancy,Gravidez,asthma; high_blood_pressure; obesity; heart_condition; pregnancy_postpartum,Asma ; Condição Cardíaca ; Hipertensão ; Obesidade ; Pós-parto,Casa (sem equipamento); Casa (com equipamento); Academia; Ar Livre,230,,https://drive.google.com/file/d/1gAHlG5VlVWT4LTZzlBbpArJtDMz96aJd/view?usp=sharing
ex_289,901c281b-da4b-4c62-82ec-d46f882f027f,Thruster com elastico,Band Thruster,Thruster avec élastique,Agache e pressione o elástico acima da cabeça.,Squat and press the band overhead.,Accroupissez-vous et poussez l’élastique au-dessus de la tête.,quadriceps; glutes; deltoids; core,Core (Geral); Deltóides; Quadríceps; Glúteos (Geral),elastic_band_mini_band,faixa elástica/miniband,intermediate,Intermediário,pregnancy,Gravidez,asthma; high_blood_pressure; obesity; heart_condition; pregnancy_postpartum,Asma ; Condição Cardíaca ; Hipertensão ; Obesidade ; Pós-parto,Casa (com equipamento); Academia,300,,https://drive.google.com/file/d/1saO25oyU58BOEkJ8HMdICI9G76X_1Grl/view?usp=sharing
ex_290,55159945-eea5-4214-9686-7ac643fe4430,Bear crawl (deslocamento em 4 apoios),Bear Crawl,Bear Crawl,Desloque-se em quatro apoios pelo chão.,Crawl forward on hands and feet.,Avancez à quatre pattes au sol.,deltoids; core; quadriceps; glutes,Core (Geral); Deltóides; Quadríceps; Glúteos (Geral),none_bodyweight,nenhum (peso do corpo),intermediate,Intermediário,pregnancy,Gravidez,asthma; high_blood_pressure; obesity; heart_condition; pregnancy_postpartum,Asma ; Condição Cardíaca ; Hipertensão ; Obesidade ; Pós-parto,Casa (sem equipamento); Casa (com equipamento); Academia; Ar Livre,240,,https://drive.google.com/file/d/1j_VfntZ3H0UZ3PBLcleZWghJYxRAI1NT/view?usp=sharing
ex_291,f80d42b6-40c5-4ce9-b5dc-304aeaa602aa,Kettlebell swing (ou com halter),Kettlebell Swing (or Dumbbell Swing),Balancement de kettlebell (ou haltère),Balance o kettlebell entre as pernas e acima da cabeça.,Swing kettlebell from between legs to overhead.,Balancez le kettlebell entre les jambes et au-dessus de la tête.,glutes; hamstrings; core; deltoids,Core (Geral); Deltóides; Isquiotibiais; Glúteos (Geral),kettlebell; dumbbells,halteres; kettlebell,intermediate,Intermediário,pregnancy,Gravidez,asthma; high_blood_pressure; obesity; heart_condition; pregnancy_postpartum,Asma ; Condição Cardíaca ; Hipertensão ; Obesidade ; Pós-parto,Casa (com equipamento); Academia,300,,https://drive.google.com/file/d/1vxBahjJxuh8_nKjAQa8FVmJELu-U8QXF/view?usp=sharing
ex_292,04efbdd6-77a0-4f58-94d6-261348d9bbe2,Polichinelo com agachamento,Squat Jack,Jumping Jack avec squat,Faça polichinelo descendo em agachamento.,Do jumping jacks lowering into a squat.,Faites un jumping jack en descendant en squat.,full_body; glutes; quadriceps; core,Corpo Inteiro; Core (Geral); Quadríceps; Glúteos (Geral),none_bodyweight,nenhum (peso do corpo),intermediate,Intermediário,pregnancy,Gravidez,asthma; high_blood_pressure; obesity; heart_condition; pregnancy_postpartum,Asma ; Condição Cardíaca ; Hipertensão ; Obesidade ; Pós-parto,Casa (sem equipamento); Casa (com equipamento); Academia; Ar Livre,230,,https://drive.google.com/file/d/1lieSkCxnQYxeJB1y7DINrpcs4_Rx_p_0/view?usp=sharing
ex_293,3f124e6c-c13f-4964-a589-39bec946daa3,Polichinelo com toque no chão,Jack with Floor Touch,Jumping Jack avec touche au sol,Faça polichinelo tocando as mãos no chão.,Do jumping jacks touching the floor.,Faites un jumping jack en touchant le sol.,full_body; glutes; deltoids; core,Corpo Inteiro; Core (Geral); Deltóides; Glúteos (Geral),none_bodyweight,nenhum (peso do corpo),intermediate,Intermediário,pregnancy,Gravidez,asthma; high_blood_pressure; obesity; heart_condition; pregnancy_postpartum,Asma ; Condição Cardíaca ; Hipertensão ; Obesidade ; Pós-parto,Casa (sem equipamento); Casa (com equipamento); Academia; Ar Livre,240,,https://drive.google.com/file/d/193dtnJtAgqRWNNYxzePvrMh18gV1F1kN/view?usp=sharing
ex_294,c12dfb10-d839-492e-bd4c-86632a736bff,Polichinelo cruzado,Cross Jack,Jumping Jack croisé,Cruze braços e pernas no polichinelo.,Cross arms and legs while doing jumping jacks.,Croisez bras et jambes en faisant des jumping jacks.,full_body; deltoids; glutes; core,Corpo Inteiro; Core (Geral); Deltóides; Glúteos (Geral),none_bodyweight,nenhum (peso do corpo),beginner,Iniciante,pregnancy,Gravidez,asthma; high_blood_pressure; obesity; heart_condition; pregnancy_postpartum,Asma ; Condição Cardíaca ; Hipertensão ; Obesidade ; Pós-parto,Casa (sem equipamento); Casa (com equipamento); Academia; Ar Livre,220,,https://drive.google.com/file/d/10ZxMYZ-ZII69G25JIYrdGufYzgGR6LFm/view?usp=sharing
ex_295,bc244206-bd8e-4629-b87a-ead6227eef0c,Polichinelo frontal,Front Jack,Jumping Jack frontal,Abra e feche braços e pernas à frente do corpo.,Open and close arms and legs in front of body.,Ouvrez et fermez bras et jambes devant le corps.,full_body; deltoids; chest; core,Corpo Inteiro; Core (Geral); Peito (Geral); Deltóides,none_bodyweight,nenhum (peso do corpo),beginner,Iniciante,pregnancy,Gravidez,asthma; high_blood_pressure; obesity; heart_condition; pregnancy_postpartum,Asma ; Condição Cardíaca ; Hipertensão ; Obesidade ; Pós-parto,Casa (sem equipamento); Casa (com equipamento); Academia; Ar Livre,225,,https://drive.google.com/file/d/1wHeSX4HIYmvFBac0k2DU6xxY8BRhRajB/view?usp=sharing
ex_296,e9cd862a-a7b5-4a9b-bf50-476f0154ddc0,Passos de pato,Duck Walk,Marche du canard,Ande agachado imitando um pato.,Walk squatting like a duck.,Marchez accroupi en imitant un canard.,glutes; quadriceps; core; calves,Core (Geral); Quadríceps; Glúteos (Geral); Panturrilhas,none_bodyweight,nenhum (peso do corpo),intermediate,Intermediário,pregnancy,Gravidez,asthma; high_blood_pressure; obesity; heart_condition; pregnancy_postpartum,Asma ; Condição Cardíaca ; Hipertensão ; Obesidade ; Pós-parto,Casa (sem equipamento); Casa (com equipamento); Academia; Ar Livre,220,,https://drive.google.com/file/d/1o54y14PN2xBZR00bIMlVcWrCBBLiQUOi/view?usp=sharing
ex_297,8a1cec09-52c0-4eff-91ef-2c209ccc641b,Passos de caranguejo,Crab Walk,Marche du crabe,Ande de lado em cócoras como um caranguejo.,Walk sideways in squat like a crab.,Marchez accroupi de côté comme un crabe.,glutes; deltoids; core; quadriceps,Core (Geral); Deltóides; Quadríceps; Glúteos (Geral),none_bodyweight,nenhum (peso do corpo),intermediate,Intermediário,pregnancy,Gravidez,asthma; high_blood_pressure; obesity; heart_condition; pregnancy_postpartum,Asma ; Condição Cardíaca ; Hipertensão ; Obesidade ; Pós-parto,Casa (sem equipamento); Casa (com equipamento); Academia; Ar Livre,210,,https://drive.google.com/file/d/1J14a7tk5kIv74HDukc20N-5D_JKPsG_r/view?usp=sharing
ex_298,14142ca5-a3ca-41f3-a18a-dbeaf354d8f3,Passos de jacaré,Alligator Walk,Marche de l’alligator,Rasteje baixo imitando um jacaré.,Crawl low imitating a crocodile.,Rampez bas en imitant un crocodile.,core; deltoids; chest; glutes,Core (Geral); Peito (Geral); Deltóides; Glúteos (Geral),none_bodyweight,nenhum (peso do corpo),advanced,Avançado,pregnancy,Gravidez,asthma; high_blood_pressure; obesity; heart_condition; pregnancy_postpartum,Asma ; Condição Cardíaca ; Hipertensão ; Obesidade ; Pós-parto,Casa (sem equipamento); Casa (com equipamento); Academia; Ar Livre,250,,https://drive.google.com/file/d/1bO1X4LSihdJSOIqyhssXcIeAcWAdrxEZ/view?usp=sharing
ex_299,fa45252d-60f7-4e39-970c-78379116aef6,Salto de sapo,Frog Jump,Saut de grenouille,Salte para frente e agache como um sapo.,Jump forward and squat like a frog.,Sautez en avant et accroupissez-vous comme une grenouille.,glutes; quadriceps; core; calves,Core (Geral); Quadríceps; Glúteos (Geral); Panturrilhas,none_bodyweight,nenhum (peso do corpo),intermediate,Intermediário,pregnancy,Gravidez,asthma; high_blood_pressure; obesity; heart_condition; pregnancy_postpartum,Asma ; Condição Cardíaca ; Hipertensão ; Obesidade ; Pós-parto,Casa (sem equipamento); Casa (com equipamento); Academia; Ar Livre,240,,https://drive.google.com/file/d/10g7HMxqElUFn-ekw1E3HanjlzgHWKlRg/view?usp=sharing
