meal_plan_id,meal_plan_nome,dietary_preference,meals_per_day,day_order,refeicoes_do_dia,calorias_totais_dia,proteina_total_g,carboidrato_total_g,gordura_total_g
mp_001,Hipertrofia - 2500 kcal,omnivore,6,1,Café da manhã: Pão Integral com Pasta de Amendoim e Geleia | Lanche: Sanduíche de Pasta de Amendoim Quente | Almoço: Lentilha Estufada com Cogumelos | Lanche: Sanduíche de Pasta de Amendoim Quente | Janta: Wrap de Kebab de Carne | Lanche: Sanduíche de Pasta de Amendoim Quente,2212,102.6,265.3,87.0
mp_001,Hipertrofia - 2500 kcal,omnivore,6,2,Café da manhã: Pão Integral com Pasta de Amendoim e Geleia | Lanche: Sanduíche de Pasta de Amendoim Quente | Almoço: Lentilha Estufada com Cogumelos | Lanche: Sanduíche de Pasta de Amendoim Quente | Janta: Wrap de Kebab de Carne | Lanche: Sanduíche de Pasta de Amendoim Quente,2212,102.6,265.3,87.0
mp_001,Hipertrofia - 2500 kcal,omnivore,6,3,Café da manhã: Pão Integral com Pasta de Amendoim e Geleia | Lanche: Sanduíche de Pasta de Amendoim Quente | Almoço: Lentilha Estufada com Cogumelos | Lanche: Sanduíche de Pasta de Amendoim Quente | Janta: Wrap de Kebab de Carne | Lanche: Sanduíche de Pasta de Amendoim Quente,2212,102.6,265.3,87.0
mp_001,Hipertrofia - 2500 kcal,omnivore,6,4,Café da manhã: Pão Integral com Pasta de Amendoim e Geleia | Lanche: Sanduíche de Pasta de Amendoim Quente | Almoço: Lentilha Estufada com Cogumelos | Lanche: Sanduíche de Pasta de Amendoim Quente | Janta: Wrap de Kebab de Carne | Lanche: Sanduíche de Pasta de Amendoim Quente,2212,102.6,265.3,87.0
mp_001,Hipertrofia - 2500 kcal,omnivore,6,5,Café da manhã: Pão Integral com Pasta de Amendoim e Geleia | Lanche: Sanduíche de Pasta de Amendoim Quente | Almoço: Lentilha Estufada com Cogumelos | Lanche: Sanduíche de Pasta de Amendoim Quente | Janta: Wrap de Kebab de Carne | Lanche: Sanduíche de Pasta de Amendoim Quente,2212,102.6,265.3,87.0
mp_001,Hipertrofia - 2500 kcal,omnivore,6,6,Café da manhã: Pão Integral com Pasta de Amendoim e Geleia | Lanche: Sanduíche de Pasta de Amendoim Quente | Almoço: Lentilha Estufada com Cogumelos | Lanche: Sanduíche de Pasta de Amendoim Quente | Janta: Wrap de Kebab de Carne | Lanche: Sanduíche de Pasta de Amendoim Quente,2212,102.6,265.3,87.0
mp_001,Hipertrofia - 2500 kcal,omnivore,6,7,Café da manhã: Pão Integral com Pasta de Amendoim e Geleia | Lanche: Sanduíche de Pasta de Amendoim Quente | Almoço: Lentilha Estufada com Cogumelos | Lanche: Sanduíche de Pasta de Amendoim Quente | Janta: Wrap de Kebab de Carne | Lanche: Sanduíche de Pasta de Amendoim Quente,2212,102.6,265.3,87.0
mp_002,Emagrecimento - 1600 kcal,omnivore,4,1,Café da manhã: Mingau de Aveia com Banana | Almoço: Bowl de Salmão e Abacate | Janta: Almôndegas Caseiras de Patinho | Lanche: Batata Frita com Queijo e Bacon,1791.6,93.2,166.3,83.7
mp_002,Emagrecimento - 1600 kcal,omnivore,4,2,Café da manhã: Mingau de Aveia com Banana | Almoço: Bowl de Salmão e Abacate | Janta: Almôndegas Caseiras de Patinho | Lanche: Batata Frita com Queijo e Bacon,1791.6,93.2,166.3,83.7
mp_002,Emagrecimento - 1600 kcal,omnivore,4,3,Café da manhã: Mingau de Aveia com Banana | Almoço: Bowl de Salmão e Abacate | Janta: Almôndegas Caseiras de Patinho | Lanche: Batata Frita com Queijo e Bacon,1791.6,93.2,166.3,83.7
mp_002,Emagrecimento - 1600 kcal,omnivore,4,4,Café da manhã: Mingau de Aveia com Banana | Almoço: Bowl de Salmão e Abacate | Janta: Almôndegas Caseiras de Patinho | Lanche: Batata Frita com Queijo e Bacon,1791.6,93.2,166.3,83.7
mp_002,Emagrecimento - 1600 kcal,omnivore,4,5,Café da manhã: Mingau de Aveia com Banana | Almoço: Bowl de Salmão e Abacate | Janta: Almôndegas Caseiras de Patinho | Lanche: Batata Frita com Queijo e Bacon,1791.6,93.2,166.3,83.7
mp_002,Emagrecimento - 1600 kcal,omnivore,4,6,Café da manhã: Mingau de Aveia com Banana | Almoço: Bowl de Salmão e Abacate | Janta: Almôndegas Caseiras de Patinho | Lanche: Batata Frita com Queijo e Bacon,1791.6,93.2,166.3,83.7
mp_002,Emagrecimento - 1600 kcal,omnivore,4,7,Café da manhã: Mingau de Aveia com Banana | Almoço: Bowl de Salmão e Abacate | Janta: Almôndegas Caseiras de Patinho | Lanche: Batata Frita com Queijo e Bacon,1791.6,93.2,166.3,83.7
mp_003,Emagrecimento - 1800 kcal,omnivore,4,1,Café da manhã: Tapioca de Frango com Requeijão Light | Almoço: Salada Rápida de Feijão Fradinho | Janta: Pizza de Calabresa em Casa | Lanche: Batata Frita com Queijo e Bacon,1823,82.5,207.3,68.9
mp_003,Emagrecimento - 1800 kcal,omnivore,4,2,Café da manhã: Tapioca de Frango com Requeijão Light | Almoço: Salada Rápida de Feijão Fradinho | Janta: Pizza de Calabresa em Casa | Lanche: Batata Frita com Queijo e Bacon,1823,82.5,207.3,68.9
mp_003,Emagrecimento - 1800 kcal,omnivore,4,3,Café da manhã: Tapioca de Frango com Requeijão Light | Almoço: Salada Rápida de Feijão Fradinho | Janta: Pizza de Calabresa em Casa | Lanche: Batata Frita com Queijo e Bacon,1823,82.5,207.3,68.9
mp_003,Emagrecimento - 1800 kcal,omnivore,4,4,Café da manhã: Tapioca de Frango com Requeijão Light | Almoço: Salada Rápida de Feijão Fradinho | Janta: Pizza de Calabresa em Casa | Lanche: Batata Frita com Queijo e Bacon,1823,82.5,207.3,68.9
mp_003,Emagrecimento - 1800 kcal,omnivore,4,5,Café da manhã: Tapioca de Frango com Requeijão Light | Almoço: Salada Rápida de Feijão Fradinho | Janta: Pizza de Calabresa em Casa | Lanche: Batata Frita com Queijo e Bacon,1823,82.5,207.3,68.9
mp_003,Emagrecimento - 1800 kcal,omnivore,4,6,Café da manhã: Tapioca de Frango com Requeijão Light | Almoço: Salada Rápida de Feijão Fradinho | Janta: Pizza de Calabresa em Casa | Lanche: Batata Frita com Queijo e Bacon,1823,82.5,207.3,68.9
mp_003,Emagrecimento - 1800 kcal,omnivore,4,7,Café da manhã: Tapioca de Frango com Requeijão Light | Almoço: Salada Rápida de Feijão Fradinho | Janta: Pizza de Calabresa em Casa | Lanche: Batata Frita com Queijo e Bacon,1823,82.5,207.3,68.9
mp_004,Hipertrofia - 3200 kcal,omnivore,6,1,Café da manhã: Pão Integral com Pasta de Amendoim e Geleia | Lanche: Batata Frita com Queijo e Bacon | Almoço: Prato Feito Turbinado (Ovo e Fritas) | Lanche: Batido Hipercalórico (Mass Gainer Caseiro) | Janta: Almôndegas Caseiras de Patinho | Lanche: Tapioca Doce de Amendoim e Morango,2972,142.6,313.3,128.1
mp_004,Hipertrofia - 3200 kcal,omnivore,6,2,Café da manhã: Pão Integral com Pasta de Amendoim e Geleia | Lanche: Batata Frita com Queijo e Bacon | Almoço: Prato Feito Turbinado (Ovo e Fritas) | Lanche: Batido Hipercalórico (Mass Gainer Caseiro) | Janta: Almôndegas Caseiras de Patinho | Lanche: Tapioca Doce de Amendoim e Morango,2972,142.6,313.3,128.1
mp_004,Hipertrofia - 3200 kcal,omnivore,6,3,Café da manhã: Pão Integral com Pasta de Amendoim e Geleia | Lanche: Batata Frita com Queijo e Bacon | Almoço: Prato Feito Turbinado (Ovo e Fritas) | Lanche: Batido Hipercalórico (Mass Gainer Caseiro) | Janta: Almôndegas Caseiras de Patinho | Lanche: Tapioca Doce de Amendoim e Morango,2972,142.6,313.3,128.1
mp_004,Hipertrofia - 3200 kcal,omnivore,6,4,Café da manhã: Pão Integral com Pasta de Amendoim e Geleia | Lanche: Batata Frita com Queijo e Bacon | Almoço: Prato Feito Turbinado (Ovo e Fritas) | Lanche: Batido Hipercalórico (Mass Gainer Caseiro) | Janta: Almôndegas Caseiras de Patinho | Lanche: Tapioca Doce de Amendoim e Morango,2972,142.6,313.3,128.1
mp_004,Hipertrofia - 3200 kcal,omnivore,6,5,Café da manhã: Pão Integral com Pasta de Amendoim e Geleia | Lanche: Batata Frita com Queijo e Bacon | Almoço: Prato Feito Turbinado (Ovo e Fritas) | Lanche: Batido Hipercalórico (Mass Gainer Caseiro) | Janta: Almôndegas Caseiras de Patinho | Lanche: Tapioca Doce de Amendoim e Morango,2972,142.6,313.3,128.1
mp_004,Hipertrofia - 3200 kcal,omnivore,6,6,Café da manhã: Pão Integral com Pasta de Amendoim e Geleia | Lanche: Batata Frita com Queijo e Bacon | Almoço: Prato Feito Turbinado (Ovo e Fritas) | Lanche: Batido Hipercalórico (Mass Gainer Caseiro) | Janta: Almôndegas Caseiras de Patinho | Lanche: Tapioca Doce de Amendoim e Morango,2972,142.6,313.3,128.1
mp_004,Hipertrofia - 3200 kcal,omnivore,6,7,Café da manhã: Pão Integral com Pasta de Amendoim e Geleia | Lanche: Batata Frita com Queijo e Bacon | Almoço: Prato Feito Turbinado (Ovo e Fritas) | Lanche: Batido Hipercalórico (Mass Gainer Caseiro) | Janta: Almôndegas Caseiras de Patinho | Lanche: Tapioca Doce de Amendoim e Morango,2972,142.6,313.3,128.1
mp_005,Hipertrofia - 2500 kcal,omnivore,6,1,Café da manhã: Pão Integral com Pasta de Amendoim e Geleia | Lanche: Sanduíche de Pasta de Amendoim Quente | Almoço: Bife Acebolado com Mandioca Cozida | Lanche: Sanduíche de Pasta de Amendoim Quente | Janta: Wrap de Kebab de Carne | Lanche: Sanduíche de Pasta de Amendoim Quente,2322,112.6,250.3,99.5
mp_005,Hipertrofia - 2500 kcal,omnivore,6,2,Café da manhã: Pão Integral com Pasta de Amendoim e Geleia | Lanche: Sanduíche de Pasta de Amendoim Quente | Almoço: Bife Acebolado com Mandioca Cozida | Lanche: Sanduíche de Pasta de Amendoim Quente | Janta: Wrap de Kebab de Carne | Lanche: Sanduíche de Pasta de Amendoim Quente,2322,112.6,250.3,99.5
mp_005,Hipertrofia - 2500 kcal,omnivore,6,3,Café da manhã: Pão Integral com Pasta de Amendoim e Geleia | Lanche: Sanduíche de Pasta de Amendoim Quente | Almoço: Bife Acebolado com Mandioca Cozida | Lanche: Sanduíche de Pasta de Amendoim Quente | Janta: Wrap de Kebab de Carne | Lanche: Sanduíche de Pasta de Amendoim Quente,2322,112.6,250.3,99.5
mp_005,Hipertrofia - 2500 kcal,omnivore,6,4,Café da manhã: Pão Integral com Pasta de Amendoim e Geleia | Lanche: Sanduíche de Pasta de Amendoim Quente | Almoço: Bife Acebolado com Mandioca Cozida | Lanche: Sanduíche de Pasta de Amendoim Quente | Janta: Wrap de Kebab de Carne | Lanche: Sanduíche de Pasta de Amendoim Quente,2322,112.6,250.3,99.5
mp_005,Hipertrofia - 2500 kcal,omnivore,6,5,Café da manhã: Pão Integral com Pasta de Amendoim e Geleia | Lanche: Sanduíche de Pasta de Amendoim Quente | Almoço: Bife Acebolado com Mandioca Cozida | Lanche: Sanduíche de Pasta de Amendoim Quente | Janta: Wrap de Kebab de Carne | Lanche: Sanduíche de Pasta de Amendoim Quente,2322,112.6,250.3,99.5
mp_005,Hipertrofia - 2500 kcal,omnivore,6,6,Café da manhã: Pão Integral com Pasta de Amendoim e Geleia | Lanche: Sanduíche de Pasta de Amendoim Quente | Almoço: Bife Acebolado com Mandioca Cozida | Lanche: Sanduíche de Pasta de Amendoim Quente | Janta: Wrap de Kebab de Carne | Lanche: Sanduíche de Pasta de Amendoim Quente,2322,112.6,250.3,99.5
mp_005,Hipertrofia - 2500 kcal,omnivore,6,7,Café da manhã: Pão Integral com Pasta de Amendoim e Geleia | Lanche: Sanduíche de Pasta de Amendoim Quente | Almoço: Bife Acebolado com Mandioca Cozida | Lanche: Sanduíche de Pasta de Amendoim Quente | Janta: Wrap de Kebab de Carne | Lanche: Sanduíche de Pasta de Amendoim Quente,2322,112.6,250.3,99.5
mp_006,Emagrecimento - 2000 kcal,omnivore,5,1,Café da manhã: Pão Integral com Pasta de Amendoim e Geleia | Lanche: Tapioca Doce de Amendoim e Morango | Almoço: Strogonoff de Carne Saudável | Lanche: Tapioca Doce de Amendoim e Morango | Janta: Omelete de Queijo Minas e Tomate,1694,80.2,164.9,79.1
mp_006,Emagrecimento - 2000 kcal,omnivore,5,2,Café da manhã: Pão Integral com Pasta de Amendoim e Geleia | Lanche: Tapioca Doce de Amendoim e Morango | Almoço: Strogonoff de Carne Saudável | Lanche: Tapioca Doce de Amendoim e Morango | Janta: Omelete de Queijo Minas e Tomate,1694,80.2,164.9,79.1
mp_006,Emagrecimento - 2000 kcal,omnivore,5,3,Café da manhã: Pão Integral com Pasta de Amendoim e Geleia | Lanche: Tapioca Doce de Amendoim e Morango | Almoço: Strogonoff de Carne Saudável | Lanche: Tapioca Doce de Amendoim e Morango | Janta: Omelete de Queijo Minas e Tomate,1694,80.2,164.9,79.1
mp_006,Emagrecimento - 2000 kcal,omnivore,5,4,Café da manhã: Pão Integral com Pasta de Amendoim e Geleia | Lanche: Tapioca Doce de Amendoim e Morango | Almoço: Strogonoff de Carne Saudável | Lanche: Tapioca Doce de Amendoim e Morango | Janta: Omelete de Queijo Minas e Tomate,1694,80.2,164.9,79.1
mp_006,Emagrecimento - 2000 kcal,omnivore,5,5,Café da manhã: Pão Integral com Pasta de Amendoim e Geleia | Lanche: Tapioca Doce de Amendoim e Morango | Almoço: Strogonoff de Carne Saudável | Lanche: Tapioca Doce de Amendoim e Morango | Janta: Omelete de Queijo Minas e Tomate,1694,80.2,164.9,79.1
mp_006,Emagrecimento - 2000 kcal,omnivore,5,6,Café da manhã: Pão Integral com Pasta de Amendoim e Geleia | Lanche: Tapioca Doce de Amendoim e Morango | Almoço: Strogonoff de Carne Saudável | Lanche: Tapioca Doce de Amendoim e Morango | Janta: Omelete de Queijo Minas e Tomate,1694,80.2,164.9,79.1
mp_006,Emagrecimento - 2000 kcal,omnivore,5,7,Café da manhã: Pão Integral com Pasta de Amendoim e Geleia | Lanche: Tapioca Doce de Amendoim e Morango | Almoço: Strogonoff de Carne Saudável | Lanche: Tapioca Doce de Amendoim e Morango | Janta: Omelete de Queijo Minas e Tomate,1694,80.2,164.9,79.1
mp_007,Emagrecimento - 1200 kcal,omnivore,5,1,Café da manhã: Proats (Mingau de Aveia com Whey) | Lanche: Bolo de Chocolate de Microondas Fit | Almoço: Salada de Frango Rápida | Lanche: Bolo de Caneca Proteico | Janta: Sopa de Frango com Legumes,1209,120.5,89.5,37.5
mp_007,Emagrecimento - 1200 kcal,omnivore,5,2,Café da manhã: Proats (Mingau de Aveia com Whey) | Lanche: Bolo de Chocolate de Microondas Fit | Almoço: Salada de Frango Rápida | Lanche: Bolo de Caneca Proteico | Janta: Sopa de Frango com Legumes,1209,120.5,89.5,37.5
mp_007,Emagrecimento - 1200 kcal,omnivore,5,3,Café da manhã: Proats (Mingau de Aveia com Whey) | Lanche: Bolo de Chocolate de Microondas Fit | Almoço: Salada de Frango Rápida | Lanche: Bolo de Caneca Proteico | Janta: Sopa de Frango com Legumes,1209,120.5,89.5,37.5
mp_007,Emagrecimento - 1200 kcal,omnivore,5,4,Café da manhã: Proats (Mingau de Aveia com Whey) | Lanche: Bolo de Chocolate de Microondas Fit | Almoço: Salada de Frango Rápida | Lanche: Bolo de Caneca Proteico | Janta: Sopa de Frango com Legumes,1209,120.5,89.5,37.5
mp_007,Emagrecimento - 1200 kcal,omnivore,5,5,Café da manhã: Proats (Mingau de Aveia com Whey) | Lanche: Bolo de Chocolate de Microondas Fit | Almoço: Salada de Frango Rápida | Lanche: Bolo de Caneca Proteico | Janta: Sopa de Frango com Legumes,1209,120.5,89.5,37.5
mp_007,Emagrecimento - 1200 kcal,omnivore,5,6,Café da manhã: Proats (Mingau de Aveia com Whey) | Lanche: Bolo de Chocolate de Microondas Fit | Almoço: Salada de Frango Rápida | Lanche: Bolo de Caneca Proteico | Janta: Sopa de Frango com Legumes,1209,120.5,89.5,37.5
mp_007,Emagrecimento - 1200 kcal,omnivore,5,7,Café da manhã: Proats (Mingau de Aveia com Whey) | Lanche: Bolo de Chocolate de Microondas Fit | Almoço: Salada de Frango Rápida | Lanche: Bolo de Caneca Proteico | Janta: Sopa de Frango com Legumes,1209,120.5,89.5,37.5
mp_008,Manutenção - 2800 kcal,omnivore,5,1,"Café da manhã: Pão Integral com Pasta de Amendoim e Geleia | Lanche: Nachos com Carne e Guacamole | Almoço: Prato Feito (Arroz, Feijão e Bife) | Lanche: Nachos com Carne e Guacamole | Janta: Pizza de Calabresa em Casa",2586,143.9,215.3,128.6
mp_008,Manutenção - 2800 kcal,omnivore,5,2,"Café da manhã: Pão Integral com Pasta de Amendoim e Geleia | Lanche: Nachos com Carne e Guacamole | Almoço: Prato Feito (Arroz, Feijão e Bife) | Lanche: Nachos com Carne e Guacamole | Janta: Pizza de Calabresa em Casa",2586,143.9,215.3,128.6
mp_008,Manutenção - 2800 kcal,omnivore,5,3,"Café da manhã: Pão Integral com Pasta de Amendoim e Geleia | Lanche: Nachos com Carne e Guacamole | Almoço: Prato Feito (Arroz, Feijão e Bife) | Lanche: Nachos com Carne e Guacamole | Janta: Pizza de Calabresa em Casa",2586,143.9,215.3,128.6
mp_008,Manutenção - 2800 kcal,omnivore,5,4,"Café da manhã: Pão Integral com Pasta de Amendoim e Geleia | Lanche: Nachos com Carne e Guacamole | Almoço: Prato Feito (Arroz, Feijão e Bife) | Lanche: Nachos com Carne e Guacamole | Janta: Pizza de Calabresa em Casa",2586,143.9,215.3,128.6
mp_008,Manutenção - 2800 kcal,omnivore,5,5,"Café da manhã: Pão Integral com Pasta de Amendoim e Geleia | Lanche: Nachos com Carne e Guacamole | Almoço: Prato Feito (Arroz, Feijão e Bife) | Lanche: Nachos com Carne e Guacamole | Janta: Pizza de Calabresa em Casa",2586,143.9,215.3,128.6
mp_008,Manutenção - 2800 kcal,omnivore,5,6,"Café da manhã: Pão Integral com Pasta de Amendoim e Geleia | Lanche: Nachos com Carne e Guacamole | Almoço: Prato Feito (Arroz, Feijão e Bife) | Lanche: Nachos com Carne e Guacamole | Janta: Pizza de Calabresa em Casa",2586,143.9,215.3,128.6
mp_008,Manutenção - 2800 kcal,omnivore,5,7,"Café da manhã: Pão Integral com Pasta de Amendoim e Geleia | Lanche: Nachos com Carne e Guacamole | Almoço: Prato Feito (Arroz, Feijão e Bife) | Lanche: Nachos com Carne e Guacamole | Janta: Pizza de Calabresa em Casa",2586,143.9,215.3,128.6
mp_009,Manutenção - 2500 kcal,omnivore,6,1,Café da manhã: Pão Integral com Pasta de Amendoim e Geleia | Lanche: Sanduíche de Pasta de Amendoim Quente | Almoço: Bacalhau com Batata e Ovo | Lanche: Nachos com Carne e Guacamole | Janta: Wrap de Kebab de Carne | Lanche: Sanduíche de Pasta de Amendoim Quente,2470.9,136.0,221.8,119.8
mp_009,Manutenção - 2500 kcal,omnivore,6,2,Café da manhã: Pão Integral com Pasta de Amendoim e Geleia | Lanche: Sanduíche de Pasta de Amendoim Quente | Almoço: Bacalhau com Batata e Ovo | Lanche: Nachos com Carne e Guacamole | Janta: Wrap de Kebab de Carne | Lanche: Sanduíche de Pasta de Amendoim Quente,2470.9,136.0,221.8,119.8
mp_009,Manutenção - 2500 kcal,omnivore,6,3,Café da manhã: Pão Integral com Pasta de Amendoim e Geleia | Lanche: Sanduíche de Pasta de Amendoim Quente | Almoço: Bacalhau com Batata e Ovo | Lanche: Nachos com Carne e Guacamole | Janta: Wrap de Kebab de Carne | Lanche: Sanduíche de Pasta de Amendoim Quente,2470.9,136.0,221.8,119.8
mp_009,Manutenção - 2500 kcal,omnivore,6,4,Café da manhã: Pão Integral com Pasta de Amendoim e Geleia | Lanche: Sanduíche de Pasta de Amendoim Quente | Almoço: Bacalhau com Batata e Ovo | Lanche: Nachos com Carne e Guacamole | Janta: Wrap de Kebab de Carne | Lanche: Sanduíche de Pasta de Amendoim Quente,2470.9,136.0,221.8,119.8
mp_009,Manutenção - 2500 kcal,omnivore,6,5,Café da manhã: Pão Integral com Pasta de Amendoim e Geleia | Lanche: Sanduíche de Pasta de Amendoim Quente | Almoço: Bacalhau com Batata e Ovo | Lanche: Nachos com Carne e Guacamole | Janta: Wrap de Kebab de Carne | Lanche: Sanduíche de Pasta de Amendoim Quente,2470.9,136.0,221.8,119.8
mp_009,Manutenção - 2500 kcal,omnivore,6,6,Café da manhã: Pão Integral com Pasta de Amendoim e Geleia | Lanche: Sanduíche de Pasta de Amendoim Quente | Almoço: Bacalhau com Batata e Ovo | Lanche: Nachos com Carne e Guacamole | Janta: Wrap de Kebab de Carne | Lanche: Sanduíche de Pasta de Amendoim Quente,2470.9,136.0,221.8,119.8
mp_009,Manutenção - 2500 kcal,omnivore,6,7,Café da manhã: Pão Integral com Pasta de Amendoim e Geleia | Lanche: Sanduíche de Pasta de Amendoim Quente | Almoço: Bacalhau com Batata e Ovo | Lanche: Nachos com Carne e Guacamole | Janta: Wrap de Kebab de Carne | Lanche: Sanduíche de Pasta de Amendoim Quente,2470.9,136.0,221.8,119.8
mp_010,Manutenção - 2200 kcal,omnivore,4,1,Café da manhã: Pão Integral com Pasta de Amendoim e Geleia | Almoço: Prato Feito Turbinado (Ovo e Fritas) | Janta: Escondidinho Vegano de Grão-de-Bico | Lanche: Batata Frita com Queijo e Bacon,2200,86.1,249.3,98.6
mp_010,Manutenção - 2200 kcal,omnivore,4,2,Café da manhã: Pão Integral com Pasta de Amendoim e Geleia | Almoço: Prato Feito Turbinado (Ovo e Fritas) | Janta: Escondidinho Vegano de Grão-de-Bico | Lanche: Batata Frita com Queijo e Bacon,2200,86.1,249.3,98.6
mp_010,Manutenção - 2200 kcal,omnivore,4,3,Café da manhã: Pão Integral com Pasta de Amendoim e Geleia | Almoço: Prato Feito Turbinado (Ovo e Fritas) | Janta: Escondidinho Vegano de Grão-de-Bico | Lanche: Batata Frita com Queijo e Bacon,2200,86.1,249.3,98.6
mp_010,Manutenção - 2200 kcal,omnivore,4,4,Café da manhã: Pão Integral com Pasta de Amendoim e Geleia | Almoço: Prato Feito Turbinado (Ovo e Fritas) | Janta: Escondidinho Vegano de Grão-de-Bico | Lanche: Batata Frita com Queijo e Bacon,2200,86.1,249.3,98.6
mp_010,Manutenção - 2200 kcal,omnivore,4,5,Café da manhã: Pão Integral com Pasta de Amendoim e Geleia | Almoço: Prato Feito Turbinado (Ovo e Fritas) | Janta: Escondidinho Vegano de Grão-de-Bico | Lanche: Batata Frita com Queijo e Bacon,2200,86.1,249.3,98.6
mp_010,Manutenção - 2200 kcal,omnivore,4,6,Café da manhã: Pão Integral com Pasta de Amendoim e Geleia | Almoço: Prato Feito Turbinado (Ovo e Fritas) | Janta: Escondidinho Vegano de Grão-de-Bico | Lanche: Batata Frita com Queijo e Bacon,2200,86.1,249.3,98.6
mp_010,Manutenção - 2200 kcal,omnivore,4,7,Café da manhã: Pão Integral com Pasta de Amendoim e Geleia | Almoço: Prato Feito Turbinado (Ovo e Fritas) | Janta: Escondidinho Vegano de Grão-de-Bico | Lanche: Batata Frita com Queijo e Bacon,2200,86.1,249.3,98.6
mp_011,Hipertrofia - 2500 kcal,omnivore,5,1,Café da manhã: Pão Integral com Pasta de Amendoim e Geleia | Lanche: Batido Hipercalórico (Mass Gainer Caseiro) | Almoço: Wrap Integral de Falafel | Lanche: Batido Hipercalórico (Mass Gainer Caseiro) | Janta: Wrap de Kebab de Carne,2317,131.1,266.3,80.0
mp_011,Hipertrofia - 2500 kcal,omnivore,5,2,Café da manhã: Pão Integral com Pasta de Amendoim e Geleia | Lanche: Batido Hipercalórico (Mass Gainer Caseiro) | Almoço: Wrap Integral de Falafel | Lanche: Batido Hipercalórico (Mass Gainer Caseiro) | Janta: Wrap de Kebab de Carne,2317,131.1,266.3,80.0
mp_011,Hipertrofia - 2500 kcal,omnivore,5,3,Café da manhã: Pão Integral com Pasta de Amendoim e Geleia | Lanche: Batido Hipercalórico (Mass Gainer Caseiro) | Almoço: Wrap Integral de Falafel | Lanche: Batido Hipercalórico (Mass Gainer Caseiro) | Janta: Wrap de Kebab de Carne,2317,131.1,266.3,80.0
mp_011,Hipertrofia - 2500 kcal,omnivore,5,4,Café da manhã: Pão Integral com Pasta de Amendoim e Geleia | Lanche: Batido Hipercalórico (Mass Gainer Caseiro) | Almoço: Wrap Integral de Falafel | Lanche: Batido Hipercalórico (Mass Gainer Caseiro) | Janta: Wrap de Kebab de Carne,2317,131.1,266.3,80.0
mp_011,Hipertrofia - 2500 kcal,omnivore,5,5,Café da manhã: Pão Integral com Pasta de Amendoim e Geleia | Lanche: Batido Hipercalórico (Mass Gainer Caseiro) | Almoço: Wrap Integral de Falafel | Lanche: Batido Hipercalórico (Mass Gainer Caseiro) | Janta: Wrap de Kebab de Carne,2317,131.1,266.3,80.0
mp_011,Hipertrofia - 2500 kcal,omnivore,5,6,Café da manhã: Pão Integral com Pasta de Amendoim e Geleia | Lanche: Batido Hipercalórico (Mass Gainer Caseiro) | Almoço: Wrap Integral de Falafel | Lanche: Batido Hipercalórico (Mass Gainer Caseiro) | Janta: Wrap de Kebab de Carne,2317,131.1,266.3,80.0
mp_011,Hipertrofia - 2500 kcal,omnivore,5,7,Café da manhã: Pão Integral com Pasta de Amendoim e Geleia | Lanche: Batido Hipercalórico (Mass Gainer Caseiro) | Almoço: Wrap Integral de Falafel | Lanche: Batido Hipercalórico (Mass Gainer Caseiro) | Janta: Wrap de Kebab de Carne,2317,131.1,266.3,80.0
mp_012,Emagrecimento - 1200 kcal,vegetarian,6,1,Café da manhã: Crepioca de Ricota | Lanche: Chá Verde Gelado com Limão e Gengibre | Almoço: Sanduíche de Ovo Cozido | Lanche: Pudim de Chia de Cacau | Janta: Sopa Creme de Ervilha | Lanche: Milkshake de Cacau e Aveia (Vegan),1085,46.5,127.5,41.5
mp_012,Emagrecimento - 1200 kcal,vegetarian,6,2,Café da manhã: Crepioca de Ricota | Lanche: Chá Verde Gelado com Limão e Gengibre | Almoço: Sanduíche de Ovo Cozido | Lanche: Pudim de Chia de Cacau | Janta: Sopa Creme de Ervilha | Lanche: Milkshake de Cacau e Aveia (Vegan),1085,46.5,127.5,41.5
mp_012,Emagrecimento - 1200 kcal,vegetarian,6,3,Café da manhã: Crepioca de Ricota | Lanche: Chá Verde Gelado com Limão e Gengibre | Almoço: Sanduíche de Ovo Cozido | Lanche: Pudim de Chia de Cacau | Janta: Sopa Creme de Ervilha | Lanche: Milkshake de Cacau e Aveia (Vegan),1085,46.5,127.5,41.5
mp_012,Emagrecimento - 1200 kcal,vegetarian,6,4,Café da manhã: Crepioca de Ricota | Lanche: Chá Verde Gelado com Limão e Gengibre | Almoço: Sanduíche de Ovo Cozido | Lanche: Pudim de Chia de Cacau | Janta: Sopa Creme de Ervilha | Lanche: Milkshake de Cacau e Aveia (Vegan),1085,46.5,127.5,41.5
mp_012,Emagrecimento - 1200 kcal,vegetarian,6,5,Café da manhã: Crepioca de Ricota | Lanche: Chá Verde Gelado com Limão e Gengibre | Almoço: Sanduíche de Ovo Cozido | Lanche: Pudim de Chia de Cacau | Janta: Sopa Creme de Ervilha | Lanche: Milkshake de Cacau e Aveia (Vegan),1085,46.5,127.5,41.5
mp_012,Emagrecimento - 1200 kcal,vegetarian,6,6,Café da manhã: Crepioca de Ricota | Lanche: Chá Verde Gelado com Limão e Gengibre | Almoço: Sanduíche de Ovo Cozido | Lanche: Pudim de Chia de Cacau | Janta: Sopa Creme de Ervilha | Lanche: Milkshake de Cacau e Aveia (Vegan),1085,46.5,127.5,41.5
mp_012,Emagrecimento - 1200 kcal,vegetarian,6,7,Café da manhã: Crepioca de Ricota | Lanche: Chá Verde Gelado com Limão e Gengibre | Almoço: Sanduíche de Ovo Cozido | Lanche: Pudim de Chia de Cacau | Janta: Sopa Creme de Ervilha | Lanche: Milkshake de Cacau e Aveia (Vegan),1085,46.5,127.5,41.5
mp_013,Emagrecimento - 2000 kcal,omnivore,3,1,Café da manhã: Tapioca de Frango com Requeijão Light | Almoço: Macarrão com Queijo Clássico (Mac & Cheese) | Janta: Pizza de Calabresa em Casa,1433,69.4,157.3,51.4
mp_013,Emagrecimento - 2000 kcal,omnivore,3,2,Café da manhã: Tapioca de Frango com Requeijão Light | Almoço: Macarrão com Queijo Clássico (Mac & Cheese) | Janta: Pizza de Calabresa em Casa,1433,69.4,157.3,51.4
mp_013,Emagrecimento - 2000 kcal,omnivore,3,3,Café da manhã: Tapioca de Frango com Requeijão Light | Almoço: Macarrão com Queijo Clássico (Mac & Cheese) | Janta: Pizza de Calabresa em Casa,1433,69.4,157.3,51.4
mp_013,Emagrecimento - 2000 kcal,omnivore,3,4,Café da manhã: Tapioca de Frango com Requeijão Light | Almoço: Macarrão com Queijo Clássico (Mac & Cheese) | Janta: Pizza de Calabresa em Casa,1433,69.4,157.3,51.4
mp_013,Emagrecimento - 2000 kcal,omnivore,3,5,Café da manhã: Tapioca de Frango com Requeijão Light | Almoço: Macarrão com Queijo Clássico (Mac & Cheese) | Janta: Pizza de Calabresa em Casa,1433,69.4,157.3,51.4
mp_013,Emagrecimento - 2000 kcal,omnivore,3,6,Café da manhã: Tapioca de Frango com Requeijão Light | Almoço: Macarrão com Queijo Clássico (Mac & Cheese) | Janta: Pizza de Calabresa em Casa,1433,69.4,157.3,51.4
mp_013,Emagrecimento - 2000 kcal,omnivore,3,7,Café da manhã: Tapioca de Frango com Requeijão Light | Almoço: Macarrão com Queijo Clássico (Mac & Cheese) | Janta: Pizza de Calabresa em Casa,1433,69.4,157.3,51.4
mp_014,Emagrecimento - 1200 kcal,omnivore,3,1,Café da manhã: Tapioca de Frango com Requeijão Light | Almoço: Strogonoff de Carne Saudável | Janta: Hambúrguer Caseiro Magro,1162,99,98.7,35.7
mp_014,Emagrecimento - 1200 kcal,omnivore,3,2,Café da manhã: Tapioca de Frango com Requeijão Light | Almoço: Strogonoff de Carne Saudável | Janta: Hambúrguer Caseiro Magro,1162,99,98.7,35.7
mp_014,Emagrecimento - 1200 kcal,omnivore,3,3,Café da manhã: Tapioca de Frango com Requeijão Light | Almoço: Strogonoff de Carne Saudável | Janta: Hambúrguer Caseiro Magro,1162,99,98.7,35.7
mp_014,Emagrecimento - 1200 kcal,omnivore,3,4,Café da manhã: Tapioca de Frango com Requeijão Light | Almoço: Strogonoff de Carne Saudável | Janta: Hambúrguer Caseiro Magro,1162,99,98.7,35.7
mp_014,Emagrecimento - 1200 kcal,omnivore,3,5,Café da manhã: Tapioca de Frango com Requeijão Light | Almoço: Strogonoff de Carne Saudável | Janta: Hambúrguer Caseiro Magro,1162,99,98.7,35.7
mp_014,Emagrecimento - 1200 kcal,omnivore,3,6,Café da manhã: Tapioca de Frango com Requeijão Light | Almoço: Strogonoff de Carne Saudável | Janta: Hambúrguer Caseiro Magro,1162,99,98.7,35.7
mp_014,Emagrecimento - 1200 kcal,omnivore,3,7,Café da manhã: Tapioca de Frango com Requeijão Light | Almoço: Strogonoff de Carne Saudável | Janta: Hambúrguer Caseiro Magro,1162,99,98.7,35.7
mp_015,Hipertrofia - 2800 kcal,omnivore,6,1,Café da manhã: Pão Integral com Pasta de Amendoim e Geleia | Lanche: Tapioca Doce de Amendoim e Morango | Almoço: Arroz Branco com Ovos Cozidos | Lanche: Tapioca Doce de Amendoim e Morango | Janta: Pizza de Calabresa em Casa | Lanche: Tapioca Doce de Amendoim e Morango,2314,72.0,287.9,97.7
mp_015,Hipertrofia - 2800 kcal,omnivore,6,2,Café da manhã: Pão Integral com Pasta de Amendoim e Geleia | Lanche: Tapioca Doce de Amendoim e Morango | Almoço: Arroz Branco com Ovos Cozidos | Lanche: Tapioca Doce de Amendoim e Morango | Janta: Pizza de Calabresa em Casa | Lanche: Tapioca Doce de Amendoim e Morango,2314,72.0,287.9,97.7
mp_015,Hipertrofia - 2800 kcal,omnivore,6,3,Café da manhã: Pão Integral com Pasta de Amendoim e Geleia | Lanche: Tapioca Doce de Amendoim e Morango | Almoço: Arroz Branco com Ovos Cozidos | Lanche: Tapioca Doce de Amendoim e Morango | Janta: Pizza de Calabresa em Casa | Lanche: Tapioca Doce de Amendoim e Morango,2314,72.0,287.9,97.7
mp_015,Hipertrofia - 2800 kcal,omnivore,6,4,Café da manhã: Pão Integral com Pasta de Amendoim e Geleia | Lanche: Tapioca Doce de Amendoim e Morango | Almoço: Arroz Branco com Ovos Cozidos | Lanche: Tapioca Doce de Amendoim e Morango | Janta: Pizza de Calabresa em Casa | Lanche: Tapioca Doce de Amendoim e Morango,2314,72.0,287.9,97.7
mp_015,Hipertrofia - 2800 kcal,omnivore,6,5,Café da manhã: Pão Integral com Pasta de Amendoim e Geleia | Lanche: Tapioca Doce de Amendoim e Morango | Almoço: Arroz Branco com Ovos Cozidos | Lanche: Tapioca Doce de Amendoim e Morango | Janta: Pizza de Calabresa em Casa | Lanche: Tapioca Doce de Amendoim e Morango,2314,72.0,287.9,97.7
mp_015,Hipertrofia - 2800 kcal,omnivore,6,6,Café da manhã: Pão Integral com Pasta de Amendoim e Geleia | Lanche: Tapioca Doce de Amendoim e Morango | Almoço: Arroz Branco com Ovos Cozidos | Lanche: Tapioca Doce de Amendoim e Morango | Janta: Pizza de Calabresa em Casa | Lanche: Tapioca Doce de Amendoim e Morango,2314,72.0,287.9,97.7
mp_015,Hipertrofia - 2800 kcal,omnivore,6,7,Café da manhã: Pão Integral com Pasta de Amendoim e Geleia | Lanche: Tapioca Doce de Amendoim e Morango | Almoço: Arroz Branco com Ovos Cozidos | Lanche: Tapioca Doce de Amendoim e Morango | Janta: Pizza de Calabresa em Casa | Lanche: Tapioca Doce de Amendoim e Morango,2314,72.0,287.9,97.7
mp_016,Emagrecimento - 1400 kcal,omnivore,6,1,Café da manhã: Avocado Toast com Ovo (Pão com Abacate) | Lanche: Brigadeiro de Colher (Sem Açúcar) | Almoço: Frango Desfiado com Tapioca | Lanche: Coxinha Fit de Batata Doce | Janta: Sopa de Ervilha com Bacon de Peru | Lanche: Queijo Quente (Misto Quente Simples),1507.5,92.0,155.7,55.8
mp_016,Emagrecimento - 1400 kcal,omnivore,6,2,Café da manhã: Avocado Toast com Ovo (Pão com Abacate) | Lanche: Brigadeiro de Colher (Sem Açúcar) | Almoço: Frango Desfiado com Tapioca | Lanche: Coxinha Fit de Batata Doce | Janta: Sopa de Ervilha com Bacon de Peru | Lanche: Queijo Quente (Misto Quente Simples),1507.5,92.0,155.7,55.8
mp_016,Emagrecimento - 1400 kcal,omnivore,6,3,Café da manhã: Avocado Toast com Ovo (Pão com Abacate) | Lanche: Brigadeiro de Colher (Sem Açúcar) | Almoço: Frango Desfiado com Tapioca | Lanche: Coxinha Fit de Batata Doce | Janta: Sopa de Ervilha com Bacon de Peru | Lanche: Queijo Quente (Misto Quente Simples),1507.5,92.0,155.7,55.8
mp_016,Emagrecimento - 1400 kcal,omnivore,6,4,Café da manhã: Avocado Toast com Ovo (Pão com Abacate) | Lanche: Brigadeiro de Colher (Sem Açúcar) | Almoço: Frango Desfiado com Tapioca | Lanche: Coxinha Fit de Batata Doce | Janta: Sopa de Ervilha com Bacon de Peru | Lanche: Queijo Quente (Misto Quente Simples),1507.5,92.0,155.7,55.8
mp_016,Emagrecimento - 1400 kcal,omnivore,6,5,Café da manhã: Avocado Toast com Ovo (Pão com Abacate) | Lanche: Brigadeiro de Colher (Sem Açúcar) | Almoço: Frango Desfiado com Tapioca | Lanche: Coxinha Fit de Batata Doce | Janta: Sopa de Ervilha com Bacon de Peru | Lanche: Queijo Quente (Misto Quente Simples),1507.5,92.0,155.7,55.8
mp_016,Emagrecimento - 1400 kcal,omnivore,6,6,Café da manhã: Avocado Toast com Ovo (Pão com Abacate) | Lanche: Brigadeiro de Colher (Sem Açúcar) | Almoço: Frango Desfiado com Tapioca | Lanche: Coxinha Fit de Batata Doce | Janta: Sopa de Ervilha com Bacon de Peru | Lanche: Queijo Quente (Misto Quente Simples),1507.5,92.0,155.7,55.8
mp_016,Emagrecimento - 1400 kcal,omnivore,6,7,Café da manhã: Avocado Toast com Ovo (Pão com Abacate) | Lanche: Brigadeiro de Colher (Sem Açúcar) | Almoço: Frango Desfiado com Tapioca | Lanche: Coxinha Fit de Batata Doce | Janta: Sopa de Ervilha com Bacon de Peru | Lanche: Queijo Quente (Misto Quente Simples),1507.5,92.0,155.7,55.8
mp_017,Hipertrofia - 3200 kcal,omnivore,6,1,Café da manhã: Iogurte com Granola e Morango | Lanche: Batata Frita com Queijo e Bacon | Almoço: Macarrão com Queijo Clássico (Mac & Cheese) | Lanche: Tapioca Doce de Amendoim e Morango | Janta: Pizza de Calabresa em Casa | Lanche: Tapioca Doce de Amendoim e Morango,2659.8,92.2,301.8,123.5
mp_017,Hipertrofia - 3200 kcal,omnivore,6,2,Café da manhã: Iogurte com Granola e Morango | Lanche: Batata Frita com Queijo e Bacon | Almoço: Macarrão com Queijo Clássico (Mac & Cheese) | Lanche: Tapioca Doce de Amendoim e Morango | Janta: Pizza de Calabresa em Casa | Lanche: Tapioca Doce de Amendoim e Morango,2659.8,92.2,301.8,123.5
mp_017,Hipertrofia - 3200 kcal,omnivore,6,3,Café da manhã: Iogurte com Granola e Morango | Lanche: Batata Frita com Queijo e Bacon | Almoço: Macarrão com Queijo Clássico (Mac & Cheese) | Lanche: Tapioca Doce de Amendoim e Morango | Janta: Pizza de Calabresa em Casa | Lanche: Tapioca Doce de Amendoim e Morango,2659.8,92.2,301.8,123.5
mp_017,Hipertrofia - 3200 kcal,omnivore,6,4,Café da manhã: Iogurte com Granola e Morango | Lanche: Batata Frita com Queijo e Bacon | Almoço: Macarrão com Queijo Clássico (Mac & Cheese) | Lanche: Tapioca Doce de Amendoim e Morango | Janta: Pizza de Calabresa em Casa | Lanche: Tapioca Doce de Amendoim e Morango,2659.8,92.2,301.8,123.5
mp_017,Hipertrofia - 3200 kcal,omnivore,6,5,Café da manhã: Iogurte com Granola e Morango | Lanche: Batata Frita com Queijo e Bacon | Almoço: Macarrão com Queijo Clássico (Mac & Cheese) | Lanche: Tapioca Doce de Amendoim e Morango | Janta: Pizza de Calabresa em Casa | Lanche: Tapioca Doce de Amendoim e Morango,2659.8,92.2,301.8,123.5
mp_017,Hipertrofia - 3200 kcal,omnivore,6,6,Café da manhã: Iogurte com Granola e Morango | Lanche: Batata Frita com Queijo e Bacon | Almoço: Macarrão com Queijo Clássico (Mac & Cheese) | Lanche: Tapioca Doce de Amendoim e Morango | Janta: Pizza de Calabresa em Casa | Lanche: Tapioca Doce de Amendoim e Morango,2659.8,92.2,301.8,123.5
mp_017,Hipertrofia - 3200 kcal,omnivore,6,7,Café da manhã: Iogurte com Granola e Morango | Lanche: Batata Frita com Queijo e Bacon | Almoço: Macarrão com Queijo Clássico (Mac & Cheese) | Lanche: Tapioca Doce de Amendoim e Morango | Janta: Pizza de Calabresa em Casa | Lanche: Tapioca Doce de Amendoim e Morango,2659.8,92.2,301.8,123.5
mp_018,Emagrecimento - 1400 kcal,omnivore,4,1,Café da manhã: Avocado Toast com Ovo (Pão com Abacate) | Almoço: Frango Desfiado com Tapioca | Janta: Sopa de Ervilha com Bacon de Peru | Lanche: Nachos com Carne e Guacamole,1428.5,91.7,128.6,60.1
mp_018,Emagrecimento - 1400 kcal,omnivore,4,2,Café da manhã: Avocado Toast com Ovo (Pão com Abacate) | Almoço: Frango Desfiado com Tapioca | Janta: Sopa de Ervilha com Bacon de Peru | Lanche: Nachos com Carne e Guacamole,1428.5,91.7,128.6,60.1
mp_018,Emagrecimento - 1400 kcal,omnivore,4,3,Café da manhã: Avocado Toast com Ovo (Pão com Abacate) | Almoço: Frango Desfiado com Tapioca | Janta: Sopa de Ervilha com Bacon de Peru | Lanche: Nachos com Carne e Guacamole,1428.5,91.7,128.6,60.1
mp_018,Emagrecimento - 1400 kcal,omnivore,4,4,Café da manhã: Avocado Toast com Ovo (Pão com Abacate) | Almoço: Frango Desfiado com Tapioca | Janta: Sopa de Ervilha com Bacon de Peru | Lanche: Nachos com Carne e Guacamole,1428.5,91.7,128.6,60.1
mp_018,Emagrecimento - 1400 kcal,omnivore,4,5,Café da manhã: Avocado Toast com Ovo (Pão com Abacate) | Almoço: Frango Desfiado com Tapioca | Janta: Sopa de Ervilha com Bacon de Peru | Lanche: Nachos com Carne e Guacamole,1428.5,91.7,128.6,60.1
mp_018,Emagrecimento - 1400 kcal,omnivore,4,6,Café da manhã: Avocado Toast com Ovo (Pão com Abacate) | Almoço: Frango Desfiado com Tapioca | Janta: Sopa de Ervilha com Bacon de Peru | Lanche: Nachos com Carne e Guacamole,1428.5,91.7,128.6,60.1
mp_018,Emagrecimento - 1400 kcal,omnivore,4,7,Café da manhã: Avocado Toast com Ovo (Pão com Abacate) | Almoço: Frango Desfiado com Tapioca | Janta: Sopa de Ervilha com Bacon de Peru | Lanche: Nachos com Carne e Guacamole,1428.5,91.7,128.6,60.1
mp_019,Hipertrofia - 2500 kcal,omnivore,6,1,Café da manhã: Pão Integral com Pasta de Amendoim e Geleia | Lanche: Sanduíche de Pasta de Amendoim Quente | Almoço: Macarrão com Queijo Clássico (Mac & Cheese) | Lanche: Sanduíche de Pasta de Amendoim Quente | Janta: Wrap de Kebab de Carne | Lanche: Sanduíche de Pasta de Amendoim Quente,2332,98.6,258.3,103.5
mp_019,Hipertrofia - 2500 kcal,omnivore,6,2,Café da manhã: Pão Integral com Pasta de Amendoim e Geleia | Lanche: Sanduíche de Pasta de Amendoim Quente | Almoço: Macarrão com Queijo Clássico (Mac & Cheese) | Lanche: Sanduíche de Pasta de Amendoim Quente | Janta: Wrap de Kebab de Carne | Lanche: Sanduíche de Pasta de Amendoim Quente,2332,98.6,258.3,103.5
mp_019,Hipertrofia - 2500 kcal,omnivore,6,3,Café da manhã: Pão Integral com Pasta de Amendoim e Geleia | Lanche: Sanduíche de Pasta de Amendoim Quente | Almoço: Macarrão com Queijo Clássico (Mac & Cheese) | Lanche: Sanduíche de Pasta de Amendoim Quente | Janta: Wrap de Kebab de Carne | Lanche: Sanduíche de Pasta de Amendoim Quente,2332,98.6,258.3,103.5
mp_019,Hipertrofia - 2500 kcal,omnivore,6,4,Café da manhã: Pão Integral com Pasta de Amendoim e Geleia | Lanche: Sanduíche de Pasta de Amendoim Quente | Almoço: Macarrão com Queijo Clássico (Mac & Cheese) | Lanche: Sanduíche de Pasta de Amendoim Quente | Janta: Wrap de Kebab de Carne | Lanche: Sanduíche de Pasta de Amendoim Quente,2332,98.6,258.3,103.5
mp_019,Hipertrofia - 2500 kcal,omnivore,6,5,Café da manhã: Pão Integral com Pasta de Amendoim e Geleia | Lanche: Sanduíche de Pasta de Amendoim Quente | Almoço: Macarrão com Queijo Clássico (Mac & Cheese) | Lanche: Sanduíche de Pasta de Amendoim Quente | Janta: Wrap de Kebab de Carne | Lanche: Sanduíche de Pasta de Amendoim Quente,2332,98.6,258.3,103.5
mp_019,Hipertrofia - 2500 kcal,omnivore,6,6,Café da manhã: Pão Integral com Pasta de Amendoim e Geleia | Lanche: Sanduíche de Pasta de Amendoim Quente | Almoço: Macarrão com Queijo Clássico (Mac & Cheese) | Lanche: Sanduíche de Pasta de Amendoim Quente | Janta: Wrap de Kebab de Carne | Lanche: Sanduíche de Pasta de Amendoim Quente,2332,98.6,258.3,103.5
mp_019,Hipertrofia - 2500 kcal,omnivore,6,7,Café da manhã: Pão Integral com Pasta de Amendoim e Geleia | Lanche: Sanduíche de Pasta de Amendoim Quente | Almoço: Macarrão com Queijo Clássico (Mac & Cheese) | Lanche: Sanduíche de Pasta de Amendoim Quente | Janta: Wrap de Kebab de Carne | Lanche: Sanduíche de Pasta de Amendoim Quente,2332,98.6,258.3,103.5
mp_020,Emagrecimento - 1600 kcal,omnivore,4,1,Café da manhã: Mingau de Aveia com Banana | Almoço: Prato Feito Turbinado (Ovo e Fritas) | Janta: Almôndegas Caseiras de Patinho | Lanche: Batata Frita com Queijo e Bacon,2069.6,102.6,220.3,87.3
mp_020,Emagrecimento - 1600 kcal,omnivore,4,2,Café da manhã: Mingau de Aveia com Banana | Almoço: Prato Feito Turbinado (Ovo e Fritas) | Janta: Almôndegas Caseiras de Patinho | Lanche: Batata Frita com Queijo e Bacon,2069.6,102.6,220.3,87.3
mp_020,Emagrecimento - 1600 kcal,omnivore,4,3,Café da manhã: Mingau de Aveia com Banana | Almoço: Prato Feito Turbinado (Ovo e Fritas) | Janta: Almôndegas Caseiras de Patinho | Lanche: Batata Frita com Queijo e Bacon,2069.6,102.6,220.3,87.3
mp_020,Emagrecimento - 1600 kcal,omnivore,4,4,Café da manhã: Mingau de Aveia com Banana | Almoço: Prato Feito Turbinado (Ovo e Fritas) | Janta: Almôndegas Caseiras de Patinho | Lanche: Batata Frita com Queijo e Bacon,2069.6,102.6,220.3,87.3
mp_020,Emagrecimento - 1600 kcal,omnivore,4,5,Café da manhã: Mingau de Aveia com Banana | Almoço: Prato Feito Turbinado (Ovo e Fritas) | Janta: Almôndegas Caseiras de Patinho | Lanche: Batata Frita com Queijo e Bacon,2069.6,102.6,220.3,87.3
mp_020,Emagrecimento - 1600 kcal,omnivore,4,6,Café da manhã: Mingau de Aveia com Banana | Almoço: Prato Feito Turbinado (Ovo e Fritas) | Janta: Almôndegas Caseiras de Patinho | Lanche: Batata Frita com Queijo e Bacon,2069.6,102.6,220.3,87.3
mp_020,Emagrecimento - 1600 kcal,omnivore,4,7,Café da manhã: Mingau de Aveia com Banana | Almoço: Prato Feito Turbinado (Ovo e Fritas) | Janta: Almôndegas Caseiras de Patinho | Lanche: Batata Frita com Queijo e Bacon,2069.6,102.6,220.3,87.3
mp_021,Emagrecimento - 1800 kcal,omnivore,6,1,Café da manhã: Tapioca de Frango com Requeijão Light | Lanche: Bolo de Chocolate de Microondas Fit | Almoço: Cuscuz Marroquino com Grão-de-Bico | Lanche: Bolo de Chocolate de Microondas Fit | Janta: Pizza de Frigideira com Massa de Aveia | Lanche: Bolo de Chocolate de Microondas Fit,1761,94.0,207.7,56.7
mp_021,Emagrecimento - 1800 kcal,omnivore,6,2,Café da manhã: Tapioca de Frango com Requeijão Light | Lanche: Bolo de Chocolate de Microondas Fit | Almoço: Cuscuz Marroquino com Grão-de-Bico | Lanche: Bolo de Chocolate de Microondas Fit | Janta: Pizza de Frigideira com Massa de Aveia | Lanche: Bolo de Chocolate de Microondas Fit,1761,94.0,207.7,56.7
mp_021,Emagrecimento - 1800 kcal,omnivore,6,3,Café da manhã: Tapioca de Frango com Requeijão Light | Lanche: Bolo de Chocolate de Microondas Fit | Almoço: Cuscuz Marroquino com Grão-de-Bico | Lanche: Bolo de Chocolate de Microondas Fit | Janta: Pizza de Frigideira com Massa de Aveia | Lanche: Bolo de Chocolate de Microondas Fit,1761,94.0,207.7,56.7
mp_021,Emagrecimento - 1800 kcal,omnivore,6,4,Café da manhã: Tapioca de Frango com Requeijão Light | Lanche: Bolo de Chocolate de Microondas Fit | Almoço: Cuscuz Marroquino com Grão-de-Bico | Lanche: Bolo de Chocolate de Microondas Fit | Janta: Pizza de Frigideira com Massa de Aveia | Lanche: Bolo de Chocolate de Microondas Fit,1761,94.0,207.7,56.7
mp_021,Emagrecimento - 1800 kcal,omnivore,6,5,Café da manhã: Tapioca de Frango com Requeijão Light | Lanche: Bolo de Chocolate de Microondas Fit | Almoço: Cuscuz Marroquino com Grão-de-Bico | Lanche: Bolo de Chocolate de Microondas Fit | Janta: Pizza de Frigideira com Massa de Aveia | Lanche: Bolo de Chocolate de Microondas Fit,1761,94.0,207.7,56.7
mp_021,Emagrecimento - 1800 kcal,omnivore,6,6,Café da manhã: Tapioca de Frango com Requeijão Light | Lanche: Bolo de Chocolate de Microondas Fit | Almoço: Cuscuz Marroquino com Grão-de-Bico | Lanche: Bolo de Chocolate de Microondas Fit | Janta: Pizza de Frigideira com Massa de Aveia | Lanche: Bolo de Chocolate de Microondas Fit,1761,94.0,207.7,56.7
mp_021,Emagrecimento - 1800 kcal,omnivore,6,7,Café da manhã: Tapioca de Frango com Requeijão Light | Lanche: Bolo de Chocolate de Microondas Fit | Almoço: Cuscuz Marroquino com Grão-de-Bico | Lanche: Bolo de Chocolate de Microondas Fit | Janta: Pizza de Frigideira com Massa de Aveia | Lanche: Bolo de Chocolate de Microondas Fit,1761,94.0,207.7,56.7
mp_022,Manutenção - 2500 kcal,omnivore,6,1,Café da manhã: Pão Integral com Pasta de Amendoim e Geleia | Lanche: Sanduíche de Pasta de Amendoim Quente | Almoço: Salada de Atum e Grão-de-bico | Lanche: Sanduíche de Pasta de Amendoim Quente | Janta: Wrap de Kebab de Carne | Lanche: Sanduíche de Pasta de Amendoim Quente,2220.4,115.5,237.7,95.1
mp_022,Manutenção - 2500 kcal,omnivore,6,2,Café da manhã: Pão Integral com Pasta de Amendoim e Geleia | Lanche: Sanduíche de Pasta de Amendoim Quente | Almoço: Salada de Atum e Grão-de-bico | Lanche: Sanduíche de Pasta de Amendoim Quente | Janta: Wrap de Kebab de Carne | Lanche: Sanduíche de Pasta de Amendoim Quente,2220.4,115.5,237.7,95.1
mp_022,Manutenção - 2500 kcal,omnivore,6,3,Café da manhã: Pão Integral com Pasta de Amendoim e Geleia | Lanche: Sanduíche de Pasta de Amendoim Quente | Almoço: Salada de Atum e Grão-de-bico | Lanche: Sanduíche de Pasta de Amendoim Quente | Janta: Wrap de Kebab de Carne | Lanche: Sanduíche de Pasta de Amendoim Quente,2220.4,115.5,237.7,95.1
mp_022,Manutenção - 2500 kcal,omnivore,6,4,Café da manhã: Pão Integral com Pasta de Amendoim e Geleia | Lanche: Sanduíche de Pasta de Amendoim Quente | Almoço: Salada de Atum e Grão-de-bico | Lanche: Sanduíche de Pasta de Amendoim Quente | Janta: Wrap de Kebab de Carne | Lanche: Sanduíche de Pasta de Amendoim Quente,2220.4,115.5,237.7,95.1
mp_022,Manutenção - 2500 kcal,omnivore,6,5,Café da manhã: Pão Integral com Pasta de Amendoim e Geleia | Lanche: Sanduíche de Pasta de Amendoim Quente | Almoço: Salada de Atum e Grão-de-bico | Lanche: Sanduíche de Pasta de Amendoim Quente | Janta: Wrap de Kebab de Carne | Lanche: Sanduíche de Pasta de Amendoim Quente,2220.4,115.5,237.7,95.1
mp_022,Manutenção - 2500 kcal,omnivore,6,6,Café da manhã: Pão Integral com Pasta de Amendoim e Geleia | Lanche: Sanduíche de Pasta de Amendoim Quente | Almoço: Salada de Atum e Grão-de-bico | Lanche: Sanduíche de Pasta de Amendoim Quente | Janta: Wrap de Kebab de Carne | Lanche: Sanduíche de Pasta de Amendoim Quente,2220.4,115.5,237.7,95.1
mp_022,Manutenção - 2500 kcal,omnivore,6,7,Café da manhã: Pão Integral com Pasta de Amendoim e Geleia | Lanche: Sanduíche de Pasta de Amendoim Quente | Almoço: Salada de Atum e Grão-de-bico | Lanche: Sanduíche de Pasta de Amendoim Quente | Janta: Wrap de Kebab de Carne | Lanche: Sanduíche de Pasta de Amendoim Quente,2220.4,115.5,237.7,95.1
mp_023,Manutenção - 2200 kcal,omnivore,6,1,Café da manhã: Pão Integral com Pasta de Amendoim e Geleia | Lanche: Batido de Abacate Proteico | Almoço: Bife de Alcatra com Purê de Batata | Lanche: Batido de Abacate Proteico | Janta: Atum com Legumes no Vapor | Lanche: Batata Frita com Queijo e Bacon,2242,144.7,176.3,107.5
mp_023,Manutenção - 2200 kcal,omnivore,6,2,Café da manhã: Pão Integral com Pasta de Amendoim e Geleia | Lanche: Batido de Abacate Proteico | Almoço: Bife de Alcatra com Purê de Batata | Lanche: Batido de Abacate Proteico | Janta: Atum com Legumes no Vapor | Lanche: Batata Frita com Queijo e Bacon,2242,144.7,176.3,107.5
mp_023,Manutenção - 2200 kcal,omnivore,6,3,Café da manhã: Pão Integral com Pasta de Amendoim e Geleia | Lanche: Batido de Abacate Proteico | Almoço: Bife de Alcatra com Purê de Batata | Lanche: Batido de Abacate Proteico | Janta: Atum com Legumes no Vapor | Lanche: Batata Frita com Queijo e Bacon,2242,144.7,176.3,107.5
mp_023,Manutenção - 2200 kcal,omnivore,6,4,Café da manhã: Pão Integral com Pasta de Amendoim e Geleia | Lanche: Batido de Abacate Proteico | Almoço: Bife de Alcatra com Purê de Batata | Lanche: Batido de Abacate Proteico | Janta: Atum com Legumes no Vapor | Lanche: Batata Frita com Queijo e Bacon,2242,144.7,176.3,107.5
mp_023,Manutenção - 2200 kcal,omnivore,6,5,Café da manhã: Pão Integral com Pasta de Amendoim e Geleia | Lanche: Batido de Abacate Proteico | Almoço: Bife de Alcatra com Purê de Batata | Lanche: Batido de Abacate Proteico | Janta: Atum com Legumes no Vapor | Lanche: Batata Frita com Queijo e Bacon,2242,144.7,176.3,107.5
mp_023,Manutenção - 2200 kcal,omnivore,6,6,Café da manhã: Pão Integral com Pasta de Amendoim e Geleia | Lanche: Batido de Abacate Proteico | Almoço: Bife de Alcatra com Purê de Batata | Lanche: Batido de Abacate Proteico | Janta: Atum com Legumes no Vapor | Lanche: Batata Frita com Queijo e Bacon,2242,144.7,176.3,107.5
mp_023,Manutenção - 2200 kcal,omnivore,6,7,Café da manhã: Pão Integral com Pasta de Amendoim e Geleia | Lanche: Batido de Abacate Proteico | Almoço: Bife de Alcatra com Purê de Batata | Lanche: Batido de Abacate Proteico | Janta: Atum com Legumes no Vapor | Lanche: Batata Frita com Queijo e Bacon,2242,144.7,176.3,107.5
mp_024,Emagrecimento - 2000 kcal,omnivore,5,1,Café da manhã: Pão de Queijo com Peito de Peru | Lanche: Tapioca Doce de Amendoim e Morango | Almoço: Strogonoff de Carne Saudável | Lanche: Tapioca Doce de Amendoim e Morango | Janta: Panqueca de Frango Desfiado,1719,88.0,175,70
mp_024,Emagrecimento - 2000 kcal,omnivore,5,2,Café da manhã: Pão de Queijo com Peito de Peru | Lanche: Tapioca Doce de Amendoim e Morango | Almoço: Strogonoff de Carne Saudável | Lanche: Tapioca Doce de Amendoim e Morango | Janta: Panqueca de Frango Desfiado,1719,88.0,175,70
mp_024,Emagrecimento - 2000 kcal,omnivore,5,3,Café da manhã: Pão de Queijo com Peito de Peru | Lanche: Tapioca Doce de Amendoim e Morango | Almoço: Strogonoff de Carne Saudável | Lanche: Tapioca Doce de Amendoim e Morango | Janta: Panqueca de Frango Desfiado,1719,88.0,175,70
mp_024,Emagrecimento - 2000 kcal,omnivore,5,4,Café da manhã: Pão de Queijo com Peito de Peru | Lanche: Tapioca Doce de Amendoim e Morango | Almoço: Strogonoff de Carne Saudável | Lanche: Tapioca Doce de Amendoim e Morango | Janta: Panqueca de Frango Desfiado,1719,88.0,175,70
mp_024,Emagrecimento - 2000 kcal,omnivore,5,5,Café da manhã: Pão de Queijo com Peito de Peru | Lanche: Tapioca Doce de Amendoim e Morango | Almoço: Strogonoff de Carne Saudável | Lanche: Tapioca Doce de Amendoim e Morango | Janta: Panqueca de Frango Desfiado,1719,88.0,175,70
mp_024,Emagrecimento - 2000 kcal,omnivore,5,6,Café da manhã: Pão de Queijo com Peito de Peru | Lanche: Tapioca Doce de Amendoim e Morango | Almoço: Strogonoff de Carne Saudável | Lanche: Tapioca Doce de Amendoim e Morango | Janta: Panqueca de Frango Desfiado,1719,88.0,175,70
mp_024,Emagrecimento - 2000 kcal,omnivore,5,7,Café da manhã: Pão de Queijo com Peito de Peru | Lanche: Tapioca Doce de Amendoim e Morango | Almoço: Strogonoff de Carne Saudável | Lanche: Tapioca Doce de Amendoim e Morango | Janta: Panqueca de Frango Desfiado,1719,88.0,175,70
mp_025,Emagrecimento - 1800 kcal,omnivore,6,1,Café da manhã: Panqueca Fit de Banana e Aveia | Lanche: Bolo de Chocolate de Microondas Fit | Almoço: Cuscuz Marroquino com Grão-de-Bico | Lanche: Batido de Morango e Pasta de Amendoim | Janta: Pizza de Frigideira com Massa de Aveia | Lanche: Bolo de Chocolate de Microondas Fit,1683.3,75.9,199,64.6
mp_025,Emagrecimento - 1800 kcal,omnivore,6,2,Café da manhã: Panqueca Fit de Banana e Aveia | Lanche: Bolo de Chocolate de Microondas Fit | Almoço: Cuscuz Marroquino com Grão-de-Bico | Lanche: Batido de Morango e Pasta de Amendoim | Janta: Pizza de Frigideira com Massa de Aveia | Lanche: Bolo de Chocolate de Microondas Fit,1683.3,75.9,199,64.6
mp_025,Emagrecimento - 1800 kcal,omnivore,6,3,Café da manhã: Panqueca Fit de Banana e Aveia | Lanche: Bolo de Chocolate de Microondas Fit | Almoço: Cuscuz Marroquino com Grão-de-Bico | Lanche: Batido de Morango e Pasta de Amendoim | Janta: Pizza de Frigideira com Massa de Aveia | Lanche: Bolo de Chocolate de Microondas Fit,1683.3,75.9,199,64.6
mp_025,Emagrecimento - 1800 kcal,omnivore,6,4,Café da manhã: Panqueca Fit de Banana e Aveia | Lanche: Bolo de Chocolate de Microondas Fit | Almoço: Cuscuz Marroquino com Grão-de-Bico | Lanche: Batido de Morango e Pasta de Amendoim | Janta: Pizza de Frigideira com Massa de Aveia | Lanche: Bolo de Chocolate de Microondas Fit,1683.3,75.9,199,64.6
mp_025,Emagrecimento - 1800 kcal,omnivore,6,5,Café da manhã: Panqueca Fit de Banana e Aveia | Lanche: Bolo de Chocolate de Microondas Fit | Almoço: Cuscuz Marroquino com Grão-de-Bico | Lanche: Batido de Morango e Pasta de Amendoim | Janta: Pizza de Frigideira com Massa de Aveia | Lanche: Bolo de Chocolate de Microondas Fit,1683.3,75.9,199,64.6
mp_025,Emagrecimento - 1800 kcal,omnivore,6,6,Café da manhã: Panqueca Fit de Banana e Aveia | Lanche: Bolo de Chocolate de Microondas Fit | Almoço: Cuscuz Marroquino com Grão-de-Bico | Lanche: Batido de Morango e Pasta de Amendoim | Janta: Pizza de Frigideira com Massa de Aveia | Lanche: Bolo de Chocolate de Microondas Fit,1683.3,75.9,199,64.6
mp_025,Emagrecimento - 1800 kcal,omnivore,6,7,Café da manhã: Panqueca Fit de Banana e Aveia | Lanche: Bolo de Chocolate de Microondas Fit | Almoço: Cuscuz Marroquino com Grão-de-Bico | Lanche: Batido de Morango e Pasta de Amendoim | Janta: Pizza de Frigideira com Massa de Aveia | Lanche: Bolo de Chocolate de Microondas Fit,1683.3,75.9,199,64.6
mp_026,Manutenção - 2000 kcal,omnivore,6,1,Café da manhã: Pão Integral com Pasta de Amendoim e Geleia | Lanche: Batido de Morango e Pasta de Amendoim | Almoço: Frango Desfiado com Purê de Mandioca | Lanche: Batido de Morango e Pasta de Amendoim | Janta: Panqueca de Frango Desfiado | Lanche: Batido de Morango e Pasta de Amendoim,1942,104.1,187.3,86
mp_026,Manutenção - 2000 kcal,omnivore,6,2,Café da manhã: Pão Integral com Pasta de Amendoim e Geleia | Lanche: Batido de Morango e Pasta de Amendoim | Almoço: Frango Desfiado com Purê de Mandioca | Lanche: Batido de Morango e Pasta de Amendoim | Janta: Panqueca de Frango Desfiado | Lanche: Batido de Morango e Pasta de Amendoim,1942,104.1,187.3,86
mp_026,Manutenção - 2000 kcal,omnivore,6,3,Café da manhã: Pão Integral com Pasta de Amendoim e Geleia | Lanche: Batido de Morango e Pasta de Amendoim | Almoço: Frango Desfiado com Purê de Mandioca | Lanche: Batido de Morango e Pasta de Amendoim | Janta: Panqueca de Frango Desfiado | Lanche: Batido de Morango e Pasta de Amendoim,1942,104.1,187.3,86
mp_026,Manutenção - 2000 kcal,omnivore,6,4,Café da manhã: Pão Integral com Pasta de Amendoim e Geleia | Lanche: Batido de Morango e Pasta de Amendoim | Almoço: Frango Desfiado com Purê de Mandioca | Lanche: Batido de Morango e Pasta de Amendoim | Janta: Panqueca de Frango Desfiado | Lanche: Batido de Morango e Pasta de Amendoim,1942,104.1,187.3,86
mp_026,Manutenção - 2000 kcal,omnivore,6,5,Café da manhã: Pão Integral com Pasta de Amendoim e Geleia | Lanche: Batido de Morango e Pasta de Amendoim | Almoço: Frango Desfiado com Purê de Mandioca | Lanche: Batido de Morango e Pasta de Amendoim | Janta: Panqueca de Frango Desfiado | Lanche: Batido de Morango e Pasta de Amendoim,1942,104.1,187.3,86
mp_026,Manutenção - 2000 kcal,omnivore,6,6,Café da manhã: Pão Integral com Pasta de Amendoim e Geleia | Lanche: Batido de Morango e Pasta de Amendoim | Almoço: Frango Desfiado com Purê de Mandioca | Lanche: Batido de Morango e Pasta de Amendoim | Janta: Panqueca de Frango Desfiado | Lanche: Batido de Morango e Pasta de Amendoim,1942,104.1,187.3,86
mp_026,Manutenção - 2000 kcal,omnivore,6,7,Café da manhã: Pão Integral com Pasta de Amendoim e Geleia | Lanche: Batido de Morango e Pasta de Amendoim | Almoço: Frango Desfiado com Purê de Mandioca | Lanche: Batido de Morango e Pasta de Amendoim | Janta: Panqueca de Frango Desfiado | Lanche: Batido de Morango e Pasta de Amendoim,1942,104.1,187.3,86
mp_027,Hipertrofia - 2500 kcal,omnivore,6,1,Café da manhã: Pão Integral com Pasta de Amendoim e Geleia | Lanche: Sanduíche de Pasta de Amendoim Quente | Almoço: Massa Integral com Pesto e Tomate | Lanche: Batido Hipercalórico (Mass Gainer Caseiro) | Janta: Wrap de Kebab de Carne | Lanche: Sanduíche de Pasta de Amendoim Quente,2474,116.1,285.3,99.5
mp_027,Hipertrofia - 2500 kcal,omnivore,6,2,Café da manhã: Pão Integral com Pasta de Amendoim e Geleia | Lanche: Sanduíche de Pasta de Amendoim Quente | Almoço: Massa Integral com Pesto e Tomate | Lanche: Batido Hipercalórico (Mass Gainer Caseiro) | Janta: Wrap de Kebab de Carne | Lanche: Sanduíche de Pasta de Amendoim Quente,2474,116.1,285.3,99.5
mp_027,Hipertrofia - 2500 kcal,omnivore,6,3,Café da manhã: Pão Integral com Pasta de Amendoim e Geleia | Lanche: Sanduíche de Pasta de Amendoim Quente | Almoço: Massa Integral com Pesto e Tomate | Lanche: Batido Hipercalórico (Mass Gainer Caseiro) | Janta: Wrap de Kebab de Carne | Lanche: Sanduíche de Pasta de Amendoim Quente,2474,116.1,285.3,99.5
mp_027,Hipertrofia - 2500 kcal,omnivore,6,4,Café da manhã: Pão Integral com Pasta de Amendoim e Geleia | Lanche: Sanduíche de Pasta de Amendoim Quente | Almoço: Massa Integral com Pesto e Tomate | Lanche: Batido Hipercalórico (Mass Gainer Caseiro) | Janta: Wrap de Kebab de Carne | Lanche: Sanduíche de Pasta de Amendoim Quente,2474,116.1,285.3,99.5
mp_027,Hipertrofia - 2500 kcal,omnivore,6,5,Café da manhã: Pão Integral com Pasta de Amendoim e Geleia | Lanche: Sanduíche de Pasta de Amendoim Quente | Almoço: Massa Integral com Pesto e Tomate | Lanche: Batido Hipercalórico (Mass Gainer Caseiro) | Janta: Wrap de Kebab de Carne | Lanche: Sanduíche de Pasta de Amendoim Quente,2474,116.1,285.3,99.5
mp_027,Hipertrofia - 2500 kcal,omnivore,6,6,Café da manhã: Pão Integral com Pasta de Amendoim e Geleia | Lanche: Sanduíche de Pasta de Amendoim Quente | Almoço: Massa Integral com Pesto e Tomate | Lanche: Batido Hipercalórico (Mass Gainer Caseiro) | Janta: Wrap de Kebab de Carne | Lanche: Sanduíche de Pasta de Amendoim Quente,2474,116.1,285.3,99.5
mp_027,Hipertrofia - 2500 kcal,omnivore,6,7,Café da manhã: Pão Integral com Pasta de Amendoim e Geleia | Lanche: Sanduíche de Pasta de Amendoim Quente | Almoço: Massa Integral com Pesto e Tomate | Lanche: Batido Hipercalórico (Mass Gainer Caseiro) | Janta: Wrap de Kebab de Carne | Lanche: Sanduíche de Pasta de Amendoim Quente,2474,116.1,285.3,99.5
mp_028,Emagrecimento - 1600 kcal,omnivore,5,1,Café da manhã: Vitamina de Aveia e Maçã | Lanche: Sanduíche de Pasta de Amendoim Quente | Almoço: Hambúrguer Vegetal com Purê de Abóbora | Lanche: Sanduíche de Pasta de Amendoim Quente | Janta: Peito de Peru com Salada Quente de Quinoa,1485,83.3,168.5,56.8
mp_028,Emagrecimento - 1600 kcal,omnivore,5,2,Café da manhã: Vitamina de Aveia e Maçã | Lanche: Sanduíche de Pasta de Amendoim Quente | Almoço: Hambúrguer Vegetal com Purê de Abóbora | Lanche: Sanduíche de Pasta de Amendoim Quente | Janta: Peito de Peru com Salada Quente de Quinoa,1485,83.3,168.5,56.8
mp_028,Emagrecimento - 1600 kcal,omnivore,5,3,Café da manhã: Vitamina de Aveia e Maçã | Lanche: Sanduíche de Pasta de Amendoim Quente | Almoço: Hambúrguer Vegetal com Purê de Abóbora | Lanche: Sanduíche de Pasta de Amendoim Quente | Janta: Peito de Peru com Salada Quente de Quinoa,1485,83.3,168.5,56.8
mp_028,Emagrecimento - 1600 kcal,omnivore,5,4,Café da manhã: Vitamina de Aveia e Maçã | Lanche: Sanduíche de Pasta de Amendoim Quente | Almoço: Hambúrguer Vegetal com Purê de Abóbora | Lanche: Sanduíche de Pasta de Amendoim Quente | Janta: Peito de Peru com Salada Quente de Quinoa,1485,83.3,168.5,56.8
mp_028,Emagrecimento - 1600 kcal,omnivore,5,5,Café da manhã: Vitamina de Aveia e Maçã | Lanche: Sanduíche de Pasta de Amendoim Quente | Almoço: Hambúrguer Vegetal com Purê de Abóbora | Lanche: Sanduíche de Pasta de Amendoim Quente | Janta: Peito de Peru com Salada Quente de Quinoa,1485,83.3,168.5,56.8
mp_028,Emagrecimento - 1600 kcal,omnivore,5,6,Café da manhã: Vitamina de Aveia e Maçã | Lanche: Sanduíche de Pasta de Amendoim Quente | Almoço: Hambúrguer Vegetal com Purê de Abóbora | Lanche: Sanduíche de Pasta de Amendoim Quente | Janta: Peito de Peru com Salada Quente de Quinoa,1485,83.3,168.5,56.8
mp_028,Emagrecimento - 1600 kcal,omnivore,5,7,Café da manhã: Vitamina de Aveia e Maçã | Lanche: Sanduíche de Pasta de Amendoim Quente | Almoço: Hambúrguer Vegetal com Purê de Abóbora | Lanche: Sanduíche de Pasta de Amendoim Quente | Janta: Peito de Peru com Salada Quente de Quinoa,1485,83.3,168.5,56.8
mp_029,Hipertrofia - 2200 kcal,omnivore,5,1,Café da manhã: Pão Integral com Pasta de Amendoim e Geleia | Lanche: Batido Hipercalórico (Mass Gainer Caseiro) | Almoço: Prato Feito Turbinado (Ovo e Fritas) | Lanche: Batido Hipercalórico (Mass Gainer Caseiro) | Janta: Peixe Assado no Papelote com Cenoura,2365,145.5,264.3,79.6
mp_029,Hipertrofia - 2200 kcal,omnivore,5,2,Café da manhã: Pão Integral com Pasta de Amendoim e Geleia | Lanche: Batido Hipercalórico (Mass Gainer Caseiro) | Almoço: Prato Feito Turbinado (Ovo e Fritas) | Lanche: Batido Hipercalórico (Mass Gainer Caseiro) | Janta: Peixe Assado no Papelote com Cenoura,2365,145.5,264.3,79.6
mp_029,Hipertrofia - 2200 kcal,omnivore,5,3,Café da manhã: Pão Integral com Pasta de Amendoim e Geleia | Lanche: Batido Hipercalórico (Mass Gainer Caseiro) | Almoço: Prato Feito Turbinado (Ovo e Fritas) | Lanche: Batido Hipercalórico (Mass Gainer Caseiro) | Janta: Peixe Assado no Papelote com Cenoura,2365,145.5,264.3,79.6
mp_029,Hipertrofia - 2200 kcal,omnivore,5,4,Café da manhã: Pão Integral com Pasta de Amendoim e Geleia | Lanche: Batido Hipercalórico (Mass Gainer Caseiro) | Almoço: Prato Feito Turbinado (Ovo e Fritas) | Lanche: Batido Hipercalórico (Mass Gainer Caseiro) | Janta: Peixe Assado no Papelote com Cenoura,2365,145.5,264.3,79.6
mp_029,Hipertrofia - 2200 kcal,omnivore,5,5,Café da manhã: Pão Integral com Pasta de Amendoim e Geleia | Lanche: Batido Hipercalórico (Mass Gainer Caseiro) | Almoço: Prato Feito Turbinado (Ovo e Fritas) | Lanche: Batido Hipercalórico (Mass Gainer Caseiro) | Janta: Peixe Assado no Papelote com Cenoura,2365,145.5,264.3,79.6
mp_029,Hipertrofia - 2200 kcal,omnivore,5,6,Café da manhã: Pão Integral com Pasta de Amendoim e Geleia | Lanche: Batido Hipercalórico (Mass Gainer Caseiro) | Almoço: Prato Feito Turbinado (Ovo e Fritas) | Lanche: Batido Hipercalórico (Mass Gainer Caseiro) | Janta: Peixe Assado no Papelote com Cenoura,2365,145.5,264.3,79.6
mp_029,Hipertrofia - 2200 kcal,omnivore,5,7,Café da manhã: Pão Integral com Pasta de Amendoim e Geleia | Lanche: Batido Hipercalórico (Mass Gainer Caseiro) | Almoço: Prato Feito Turbinado (Ovo e Fritas) | Lanche: Batido Hipercalórico (Mass Gainer Caseiro) | Janta: Peixe Assado no Papelote com Cenoura,2365,145.5,264.3,79.6
mp_030,Emagrecimento - 1800 kcal,omnivore,6,1,Café da manhã: Tapioca de Frango com Requeijão Light | Lanche: Bolo de Chocolate de Microondas Fit | Almoço: Cuscuz Marroquino com Grão-de-Bico | Lanche: Bolo de Chocolate de Microondas Fit | Janta: Peito de Peru com Salada Quente de Quinoa | Lanche: Bolo de Chocolate de Microondas Fit,1751,111.5,204.7,49.2
mp_030,Emagrecimento - 1800 kcal,omnivore,6,2,Café da manhã: Tapioca de Frango com Requeijão Light | Lanche: Bolo de Chocolate de Microondas Fit | Almoço: Cuscuz Marroquino com Grão-de-Bico | Lanche: Bolo de Chocolate de Microondas Fit | Janta: Peito de Peru com Salada Quente de Quinoa | Lanche: Bolo de Chocolate de Microondas Fit,1751,111.5,204.7,49.2
mp_030,Emagrecimento - 1800 kcal,omnivore,6,3,Café da manhã: Tapioca de Frango com Requeijão Light | Lanche: Bolo de Chocolate de Microondas Fit | Almoço: Cuscuz Marroquino com Grão-de-Bico | Lanche: Bolo de Chocolate de Microondas Fit | Janta: Peito de Peru com Salada Quente de Quinoa | Lanche: Bolo de Chocolate de Microondas Fit,1751,111.5,204.7,49.2
mp_030,Emagrecimento - 1800 kcal,omnivore,6,4,Café da manhã: Tapioca de Frango com Requeijão Light | Lanche: Bolo de Chocolate de Microondas Fit | Almoço: Cuscuz Marroquino com Grão-de-Bico | Lanche: Bolo de Chocolate de Microondas Fit | Janta: Peito de Peru com Salada Quente de Quinoa | Lanche: Bolo de Chocolate de Microondas Fit,1751,111.5,204.7,49.2
mp_030,Emagrecimento - 1800 kcal,omnivore,6,5,Café da manhã: Tapioca de Frango com Requeijão Light | Lanche: Bolo de Chocolate de Microondas Fit | Almoço: Cuscuz Marroquino com Grão-de-Bico | Lanche: Bolo de Chocolate de Microondas Fit | Janta: Peito de Peru com Salada Quente de Quinoa | Lanche: Bolo de Chocolate de Microondas Fit,1751,111.5,204.7,49.2
mp_030,Emagrecimento - 1800 kcal,omnivore,6,6,Café da manhã: Tapioca de Frango com Requeijão Light | Lanche: Bolo de Chocolate de Microondas Fit | Almoço: Cuscuz Marroquino com Grão-de-Bico | Lanche: Bolo de Chocolate de Microondas Fit | Janta: Peito de Peru com Salada Quente de Quinoa | Lanche: Bolo de Chocolate de Microondas Fit,1751,111.5,204.7,49.2
mp_030,Emagrecimento - 1800 kcal,omnivore,6,7,Café da manhã: Tapioca de Frango com Requeijão Light | Lanche: Bolo de Chocolate de Microondas Fit | Almoço: Cuscuz Marroquino com Grão-de-Bico | Lanche: Bolo de Chocolate de Microondas Fit | Janta: Peito de Peru com Salada Quente de Quinoa | Lanche: Bolo de Chocolate de Microondas Fit,1751,111.5,204.7,49.2
mp_031,Manutenção - 1800 kcal,omnivore,6,1,Café da manhã: Tapioca de Frango com Requeijão Light | Lanche: Bolo de Chocolate de Microondas Fit | Almoço: Nuggets Vegetais com Purê de Batata | Lanche: Salada Caprese Expresso | Janta: Peixe Assado no Papelote com Cenoura | Lanche: Bolo de Chocolate de Microondas Fit,1647,102,149.7,66.2
mp_031,Manutenção - 1800 kcal,omnivore,6,2,Café da manhã: Tapioca de Frango com Requeijão Light | Lanche: Bolo de Chocolate de Microondas Fit | Almoço: Nuggets Vegetais com Purê de Batata | Lanche: Salada Caprese Expresso | Janta: Peixe Assado no Papelote com Cenoura | Lanche: Bolo de Chocolate de Microondas Fit,1647,102,149.7,66.2
mp_031,Manutenção - 1800 kcal,omnivore,6,3,Café da manhã: Tapioca de Frango com Requeijão Light | Lanche: Bolo de Chocolate de Microondas Fit | Almoço: Nuggets Vegetais com Purê de Batata | Lanche: Salada Caprese Expresso | Janta: Peixe Assado no Papelote com Cenoura | Lanche: Bolo de Chocolate de Microondas Fit,1647,102,149.7,66.2
mp_031,Manutenção - 1800 kcal,omnivore,6,4,Café da manhã: Tapioca de Frango com Requeijão Light | Lanche: Bolo de Chocolate de Microondas Fit | Almoço: Nuggets Vegetais com Purê de Batata | Lanche: Salada Caprese Expresso | Janta: Peixe Assado no Papelote com Cenoura | Lanche: Bolo de Chocolate de Microondas Fit,1647,102,149.7,66.2
mp_031,Manutenção - 1800 kcal,omnivore,6,5,Café da manhã: Tapioca de Frango com Requeijão Light | Lanche: Bolo de Chocolate de Microondas Fit | Almoço: Nuggets Vegetais com Purê de Batata | Lanche: Salada Caprese Expresso | Janta: Peixe Assado no Papelote com Cenoura | Lanche: Bolo de Chocolate de Microondas Fit,1647,102,149.7,66.2
mp_031,Manutenção - 1800 kcal,omnivore,6,6,Café da manhã: Tapioca de Frango com Requeijão Light | Lanche: Bolo de Chocolate de Microondas Fit | Almoço: Nuggets Vegetais com Purê de Batata | Lanche: Salada Caprese Expresso | Janta: Peixe Assado no Papelote com Cenoura | Lanche: Bolo de Chocolate de Microondas Fit,1647,102,149.7,66.2
mp_031,Manutenção - 1800 kcal,omnivore,6,7,Café da manhã: Tapioca de Frango com Requeijão Light | Lanche: Bolo de Chocolate de Microondas Fit | Almoço: Nuggets Vegetais com Purê de Batata | Lanche: Salada Caprese Expresso | Janta: Peixe Assado no Papelote com Cenoura | Lanche: Bolo de Chocolate de Microondas Fit,1647,102,149.7,66.2
mp_032,Manutenção - 2000 kcal,omnivore,6,1,Café da manhã: Pão Integral com Pasta de Amendoim e Geleia | Lanche: Batido de Morango e Pasta de Amendoim | Almoço: Rolo de Carne Moída Recheado | Lanche: Batido de Whey e Banana | Janta: Panqueca de Frango Desfiado | Lanche: Batido de Morango e Pasta de Amendoim,2027,134.5,164.6,93.3
mp_032,Manutenção - 2000 kcal,omnivore,6,2,Café da manhã: Pão Integral com Pasta de Amendoim e Geleia | Lanche: Batido de Morango e Pasta de Amendoim | Almoço: Rolo de Carne Moída Recheado | Lanche: Batido de Whey e Banana | Janta: Panqueca de Frango Desfiado | Lanche: Batido de Morango e Pasta de Amendoim,2027,134.5,164.6,93.3
mp_032,Manutenção - 2000 kcal,omnivore,6,3,Café da manhã: Pão Integral com Pasta de Amendoim e Geleia | Lanche: Batido de Morango e Pasta de Amendoim | Almoço: Rolo de Carne Moída Recheado | Lanche: Batido de Whey e Banana | Janta: Panqueca de Frango Desfiado | Lanche: Batido de Morango e Pasta de Amendoim,2027,134.5,164.6,93.3
mp_032,Manutenção - 2000 kcal,omnivore,6,4,Café da manhã: Pão Integral com Pasta de Amendoim e Geleia | Lanche: Batido de Morango e Pasta de Amendoim | Almoço: Rolo de Carne Moída Recheado | Lanche: Batido de Whey e Banana | Janta: Panqueca de Frango Desfiado | Lanche: Batido de Morango e Pasta de Amendoim,2027,134.5,164.6,93.3
mp_032,Manutenção - 2000 kcal,omnivore,6,5,Café da manhã: Pão Integral com Pasta de Amendoim e Geleia | Lanche: Batido de Morango e Pasta de Amendoim | Almoço: Rolo de Carne Moída Recheado | Lanche: Batido de Whey e Banana | Janta: Panqueca de Frango Desfiado | Lanche: Batido de Morango e Pasta de Amendoim,2027,134.5,164.6,93.3
mp_032,Manutenção - 2000 kcal,omnivore,6,6,Café da manhã: Pão Integral com Pasta de Amendoim e Geleia | Lanche: Batido de Morango e Pasta de Amendoim | Almoço: Rolo de Carne Moída Recheado | Lanche: Batido de Whey e Banana | Janta: Panqueca de Frango Desfiado | Lanche: Batido de Morango e Pasta de Amendoim,2027,134.5,164.6,93.3
mp_032,Manutenção - 2000 kcal,omnivore,6,7,Café da manhã: Pão Integral com Pasta de Amendoim e Geleia | Lanche: Batido de Morango e Pasta de Amendoim | Almoço: Rolo de Carne Moída Recheado | Lanche: Batido de Whey e Banana | Janta: Panqueca de Frango Desfiado | Lanche: Batido de Morango e Pasta de Amendoim,2027,134.5,164.6,93.3
mp_033,Manutenção - 2200 kcal,omnivore,4,1,Café da manhã: Pão Integral com Pasta de Amendoim e Geleia | Almoço: Salada Caesar com Salmão | Janta: Escondidinho Vegano de Grão-de-Bico | Lanche: Batata Frita com Queijo e Bacon,1827,81.2,174.3,90.5
mp_033,Manutenção - 2200 kcal,omnivore,4,2,Café da manhã: Pão Integral com Pasta de Amendoim e Geleia | Almoço: Salada Caesar com Salmão | Janta: Escondidinho Vegano de Grão-de-Bico | Lanche: Batata Frita com Queijo e Bacon,1827,81.2,174.3,90.5
mp_033,Manutenção - 2200 kcal,omnivore,4,3,Café da manhã: Pão Integral com Pasta de Amendoim e Geleia | Almoço: Salada Caesar com Salmão | Janta: Escondidinho Vegano de Grão-de-Bico | Lanche: Batata Frita com Queijo e Bacon,1827,81.2,174.3,90.5
mp_033,Manutenção - 2200 kcal,omnivore,4,4,Café da manhã: Pão Integral com Pasta de Amendoim e Geleia | Almoço: Salada Caesar com Salmão | Janta: Escondidinho Vegano de Grão-de-Bico | Lanche: Batata Frita com Queijo e Bacon,1827,81.2,174.3,90.5
mp_033,Manutenção - 2200 kcal,omnivore,4,5,Café da manhã: Pão Integral com Pasta de Amendoim e Geleia | Almoço: Salada Caesar com Salmão | Janta: Escondidinho Vegano de Grão-de-Bico | Lanche: Batata Frita com Queijo e Bacon,1827,81.2,174.3,90.5
mp_033,Manutenção - 2200 kcal,omnivore,4,6,Café da manhã: Pão Integral com Pasta de Amendoim e Geleia | Almoço: Salada Caesar com Salmão | Janta: Escondidinho Vegano de Grão-de-Bico | Lanche: Batata Frita com Queijo e Bacon,1827,81.2,174.3,90.5
mp_033,Manutenção - 2200 kcal,omnivore,4,7,Café da manhã: Pão Integral com Pasta de Amendoim e Geleia | Almoço: Salada Caesar com Salmão | Janta: Escondidinho Vegano de Grão-de-Bico | Lanche: Batata Frita com Queijo e Bacon,1827,81.2,174.3,90.5
mp_034,Manutenção - 1800 kcal,omnivore,6,1,Café da manhã: Panqueca de Grão-de-Bico (Vegana) | Lanche: Pizza de Frigideira Low Carb | Almoço: Cuscuz Marroquino com Grão-de-Bico | Lanche: Bolo de Chocolate de Microondas Fit | Janta: Pizza de Frigideira com Massa de Aveia | Lanche: Bolo de Chocolate de Microondas Fit,1687,84.0,176,69.0
mp_034,Manutenção - 1800 kcal,omnivore,6,2,Café da manhã: Panqueca de Grão-de-Bico (Vegana) | Lanche: Pizza de Frigideira Low Carb | Almoço: Cuscuz Marroquino com Grão-de-Bico | Lanche: Bolo de Chocolate de Microondas Fit | Janta: Pizza de Frigideira com Massa de Aveia | Lanche: Bolo de Chocolate de Microondas Fit,1687,84.0,176,69.0
mp_034,Manutenção - 1800 kcal,omnivore,6,3,Café da manhã: Panqueca de Grão-de-Bico (Vegana) | Lanche: Pizza de Frigideira Low Carb | Almoço: Cuscuz Marroquino com Grão-de-Bico | Lanche: Bolo de Chocolate de Microondas Fit | Janta: Pizza de Frigideira com Massa de Aveia | Lanche: Bolo de Chocolate de Microondas Fit,1687,84.0,176,69.0
mp_034,Manutenção - 1800 kcal,omnivore,6,4,Café da manhã: Panqueca de Grão-de-Bico (Vegana) | Lanche: Pizza de Frigideira Low Carb | Almoço: Cuscuz Marroquino com Grão-de-Bico | Lanche: Bolo de Chocolate de Microondas Fit | Janta: Pizza de Frigideira com Massa de Aveia | Lanche: Bolo de Chocolate de Microondas Fit,1687,84.0,176,69.0
mp_034,Manutenção - 1800 kcal,omnivore,6,5,Café da manhã: Panqueca de Grão-de-Bico (Vegana) | Lanche: Pizza de Frigideira Low Carb | Almoço: Cuscuz Marroquino com Grão-de-Bico | Lanche: Bolo de Chocolate de Microondas Fit | Janta: Pizza de Frigideira com Massa de Aveia | Lanche: Bolo de Chocolate de Microondas Fit,1687,84.0,176,69.0
mp_034,Manutenção - 1800 kcal,omnivore,6,6,Café da manhã: Panqueca de Grão-de-Bico (Vegana) | Lanche: Pizza de Frigideira Low Carb | Almoço: Cuscuz Marroquino com Grão-de-Bico | Lanche: Bolo de Chocolate de Microondas Fit | Janta: Pizza de Frigideira com Massa de Aveia | Lanche: Bolo de Chocolate de Microondas Fit,1687,84.0,176,69.0
mp_034,Manutenção - 1800 kcal,omnivore,6,7,Café da manhã: Panqueca de Grão-de-Bico (Vegana) | Lanche: Pizza de Frigideira Low Carb | Almoço: Cuscuz Marroquino com Grão-de-Bico | Lanche: Bolo de Chocolate de Microondas Fit | Janta: Pizza de Frigideira com Massa de Aveia | Lanche: Bolo de Chocolate de Microondas Fit,1687,84.0,176,69.0
mp_035,Emagrecimento - 1800 kcal,omnivore,4,1,Café da manhã: Tapioca de Frango com Requeijão Light | Almoço: Escondidinho de Frango com Abóbora | Janta: Pizza de Frigideira com Massa de Aveia | Lanche: Batata Frita com Queijo e Bacon,1662,92.6,160.7,65.7
mp_035,Emagrecimento - 1800 kcal,omnivore,4,2,Café da manhã: Tapioca de Frango com Requeijão Light | Almoço: Escondidinho de Frango com Abóbora | Janta: Pizza de Frigideira com Massa de Aveia | Lanche: Batata Frita com Queijo e Bacon,1662,92.6,160.7,65.7
mp_035,Emagrecimento - 1800 kcal,omnivore,4,3,Café da manhã: Tapioca de Frango com Requeijão Light | Almoço: Escondidinho de Frango com Abóbora | Janta: Pizza de Frigideira com Massa de Aveia | Lanche: Batata Frita com Queijo e Bacon,1662,92.6,160.7,65.7
mp_035,Emagrecimento - 1800 kcal,omnivore,4,4,Café da manhã: Tapioca de Frango com Requeijão Light | Almoço: Escondidinho de Frango com Abóbora | Janta: Pizza de Frigideira com Massa de Aveia | Lanche: Batata Frita com Queijo e Bacon,1662,92.6,160.7,65.7
mp_035,Emagrecimento - 1800 kcal,omnivore,4,5,Café da manhã: Tapioca de Frango com Requeijão Light | Almoço: Escondidinho de Frango com Abóbora | Janta: Pizza de Frigideira com Massa de Aveia | Lanche: Batata Frita com Queijo e Bacon,1662,92.6,160.7,65.7
mp_035,Emagrecimento - 1800 kcal,omnivore,4,6,Café da manhã: Tapioca de Frango com Requeijão Light | Almoço: Escondidinho de Frango com Abóbora | Janta: Pizza de Frigideira com Massa de Aveia | Lanche: Batata Frita com Queijo e Bacon,1662,92.6,160.7,65.7
mp_035,Emagrecimento - 1800 kcal,omnivore,4,7,Café da manhã: Tapioca de Frango com Requeijão Light | Almoço: Escondidinho de Frango com Abóbora | Janta: Pizza de Frigideira com Massa de Aveia | Lanche: Batata Frita com Queijo e Bacon,1662,92.6,160.7,65.7
mp_036,Manutenção - 2200 kcal,omnivore,5,1,Café da manhã: Pão Integral com Pasta de Amendoim e Geleia | Lanche: Batido Hipercalórico (Mass Gainer Caseiro) | Almoço: Bife de Alcatra com Purê de Batata | Lanche: Batata Frita com Queijo e Bacon | Janta: Escondidinho Vegano de Grão-de-Bico,2392,115.2,266.3,97.0
mp_036,Manutenção - 2200 kcal,omnivore,5,2,Café da manhã: Pão Integral com Pasta de Amendoim e Geleia | Lanche: Batido Hipercalórico (Mass Gainer Caseiro) | Almoço: Bife de Alcatra com Purê de Batata | Lanche: Batata Frita com Queijo e Bacon | Janta: Escondidinho Vegano de Grão-de-Bico,2392,115.2,266.3,97.0
mp_036,Manutenção - 2200 kcal,omnivore,5,3,Café da manhã: Pão Integral com Pasta de Amendoim e Geleia | Lanche: Batido Hipercalórico (Mass Gainer Caseiro) | Almoço: Bife de Alcatra com Purê de Batata | Lanche: Batata Frita com Queijo e Bacon | Janta: Escondidinho Vegano de Grão-de-Bico,2392,115.2,266.3,97.0
mp_036,Manutenção - 2200 kcal,omnivore,5,4,Café da manhã: Pão Integral com Pasta de Amendoim e Geleia | Lanche: Batido Hipercalórico (Mass Gainer Caseiro) | Almoço: Bife de Alcatra com Purê de Batata | Lanche: Batata Frita com Queijo e Bacon | Janta: Escondidinho Vegano de Grão-de-Bico,2392,115.2,266.3,97.0
mp_036,Manutenção - 2200 kcal,omnivore,5,5,Café da manhã: Pão Integral com Pasta de Amendoim e Geleia | Lanche: Batido Hipercalórico (Mass Gainer Caseiro) | Almoço: Bife de Alcatra com Purê de Batata | Lanche: Batata Frita com Queijo e Bacon | Janta: Escondidinho Vegano de Grão-de-Bico,2392,115.2,266.3,97.0
mp_036,Manutenção - 2200 kcal,omnivore,5,6,Café da manhã: Pão Integral com Pasta de Amendoim e Geleia | Lanche: Batido Hipercalórico (Mass Gainer Caseiro) | Almoço: Bife de Alcatra com Purê de Batata | Lanche: Batata Frita com Queijo e Bacon | Janta: Escondidinho Vegano de Grão-de-Bico,2392,115.2,266.3,97.0
mp_036,Manutenção - 2200 kcal,omnivore,5,7,Café da manhã: Pão Integral com Pasta de Amendoim e Geleia | Lanche: Batido Hipercalórico (Mass Gainer Caseiro) | Almoço: Bife de Alcatra com Purê de Batata | Lanche: Batata Frita com Queijo e Bacon | Janta: Escondidinho Vegano de Grão-de-Bico,2392,115.2,266.3,97.0
mp_037,Emagrecimento - 1200 kcal,omnivore,4,1,Café da manhã: Crepioca de Ricota | Almoço: Salada de Frango Rápida | Janta: Frango Desfiado com Purê de Abóbora | Lanche: Batido Hipercalórico (Mass Gainer Caseiro),1260,110,106,41
mp_037,Emagrecimento - 1200 kcal,omnivore,4,2,Café da manhã: Crepioca de Ricota | Almoço: Salada de Frango Rápida | Janta: Frango Desfiado com Purê de Abóbora | Lanche: Batido Hipercalórico (Mass Gainer Caseiro),1260,110,106,41
mp_037,Emagrecimento - 1200 kcal,omnivore,4,3,Café da manhã: Crepioca de Ricota | Almoço: Salada de Frango Rápida | Janta: Frango Desfiado com Purê de Abóbora | Lanche: Batido Hipercalórico (Mass Gainer Caseiro),1260,110,106,41
mp_037,Emagrecimento - 1200 kcal,omnivore,4,4,Café da manhã: Crepioca de Ricota | Almoço: Salada de Frango Rápida | Janta: Frango Desfiado com Purê de Abóbora | Lanche: Batido Hipercalórico (Mass Gainer Caseiro),1260,110,106,41
mp_037,Emagrecimento - 1200 kcal,omnivore,4,5,Café da manhã: Crepioca de Ricota | Almoço: Salada de Frango Rápida | Janta: Frango Desfiado com Purê de Abóbora | Lanche: Batido Hipercalórico (Mass Gainer Caseiro),1260,110,106,41
mp_037,Emagrecimento - 1200 kcal,omnivore,4,6,Café da manhã: Crepioca de Ricota | Almoço: Salada de Frango Rápida | Janta: Frango Desfiado com Purê de Abóbora | Lanche: Batido Hipercalórico (Mass Gainer Caseiro),1260,110,106,41
mp_037,Emagrecimento - 1200 kcal,omnivore,4,7,Café da manhã: Crepioca de Ricota | Almoço: Salada de Frango Rápida | Janta: Frango Desfiado com Purê de Abóbora | Lanche: Batido Hipercalórico (Mass Gainer Caseiro),1260,110,106,41
mp_038,Emagrecimento - 1800 kcal,omnivore,5,1,Café da manhã: Tapioca de Frango com Requeijão Light | Lanche: Tapioca Doce de Amendoim e Morango | Almoço: Frango Grelhado com Salada de Grão | Lanche: Tapioca Doce de Amendoim e Morango | Janta: Almôndegas Caseiras de Patinho,1761,111,181.7,61.7
mp_038,Emagrecimento - 1800 kcal,omnivore,5,2,Café da manhã: Tapioca de Frango com Requeijão Light | Lanche: Tapioca Doce de Amendoim e Morango | Almoço: Frango Grelhado com Salada de Grão | Lanche: Tapioca Doce de Amendoim e Morango | Janta: Almôndegas Caseiras de Patinho,1761,111,181.7,61.7
mp_038,Emagrecimento - 1800 kcal,omnivore,5,3,Café da manhã: Tapioca de Frango com Requeijão Light | Lanche: Tapioca Doce de Amendoim e Morango | Almoço: Frango Grelhado com Salada de Grão | Lanche: Tapioca Doce de Amendoim e Morango | Janta: Almôndegas Caseiras de Patinho,1761,111,181.7,61.7
mp_038,Emagrecimento - 1800 kcal,omnivore,5,4,Café da manhã: Tapioca de Frango com Requeijão Light | Lanche: Tapioca Doce de Amendoim e Morango | Almoço: Frango Grelhado com Salada de Grão | Lanche: Tapioca Doce de Amendoim e Morango | Janta: Almôndegas Caseiras de Patinho,1761,111,181.7,61.7
mp_038,Emagrecimento - 1800 kcal,omnivore,5,5,Café da manhã: Tapioca de Frango com Requeijão Light | Lanche: Tapioca Doce de Amendoim e Morango | Almoço: Frango Grelhado com Salada de Grão | Lanche: Tapioca Doce de Amendoim e Morango | Janta: Almôndegas Caseiras de Patinho,1761,111,181.7,61.7
mp_038,Emagrecimento - 1800 kcal,omnivore,5,6,Café da manhã: Tapioca de Frango com Requeijão Light | Lanche: Tapioca Doce de Amendoim e Morango | Almoço: Frango Grelhado com Salada de Grão | Lanche: Tapioca Doce de Amendoim e Morango | Janta: Almôndegas Caseiras de Patinho,1761,111,181.7,61.7
mp_038,Emagrecimento - 1800 kcal,omnivore,5,7,Café da manhã: Tapioca de Frango com Requeijão Light | Lanche: Tapioca Doce de Amendoim e Morango | Almoço: Frango Grelhado com Salada de Grão | Lanche: Tapioca Doce de Amendoim e Morango | Janta: Almôndegas Caseiras de Patinho,1761,111,181.7,61.7
mp_039,Emagrecimento - 2000 kcal,omnivore,6,1,Café da manhã: Panqueca Fit de Banana e Aveia | Lanche: Biscoito de Arroz com Requeijão | Almoço: Strogonoff de Carne Saudável | Lanche: Batido de Morango e Pasta de Amendoim | Janta: Panqueca de Frango Desfiado | Lanche: Nachos com Carne e Guacamole,2035.3,125.6,171.9,93.4
mp_039,Emagrecimento - 2000 kcal,omnivore,6,2,Café da manhã: Panqueca Fit de Banana e Aveia | Lanche: Biscoito de Arroz com Requeijão | Almoço: Strogonoff de Carne Saudável | Lanche: Batido de Morango e Pasta de Amendoim | Janta: Panqueca de Frango Desfiado | Lanche: Nachos com Carne e Guacamole,2035.3,125.6,171.9,93.4
mp_039,Emagrecimento - 2000 kcal,omnivore,6,3,Café da manhã: Panqueca Fit de Banana e Aveia | Lanche: Biscoito de Arroz com Requeijão | Almoço: Strogonoff de Carne Saudável | Lanche: Batido de Morango e Pasta de Amendoim | Janta: Panqueca de Frango Desfiado | Lanche: Nachos com Carne e Guacamole,2035.3,125.6,171.9,93.4
mp_039,Emagrecimento - 2000 kcal,omnivore,6,4,Café da manhã: Panqueca Fit de Banana e Aveia | Lanche: Biscoito de Arroz com Requeijão | Almoço: Strogonoff de Carne Saudável | Lanche: Batido de Morango e Pasta de Amendoim | Janta: Panqueca de Frango Desfiado | Lanche: Nachos com Carne e Guacamole,2035.3,125.6,171.9,93.4
mp_039,Emagrecimento - 2000 kcal,omnivore,6,5,Café da manhã: Panqueca Fit de Banana e Aveia | Lanche: Biscoito de Arroz com Requeijão | Almoço: Strogonoff de Carne Saudável | Lanche: Batido de Morango e Pasta de Amendoim | Janta: Panqueca de Frango Desfiado | Lanche: Nachos com Carne e Guacamole,2035.3,125.6,171.9,93.4
mp_039,Emagrecimento - 2000 kcal,omnivore,6,6,Café da manhã: Panqueca Fit de Banana e Aveia | Lanche: Biscoito de Arroz com Requeijão | Almoço: Strogonoff de Carne Saudável | Lanche: Batido de Morango e Pasta de Amendoim | Janta: Panqueca de Frango Desfiado | Lanche: Nachos com Carne e Guacamole,2035.3,125.6,171.9,93.4
mp_039,Emagrecimento - 2000 kcal,omnivore,6,7,Café da manhã: Panqueca Fit de Banana e Aveia | Lanche: Biscoito de Arroz com Requeijão | Almoço: Strogonoff de Carne Saudável | Lanche: Batido de Morango e Pasta de Amendoim | Janta: Panqueca de Frango Desfiado | Lanche: Nachos com Carne e Guacamole,2035.3,125.6,171.9,93.4
mp_040,Manutenção - 1800 kcal,omnivore,4,1,Café da manhã: Tapioca de Frango com Requeijão Light | Almoço: Rolo de Carne Moída Recheado | Janta: Pizza de Calabresa em Casa | Lanche: Batata Frita com Queijo e Bacon,2063,112.5,180.8,91.9
mp_040,Manutenção - 1800 kcal,omnivore,4,2,Café da manhã: Tapioca de Frango com Requeijão Light | Almoço: Rolo de Carne Moída Recheado | Janta: Pizza de Calabresa em Casa | Lanche: Batata Frita com Queijo e Bacon,2063,112.5,180.8,91.9
mp_040,Manutenção - 1800 kcal,omnivore,4,3,Café da manhã: Tapioca de Frango com Requeijão Light | Almoço: Rolo de Carne Moída Recheado | Janta: Pizza de Calabresa em Casa | Lanche: Batata Frita com Queijo e Bacon,2063,112.5,180.8,91.9
mp_040,Manutenção - 1800 kcal,omnivore,4,4,Café da manhã: Tapioca de Frango com Requeijão Light | Almoço: Rolo de Carne Moída Recheado | Janta: Pizza de Calabresa em Casa | Lanche: Batata Frita com Queijo e Bacon,2063,112.5,180.8,91.9
mp_040,Manutenção - 1800 kcal,omnivore,4,5,Café da manhã: Tapioca de Frango com Requeijão Light | Almoço: Rolo de Carne Moída Recheado | Janta: Pizza de Calabresa em Casa | Lanche: Batata Frita com Queijo e Bacon,2063,112.5,180.8,91.9
mp_040,Manutenção - 1800 kcal,omnivore,4,6,Café da manhã: Tapioca de Frango com Requeijão Light | Almoço: Rolo de Carne Moída Recheado | Janta: Pizza de Calabresa em Casa | Lanche: Batata Frita com Queijo e Bacon,2063,112.5,180.8,91.9
mp_040,Manutenção - 1800 kcal,omnivore,4,7,Café da manhã: Tapioca de Frango com Requeijão Light | Almoço: Rolo de Carne Moída Recheado | Janta: Pizza de Calabresa em Casa | Lanche: Batata Frita com Queijo e Bacon,2063,112.5,180.8,91.9
mp_041,Emagrecimento - 1600 kcal,omnivore,3,1,Café da manhã: Tapioca de Frango com Requeijão Light | Almoço: Bacalhau com Batata e Ovo | Janta: Hambúrguer Caseiro com Bacon,1234.9,96.2,91.3,49.7
mp_041,Emagrecimento - 1600 kcal,omnivore,3,2,Café da manhã: Tapioca de Frango com Requeijão Light | Almoço: Bacalhau com Batata e Ovo | Janta: Hambúrguer Caseiro com Bacon,1234.9,96.2,91.3,49.7
mp_041,Emagrecimento - 1600 kcal,omnivore,3,3,Café da manhã: Tapioca de Frango com Requeijão Light | Almoço: Bacalhau com Batata e Ovo | Janta: Hambúrguer Caseiro com Bacon,1234.9,96.2,91.3,49.7
mp_041,Emagrecimento - 1600 kcal,omnivore,3,4,Café da manhã: Tapioca de Frango com Requeijão Light | Almoço: Bacalhau com Batata e Ovo | Janta: Hambúrguer Caseiro com Bacon,1234.9,96.2,91.3,49.7
mp_041,Emagrecimento - 1600 kcal,omnivore,3,5,Café da manhã: Tapioca de Frango com Requeijão Light | Almoço: Bacalhau com Batata e Ovo | Janta: Hambúrguer Caseiro com Bacon,1234.9,96.2,91.3,49.7
mp_041,Emagrecimento - 1600 kcal,omnivore,3,6,Café da manhã: Tapioca de Frango com Requeijão Light | Almoço: Bacalhau com Batata e Ovo | Janta: Hambúrguer Caseiro com Bacon,1234.9,96.2,91.3,49.7
mp_041,Emagrecimento - 1600 kcal,omnivore,3,7,Café da manhã: Tapioca de Frango com Requeijão Light | Almoço: Bacalhau com Batata e Ovo | Janta: Hambúrguer Caseiro com Bacon,1234.9,96.2,91.3,49.7
mp_042,Emagrecimento - 1600 kcal,omnivore,6,1,Café da manhã: Mingau de Aveia com Banana | Lanche: Sanduíche Natural de Atum | Almoço: Hambúrguer Vegetal com Purê de Abóbora | Lanche: Muffin de Banana de Microondas | Janta: Almôndegas Caseiras de Patinho | Lanche: Sanduíche Natural de Atum,1593.1,115.2,166.9,54.7
mp_042,Emagrecimento - 1600 kcal,omnivore,6,2,Café da manhã: Mingau de Aveia com Banana | Lanche: Sanduíche Natural de Atum | Almoço: Hambúrguer Vegetal com Purê de Abóbora | Lanche: Muffin de Banana de Microondas | Janta: Almôndegas Caseiras de Patinho | Lanche: Sanduíche Natural de Atum,1593.1,115.2,166.9,54.7
mp_042,Emagrecimento - 1600 kcal,omnivore,6,3,Café da manhã: Mingau de Aveia com Banana | Lanche: Sanduíche Natural de Atum | Almoço: Hambúrguer Vegetal com Purê de Abóbora | Lanche: Muffin de Banana de Microondas | Janta: Almôndegas Caseiras de Patinho | Lanche: Sanduíche Natural de Atum,1593.1,115.2,166.9,54.7
mp_042,Emagrecimento - 1600 kcal,omnivore,6,4,Café da manhã: Mingau de Aveia com Banana | Lanche: Sanduíche Natural de Atum | Almoço: Hambúrguer Vegetal com Purê de Abóbora | Lanche: Muffin de Banana de Microondas | Janta: Almôndegas Caseiras de Patinho | Lanche: Sanduíche Natural de Atum,1593.1,115.2,166.9,54.7
mp_042,Emagrecimento - 1600 kcal,omnivore,6,5,Café da manhã: Mingau de Aveia com Banana | Lanche: Sanduíche Natural de Atum | Almoço: Hambúrguer Vegetal com Purê de Abóbora | Lanche: Muffin de Banana de Microondas | Janta: Almôndegas Caseiras de Patinho | Lanche: Sanduíche Natural de Atum,1593.1,115.2,166.9,54.7
mp_042,Emagrecimento - 1600 kcal,omnivore,6,6,Café da manhã: Mingau de Aveia com Banana | Lanche: Sanduíche Natural de Atum | Almoço: Hambúrguer Vegetal com Purê de Abóbora | Lanche: Muffin de Banana de Microondas | Janta: Almôndegas Caseiras de Patinho | Lanche: Sanduíche Natural de Atum,1593.1,115.2,166.9,54.7
mp_042,Emagrecimento - 1600 kcal,omnivore,6,7,Café da manhã: Mingau de Aveia com Banana | Lanche: Sanduíche Natural de Atum | Almoço: Hambúrguer Vegetal com Purê de Abóbora | Lanche: Muffin de Banana de Microondas | Janta: Almôndegas Caseiras de Patinho | Lanche: Sanduíche Natural de Atum,1593.1,115.2,166.9,54.7
mp_043,Emagrecimento - 1600 kcal,omnivore,5,1,Café da manhã: Mingau de Aveia com Banana | Lanche: Sanduíche de Pasta de Amendoim Quente | Almoço: Hambúrguer Vegetal com Purê de Abóbora | Lanche: Tapioca Doce de Amendoim e Morango | Janta: Sopa de Tomate com Ovo Escalfado,1478.6,59.4,181.8,60.5
mp_043,Emagrecimento - 1600 kcal,omnivore,5,2,Café da manhã: Mingau de Aveia com Banana | Lanche: Sanduíche de Pasta de Amendoim Quente | Almoço: Hambúrguer Vegetal com Purê de Abóbora | Lanche: Tapioca Doce de Amendoim e Morango | Janta: Sopa de Tomate com Ovo Escalfado,1478.6,59.4,181.8,60.5
mp_043,Emagrecimento - 1600 kcal,omnivore,5,3,Café da manhã: Mingau de Aveia com Banana | Lanche: Sanduíche de Pasta de Amendoim Quente | Almoço: Hambúrguer Vegetal com Purê de Abóbora | Lanche: Tapioca Doce de Amendoim e Morango | Janta: Sopa de Tomate com Ovo Escalfado,1478.6,59.4,181.8,60.5
mp_043,Emagrecimento - 1600 kcal,omnivore,5,4,Café da manhã: Mingau de Aveia com Banana | Lanche: Sanduíche de Pasta de Amendoim Quente | Almoço: Hambúrguer Vegetal com Purê de Abóbora | Lanche: Tapioca Doce de Amendoim e Morango | Janta: Sopa de Tomate com Ovo Escalfado,1478.6,59.4,181.8,60.5
mp_043,Emagrecimento - 1600 kcal,omnivore,5,5,Café da manhã: Mingau de Aveia com Banana | Lanche: Sanduíche de Pasta de Amendoim Quente | Almoço: Hambúrguer Vegetal com Purê de Abóbora | Lanche: Tapioca Doce de Amendoim e Morango | Janta: Sopa de Tomate com Ovo Escalfado,1478.6,59.4,181.8,60.5
mp_043,Emagrecimento - 1600 kcal,omnivore,5,6,Café da manhã: Mingau de Aveia com Banana | Lanche: Sanduíche de Pasta de Amendoim Quente | Almoço: Hambúrguer Vegetal com Purê de Abóbora | Lanche: Tapioca Doce de Amendoim e Morango | Janta: Sopa de Tomate com Ovo Escalfado,1478.6,59.4,181.8,60.5
mp_043,Emagrecimento - 1600 kcal,omnivore,5,7,Café da manhã: Mingau de Aveia com Banana | Lanche: Sanduíche de Pasta de Amendoim Quente | Almoço: Hambúrguer Vegetal com Purê de Abóbora | Lanche: Tapioca Doce de Amendoim e Morango | Janta: Sopa de Tomate com Ovo Escalfado,1478.6,59.4,181.8,60.5
mp_044,Emagrecimento - 1800 kcal,omnivore,5,1,Café da manhã: Panqueca de Tapioca Doce | Lanche: Tapioca Doce de Amendoim e Morango | Almoço: Cuscuz Marroquino com Grão-de-Bico | Lanche: Tapioca Doce de Amendoim e Morango | Janta: Hambúrguer Caseiro Magro,1653,70.0,213,57.0
mp_044,Emagrecimento - 1800 kcal,omnivore,5,2,Café da manhã: Panqueca de Tapioca Doce | Lanche: Tapioca Doce de Amendoim e Morango | Almoço: Cuscuz Marroquino com Grão-de-Bico | Lanche: Tapioca Doce de Amendoim e Morango | Janta: Hambúrguer Caseiro Magro,1653,70.0,213,57.0
mp_044,Emagrecimento - 1800 kcal,omnivore,5,3,Café da manhã: Panqueca de Tapioca Doce | Lanche: Tapioca Doce de Amendoim e Morango | Almoço: Cuscuz Marroquino com Grão-de-Bico | Lanche: Tapioca Doce de Amendoim e Morango | Janta: Hambúrguer Caseiro Magro,1653,70.0,213,57.0
mp_044,Emagrecimento - 1800 kcal,omnivore,5,4,Café da manhã: Panqueca de Tapioca Doce | Lanche: Tapioca Doce de Amendoim e Morango | Almoço: Cuscuz Marroquino com Grão-de-Bico | Lanche: Tapioca Doce de Amendoim e Morango | Janta: Hambúrguer Caseiro Magro,1653,70.0,213,57.0
mp_044,Emagrecimento - 1800 kcal,omnivore,5,5,Café da manhã: Panqueca de Tapioca Doce | Lanche: Tapioca Doce de Amendoim e Morango | Almoço: Cuscuz Marroquino com Grão-de-Bico | Lanche: Tapioca Doce de Amendoim e Morango | Janta: Hambúrguer Caseiro Magro,1653,70.0,213,57.0
mp_044,Emagrecimento - 1800 kcal,omnivore,5,6,Café da manhã: Panqueca de Tapioca Doce | Lanche: Tapioca Doce de Amendoim e Morango | Almoço: Cuscuz Marroquino com Grão-de-Bico | Lanche: Tapioca Doce de Amendoim e Morango | Janta: Hambúrguer Caseiro Magro,1653,70.0,213,57.0
mp_044,Emagrecimento - 1800 kcal,omnivore,5,7,Café da manhã: Panqueca de Tapioca Doce | Lanche: Tapioca Doce de Amendoim e Morango | Almoço: Cuscuz Marroquino com Grão-de-Bico | Lanche: Tapioca Doce de Amendoim e Morango | Janta: Hambúrguer Caseiro Magro,1653,70.0,213,57.0
mp_045,Emagrecimento - 2000 kcal,omnivore,4,1,Café da manhã: Pão Integral com Pasta de Amendoim e Geleia | Almoço: Wrap Integral de Falafel | Janta: Panqueca de Frango Desfiado | Lanche: Batata Frita com Queijo e Bacon,1817,77.7,191.3,84.0
mp_045,Emagrecimento - 2000 kcal,omnivore,4,2,Café da manhã: Pão Integral com Pasta de Amendoim e Geleia | Almoço: Wrap Integral de Falafel | Janta: Panqueca de Frango Desfiado | Lanche: Batata Frita com Queijo e Bacon,1817,77.7,191.3,84.0
mp_045,Emagrecimento - 2000 kcal,omnivore,4,3,Café da manhã: Pão Integral com Pasta de Amendoim e Geleia | Almoço: Wrap Integral de Falafel | Janta: Panqueca de Frango Desfiado | Lanche: Batata Frita com Queijo e Bacon,1817,77.7,191.3,84.0
mp_045,Emagrecimento - 2000 kcal,omnivore,4,4,Café da manhã: Pão Integral com Pasta de Amendoim e Geleia | Almoço: Wrap Integral de Falafel | Janta: Panqueca de Frango Desfiado | Lanche: Batata Frita com Queijo e Bacon,1817,77.7,191.3,84.0
mp_045,Emagrecimento - 2000 kcal,omnivore,4,5,Café da manhã: Pão Integral com Pasta de Amendoim e Geleia | Almoço: Wrap Integral de Falafel | Janta: Panqueca de Frango Desfiado | Lanche: Batata Frita com Queijo e Bacon,1817,77.7,191.3,84.0
mp_045,Emagrecimento - 2000 kcal,omnivore,4,6,Café da manhã: Pão Integral com Pasta de Amendoim e Geleia | Almoço: Wrap Integral de Falafel | Janta: Panqueca de Frango Desfiado | Lanche: Batata Frita com Queijo e Bacon,1817,77.7,191.3,84.0
mp_045,Emagrecimento - 2000 kcal,omnivore,4,7,Café da manhã: Pão Integral com Pasta de Amendoim e Geleia | Almoço: Wrap Integral de Falafel | Janta: Panqueca de Frango Desfiado | Lanche: Batata Frita com Queijo e Bacon,1817,77.7,191.3,84.0
mp_046,Emagrecimento - 1200 kcal,vegetarian,5,1,Café da manhã: Crepioca de Ricota | Lanche: Wrap Doce de Pasta de Amendoim | Almoço: Sanduíche de Ovo Cozido | Lanche: Bolo de Chocolate de Microondas Fit | Janta: Sopa Creme de Ervilha,1230,58.5,132.5,50.5
mp_046,Emagrecimento - 1200 kcal,vegetarian,5,2,Café da manhã: Crepioca de Ricota | Lanche: Wrap Doce de Pasta de Amendoim | Almoço: Sanduíche de Ovo Cozido | Lanche: Bolo de Chocolate de Microondas Fit | Janta: Sopa Creme de Ervilha,1230,58.5,132.5,50.5
mp_046,Emagrecimento - 1200 kcal,vegetarian,5,3,Café da manhã: Crepioca de Ricota | Lanche: Wrap Doce de Pasta de Amendoim | Almoço: Sanduíche de Ovo Cozido | Lanche: Bolo de Chocolate de Microondas Fit | Janta: Sopa Creme de Ervilha,1230,58.5,132.5,50.5
mp_046,Emagrecimento - 1200 kcal,vegetarian,5,4,Café da manhã: Crepioca de Ricota | Lanche: Wrap Doce de Pasta de Amendoim | Almoço: Sanduíche de Ovo Cozido | Lanche: Bolo de Chocolate de Microondas Fit | Janta: Sopa Creme de Ervilha,1230,58.5,132.5,50.5
mp_046,Emagrecimento - 1200 kcal,vegetarian,5,5,Café da manhã: Crepioca de Ricota | Lanche: Wrap Doce de Pasta de Amendoim | Almoço: Sanduíche de Ovo Cozido | Lanche: Bolo de Chocolate de Microondas Fit | Janta: Sopa Creme de Ervilha,1230,58.5,132.5,50.5
mp_046,Emagrecimento - 1200 kcal,vegetarian,5,6,Café da manhã: Crepioca de Ricota | Lanche: Wrap Doce de Pasta de Amendoim | Almoço: Sanduíche de Ovo Cozido | Lanche: Bolo de Chocolate de Microondas Fit | Janta: Sopa Creme de Ervilha,1230,58.5,132.5,50.5
mp_046,Emagrecimento - 1200 kcal,vegetarian,5,7,Café da manhã: Crepioca de Ricota | Lanche: Wrap Doce de Pasta de Amendoim | Almoço: Sanduíche de Ovo Cozido | Lanche: Bolo de Chocolate de Microondas Fit | Janta: Sopa Creme de Ervilha,1230,58.5,132.5,50.5
mp_047,Manutenção - 1800 kcal,pescetarian,6,1,Café da manhã: Pão Integral com Pasta de Amendoim e Geleia | Lanche: Bolo de Chocolate de Microondas Fit | Almoço: Cuscuz Marroquino com Grão-de-Bico | Lanche: Bolo de Chocolate de Microondas Fit | Janta: Filé de Pescada com Brócolis | Lanche: Bolo de Chocolate de Microondas Fit,1682,95.9,177.9,66.3
mp_047,Manutenção - 1800 kcal,pescetarian,6,2,Café da manhã: Pão Integral com Pasta de Amendoim e Geleia | Lanche: Bolo de Chocolate de Microondas Fit | Almoço: Cuscuz Marroquino com Grão-de-Bico | Lanche: Bolo de Chocolate de Microondas Fit | Janta: Filé de Pescada com Brócolis | Lanche: Bolo de Chocolate de Microondas Fit,1682,95.9,177.9,66.3
mp_047,Manutenção - 1800 kcal,pescetarian,6,3,Café da manhã: Pão Integral com Pasta de Amendoim e Geleia | Lanche: Bolo de Chocolate de Microondas Fit | Almoço: Cuscuz Marroquino com Grão-de-Bico | Lanche: Bolo de Chocolate de Microondas Fit | Janta: Filé de Pescada com Brócolis | Lanche: Bolo de Chocolate de Microondas Fit,1682,95.9,177.9,66.3
mp_047,Manutenção - 1800 kcal,pescetarian,6,4,Café da manhã: Pão Integral com Pasta de Amendoim e Geleia | Lanche: Bolo de Chocolate de Microondas Fit | Almoço: Cuscuz Marroquino com Grão-de-Bico | Lanche: Bolo de Chocolate de Microondas Fit | Janta: Filé de Pescada com Brócolis | Lanche: Bolo de Chocolate de Microondas Fit,1682,95.9,177.9,66.3
mp_047,Manutenção - 1800 kcal,pescetarian,6,5,Café da manhã: Pão Integral com Pasta de Amendoim e Geleia | Lanche: Bolo de Chocolate de Microondas Fit | Almoço: Cuscuz Marroquino com Grão-de-Bico | Lanche: Bolo de Chocolate de Microondas Fit | Janta: Filé de Pescada com Brócolis | Lanche: Bolo de Chocolate de Microondas Fit,1682,95.9,177.9,66.3
mp_047,Manutenção - 1800 kcal,pescetarian,6,6,Café da manhã: Pão Integral com Pasta de Amendoim e Geleia | Lanche: Bolo de Chocolate de Microondas Fit | Almoço: Cuscuz Marroquino com Grão-de-Bico | Lanche: Bolo de Chocolate de Microondas Fit | Janta: Filé de Pescada com Brócolis | Lanche: Bolo de Chocolate de Microondas Fit,1682,95.9,177.9,66.3
mp_047,Manutenção - 1800 kcal,pescetarian,6,7,Café da manhã: Pão Integral com Pasta de Amendoim e Geleia | Lanche: Bolo de Chocolate de Microondas Fit | Almoço: Cuscuz Marroquino com Grão-de-Bico | Lanche: Bolo de Chocolate de Microondas Fit | Janta: Filé de Pescada com Brócolis | Lanche: Bolo de Chocolate de Microondas Fit,1682,95.9,177.9,66.3
mp_048,Manutenção - 1800 kcal,omnivore,3,1,Café da manhã: Tapioca de Frango com Requeijão Light | Almoço: Prato Feito Turbinado (Ovo e Fritas) | Janta: Pizza de Calabresa em Casa,1716,88.3,192.3,61.5
mp_048,Manutenção - 1800 kcal,omnivore,3,2,Café da manhã: Tapioca de Frango com Requeijão Light | Almoço: Prato Feito Turbinado (Ovo e Fritas) | Janta: Pizza de Calabresa em Casa,1716,88.3,192.3,61.5
mp_048,Manutenção - 1800 kcal,omnivore,3,3,Café da manhã: Tapioca de Frango com Requeijão Light | Almoço: Prato Feito Turbinado (Ovo e Fritas) | Janta: Pizza de Calabresa em Casa,1716,88.3,192.3,61.5
mp_048,Manutenção - 1800 kcal,omnivore,3,4,Café da manhã: Tapioca de Frango com Requeijão Light | Almoço: Prato Feito Turbinado (Ovo e Fritas) | Janta: Pizza de Calabresa em Casa,1716,88.3,192.3,61.5
mp_048,Manutenção - 1800 kcal,omnivore,3,5,Café da manhã: Tapioca de Frango com Requeijão Light | Almoço: Prato Feito Turbinado (Ovo e Fritas) | Janta: Pizza de Calabresa em Casa,1716,88.3,192.3,61.5
mp_048,Manutenção - 1800 kcal,omnivore,3,6,Café da manhã: Tapioca de Frango com Requeijão Light | Almoço: Prato Feito Turbinado (Ovo e Fritas) | Janta: Pizza de Calabresa em Casa,1716,88.3,192.3,61.5
mp_048,Manutenção - 1800 kcal,omnivore,3,7,Café da manhã: Tapioca de Frango com Requeijão Light | Almoço: Prato Feito Turbinado (Ovo e Fritas) | Janta: Pizza de Calabresa em Casa,1716,88.3,192.3,61.5
mp_049,Manutenção - 2200 kcal,omnivore,4,1,Café da manhã: Pão Integral com Pasta de Amendoim e Geleia | Almoço: Bife a Cavalo com Batata Doce | Janta: Escondidinho Vegano de Grão-de-Bico | Lanche: Batata Frita com Queijo e Bacon,1957,89.7,196.3,92.0
mp_049,Manutenção - 2200 kcal,omnivore,4,2,Café da manhã: Pão Integral com Pasta de Amendoim e Geleia | Almoço: Bife a Cavalo com Batata Doce | Janta: Escondidinho Vegano de Grão-de-Bico | Lanche: Batata Frita com Queijo e Bacon,1957,89.7,196.3,92.0
mp_049,Manutenção - 2200 kcal,omnivore,4,3,Café da manhã: Pão Integral com Pasta de Amendoim e Geleia | Almoço: Bife a Cavalo com Batata Doce | Janta: Escondidinho Vegano de Grão-de-Bico | Lanche: Batata Frita com Queijo e Bacon,1957,89.7,196.3,92.0
mp_049,Manutenção - 2200 kcal,omnivore,4,4,Café da manhã: Pão Integral com Pasta de Amendoim e Geleia | Almoço: Bife a Cavalo com Batata Doce | Janta: Escondidinho Vegano de Grão-de-Bico | Lanche: Batata Frita com Queijo e Bacon,1957,89.7,196.3,92.0
mp_049,Manutenção - 2200 kcal,omnivore,4,5,Café da manhã: Pão Integral com Pasta de Amendoim e Geleia | Almoço: Bife a Cavalo com Batata Doce | Janta: Escondidinho Vegano de Grão-de-Bico | Lanche: Batata Frita com Queijo e Bacon,1957,89.7,196.3,92.0
mp_049,Manutenção - 2200 kcal,omnivore,4,6,Café da manhã: Pão Integral com Pasta de Amendoim e Geleia | Almoço: Bife a Cavalo com Batata Doce | Janta: Escondidinho Vegano de Grão-de-Bico | Lanche: Batata Frita com Queijo e Bacon,1957,89.7,196.3,92.0
mp_049,Manutenção - 2200 kcal,omnivore,4,7,Café da manhã: Pão Integral com Pasta de Amendoim e Geleia | Almoço: Bife a Cavalo com Batata Doce | Janta: Escondidinho Vegano de Grão-de-Bico | Lanche: Batata Frita com Queijo e Bacon,1957,89.7,196.3,92.0
mp_050,Hipertrofia - 2200 kcal,omnivore,6,1,"Café da manhã: Pão Integral com Pasta de Amendoim e Geleia | Lanche: Batido de Abacate Proteico | Almoço: Prato Feito (Arroz, Feijão e Bife) | Lanche: Batido de Abacate Proteico | Janta: Escondidinho Vegano de Grão-de-Bico | Lanche: Batido de Abacate Proteico",2123,143.1,182.4,94.8
mp_050,Hipertrofia - 2200 kcal,omnivore,6,2,"Café da manhã: Pão Integral com Pasta de Amendoim e Geleia | Lanche: Batido de Abacate Proteico | Almoço: Prato Feito (Arroz, Feijão e Bife) | Lanche: Batido de Abacate Proteico | Janta: Escondidinho Vegano de Grão-de-Bico | Lanche: Batido de Abacate Proteico",2123,143.1,182.4,94.8
mp_050,Hipertrofia - 2200 kcal,omnivore,6,3,"Café da manhã: Pão Integral com Pasta de Amendoim e Geleia | Lanche: Batido de Abacate Proteico | Almoço: Prato Feito (Arroz, Feijão e Bife) | Lanche: Batido de Abacate Proteico | Janta: Escondidinho Vegano de Grão-de-Bico | Lanche: Batido de Abacate Proteico",2123,143.1,182.4,94.8
mp_050,Hipertrofia - 2200 kcal,omnivore,6,4,"Café da manhã: Pão Integral com Pasta de Amendoim e Geleia | Lanche: Batido de Abacate Proteico | Almoço: Prato Feito (Arroz, Feijão e Bife) | Lanche: Batido de Abacate Proteico | Janta: Escondidinho Vegano de Grão-de-Bico | Lanche: Batido de Abacate Proteico",2123,143.1,182.4,94.8
mp_050,Hipertrofia - 2200 kcal,omnivore,6,5,"Café da manhã: Pão Integral com Pasta de Amendoim e Geleia | Lanche: Batido de Abacate Proteico | Almoço: Prato Feito (Arroz, Feijão e Bife) | Lanche: Batido de Abacate Proteico | Janta: Escondidinho Vegano de Grão-de-Bico | Lanche: Batido de Abacate Proteico",2123,143.1,182.4,94.8
mp_050,Hipertrofia - 2200 kcal,omnivore,6,6,"Café da manhã: Pão Integral com Pasta de Amendoim e Geleia | Lanche: Batido de Abacate Proteico | Almoço: Prato Feito (Arroz, Feijão e Bife) | Lanche: Batido de Abacate Proteico | Janta: Escondidinho Vegano de Grão-de-Bico | Lanche: Batido de Abacate Proteico",2123,143.1,182.4,94.8
mp_050,Hipertrofia - 2200 kcal,omnivore,6,7,"Café da manhã: Pão Integral com Pasta de Amendoim e Geleia | Lanche: Batido de Abacate Proteico | Almoço: Prato Feito (Arroz, Feijão e Bife) | Lanche: Batido de Abacate Proteico | Janta: Escondidinho Vegano de Grão-de-Bico | Lanche: Batido de Abacate Proteico",2123,143.1,182.4,94.8
mp_051,Emagrecimento - 1800 kcal,omnivore,4,1,Café da manhã: Tapioca de Frango com Requeijão Light | Almoço: Cuscuz Marroquino com Grão-de-Bico | Janta: Pizza de Frigideira com Massa de Aveia | Lanche: Batata Frita com Queijo e Bacon,1706,77.1,198.7,62.2
mp_051,Emagrecimento - 1800 kcal,omnivore,4,2,Café da manhã: Tapioca de Frango com Requeijão Light | Almoço: Cuscuz Marroquino com Grão-de-Bico | Janta: Pizza de Frigideira com Massa de Aveia | Lanche: Batata Frita com Queijo e Bacon,1706,77.1,198.7,62.2
mp_051,Emagrecimento - 1800 kcal,omnivore,4,3,Café da manhã: Tapioca de Frango com Requeijão Light | Almoço: Cuscuz Marroquino com Grão-de-Bico | Janta: Pizza de Frigideira com Massa de Aveia | Lanche: Batata Frita com Queijo e Bacon,1706,77.1,198.7,62.2
mp_051,Emagrecimento - 1800 kcal,omnivore,4,4,Café da manhã: Tapioca de Frango com Requeijão Light | Almoço: Cuscuz Marroquino com Grão-de-Bico | Janta: Pizza de Frigideira com Massa de Aveia | Lanche: Batata Frita com Queijo e Bacon,1706,77.1,198.7,62.2
mp_051,Emagrecimento - 1800 kcal,omnivore,4,5,Café da manhã: Tapioca de Frango com Requeijão Light | Almoço: Cuscuz Marroquino com Grão-de-Bico | Janta: Pizza de Frigideira com Massa de Aveia | Lanche: Batata Frita com Queijo e Bacon,1706,77.1,198.7,62.2
mp_051,Emagrecimento - 1800 kcal,omnivore,4,6,Café da manhã: Tapioca de Frango com Requeijão Light | Almoço: Cuscuz Marroquino com Grão-de-Bico | Janta: Pizza de Frigideira com Massa de Aveia | Lanche: Batata Frita com Queijo e Bacon,1706,77.1,198.7,62.2
mp_051,Emagrecimento - 1800 kcal,omnivore,4,7,Café da manhã: Tapioca de Frango com Requeijão Light | Almoço: Cuscuz Marroquino com Grão-de-Bico | Janta: Pizza de Frigideira com Massa de Aveia | Lanche: Batata Frita com Queijo e Bacon,1706,77.1,198.7,62.2
mp_052,Emagrecimento - 1800 kcal,omnivore,3,1,Café da manhã: Tapioca de Frango com Requeijão Light | Almoço: Macarrão com Queijo Clássico (Mac & Cheese) | Janta: Pizza de Calabresa em Casa,1433,69.4,157.3,51.4
mp_052,Emagrecimento - 1800 kcal,omnivore,3,2,Café da manhã: Tapioca de Frango com Requeijão Light | Almoço: Macarrão com Queijo Clássico (Mac & Cheese) | Janta: Pizza de Calabresa em Casa,1433,69.4,157.3,51.4
mp_052,Emagrecimento - 1800 kcal,omnivore,3,3,Café da manhã: Tapioca de Frango com Requeijão Light | Almoço: Macarrão com Queijo Clássico (Mac & Cheese) | Janta: Pizza de Calabresa em Casa,1433,69.4,157.3,51.4
mp_052,Emagrecimento - 1800 kcal,omnivore,3,4,Café da manhã: Tapioca de Frango com Requeijão Light | Almoço: Macarrão com Queijo Clássico (Mac & Cheese) | Janta: Pizza de Calabresa em Casa,1433,69.4,157.3,51.4
mp_052,Emagrecimento - 1800 kcal,omnivore,3,5,Café da manhã: Tapioca de Frango com Requeijão Light | Almoço: Macarrão com Queijo Clássico (Mac & Cheese) | Janta: Pizza de Calabresa em Casa,1433,69.4,157.3,51.4
mp_052,Emagrecimento - 1800 kcal,omnivore,3,6,Café da manhã: Tapioca de Frango com Requeijão Light | Almoço: Macarrão com Queijo Clássico (Mac & Cheese) | Janta: Pizza de Calabresa em Casa,1433,69.4,157.3,51.4
mp_052,Emagrecimento - 1800 kcal,omnivore,3,7,Café da manhã: Tapioca de Frango com Requeijão Light | Almoço: Macarrão com Queijo Clássico (Mac & Cheese) | Janta: Pizza de Calabresa em Casa,1433,69.4,157.3,51.4
mp_053,Emagrecimento - 1600 kcal,omnivore,6,1,Café da manhã: Mingau de Aveia com Banana | Lanche: Sanduíche Natural de Atum | Almoço: Hambúrguer Vegetal com Purê de Abóbora | Lanche: Sanduíche Natural de Atum | Janta: Almôndegas Caseiras de Patinho | Lanche: Sanduíche Natural de Atum,1605.6,126.4,164.3,52.4
mp_053,Emagrecimento - 1600 kcal,omnivore,6,2,Café da manhã: Mingau de Aveia com Banana | Lanche: Sanduíche Natural de Atum | Almoço: Hambúrguer Vegetal com Purê de Abóbora | Lanche: Sanduíche Natural de Atum | Janta: Almôndegas Caseiras de Patinho | Lanche: Sanduíche Natural de Atum,1605.6,126.4,164.3,52.4
mp_053,Emagrecimento - 1600 kcal,omnivore,6,3,Café da manhã: Mingau de Aveia com Banana | Lanche: Sanduíche Natural de Atum | Almoço: Hambúrguer Vegetal com Purê de Abóbora | Lanche: Sanduíche Natural de Atum | Janta: Almôndegas Caseiras de Patinho | Lanche: Sanduíche Natural de Atum,1605.6,126.4,164.3,52.4
mp_053,Emagrecimento - 1600 kcal,omnivore,6,4,Café da manhã: Mingau de Aveia com Banana | Lanche: Sanduíche Natural de Atum | Almoço: Hambúrguer Vegetal com Purê de Abóbora | Lanche: Sanduíche Natural de Atum | Janta: Almôndegas Caseiras de Patinho | Lanche: Sanduíche Natural de Atum,1605.6,126.4,164.3,52.4
mp_053,Emagrecimento - 1600 kcal,omnivore,6,5,Café da manhã: Mingau de Aveia com Banana | Lanche: Sanduíche Natural de Atum | Almoço: Hambúrguer Vegetal com Purê de Abóbora | Lanche: Sanduíche Natural de Atum | Janta: Almôndegas Caseiras de Patinho | Lanche: Sanduíche Natural de Atum,1605.6,126.4,164.3,52.4
mp_053,Emagrecimento - 1600 kcal,omnivore,6,6,Café da manhã: Mingau de Aveia com Banana | Lanche: Sanduíche Natural de Atum | Almoço: Hambúrguer Vegetal com Purê de Abóbora | Lanche: Sanduíche Natural de Atum | Janta: Almôndegas Caseiras de Patinho | Lanche: Sanduíche Natural de Atum,1605.6,126.4,164.3,52.4
mp_053,Emagrecimento - 1600 kcal,omnivore,6,7,Café da manhã: Mingau de Aveia com Banana | Lanche: Sanduíche Natural de Atum | Almoço: Hambúrguer Vegetal com Purê de Abóbora | Lanche: Sanduíche Natural de Atum | Janta: Almôndegas Caseiras de Patinho | Lanche: Sanduíche Natural de Atum,1605.6,126.4,164.3,52.4
mp_054,Emagrecimento - 1400 kcal,omnivore,5,1,Café da manhã: Vitamina de Abacate Tradicional | Lanche: Pizza de Frigideira Low Carb | Almoço: Escondidinho de Batata Doce e Carne | Lanche: Suco Verde Detox Intenso | Janta: Sopa de Ervilha com Bacon de Peru,1372.4,79.4,129.1,60.2
mp_054,Emagrecimento - 1400 kcal,omnivore,5,2,Café da manhã: Vitamina de Abacate Tradicional | Lanche: Pizza de Frigideira Low Carb | Almoço: Escondidinho de Batata Doce e Carne | Lanche: Suco Verde Detox Intenso | Janta: Sopa de Ervilha com Bacon de Peru,1372.4,79.4,129.1,60.2
mp_054,Emagrecimento - 1400 kcal,omnivore,5,3,Café da manhã: Vitamina de Abacate Tradicional | Lanche: Pizza de Frigideira Low Carb | Almoço: Escondidinho de Batata Doce e Carne | Lanche: Suco Verde Detox Intenso | Janta: Sopa de Ervilha com Bacon de Peru,1372.4,79.4,129.1,60.2
mp_054,Emagrecimento - 1400 kcal,omnivore,5,4,Café da manhã: Vitamina de Abacate Tradicional | Lanche: Pizza de Frigideira Low Carb | Almoço: Escondidinho de Batata Doce e Carne | Lanche: Suco Verde Detox Intenso | Janta: Sopa de Ervilha com Bacon de Peru,1372.4,79.4,129.1,60.2
mp_054,Emagrecimento - 1400 kcal,omnivore,5,5,Café da manhã: Vitamina de Abacate Tradicional | Lanche: Pizza de Frigideira Low Carb | Almoço: Escondidinho de Batata Doce e Carne | Lanche: Suco Verde Detox Intenso | Janta: Sopa de Ervilha com Bacon de Peru,1372.4,79.4,129.1,60.2
mp_054,Emagrecimento - 1400 kcal,omnivore,5,6,Café da manhã: Vitamina de Abacate Tradicional | Lanche: Pizza de Frigideira Low Carb | Almoço: Escondidinho de Batata Doce e Carne | Lanche: Suco Verde Detox Intenso | Janta: Sopa de Ervilha com Bacon de Peru,1372.4,79.4,129.1,60.2
mp_054,Emagrecimento - 1400 kcal,omnivore,5,7,Café da manhã: Vitamina de Abacate Tradicional | Lanche: Pizza de Frigideira Low Carb | Almoço: Escondidinho de Batata Doce e Carne | Lanche: Suco Verde Detox Intenso | Janta: Sopa de Ervilha com Bacon de Peru,1372.4,79.4,129.1,60.2
mp_055,Emagrecimento - 1400 kcal,omnivore,4,1,Café da manhã: Avocado Toast com Ovo (Pão com Abacate) | Almoço: Bife a Cavalo com Batata Doce | Janta: Sopa de Ervilha com Bacon de Peru | Lanche: Nachos com Carne e Guacamole,1668.5,108.2,123.6,82.1
mp_055,Emagrecimento - 1400 kcal,omnivore,4,2,Café da manhã: Avocado Toast com Ovo (Pão com Abacate) | Almoço: Bife a Cavalo com Batata Doce | Janta: Sopa de Ervilha com Bacon de Peru | Lanche: Nachos com Carne e Guacamole,1668.5,108.2,123.6,82.1
mp_055,Emagrecimento - 1400 kcal,omnivore,4,3,Café da manhã: Avocado Toast com Ovo (Pão com Abacate) | Almoço: Bife a Cavalo com Batata Doce | Janta: Sopa de Ervilha com Bacon de Peru | Lanche: Nachos com Carne e Guacamole,1668.5,108.2,123.6,82.1
mp_055,Emagrecimento - 1400 kcal,omnivore,4,4,Café da manhã: Avocado Toast com Ovo (Pão com Abacate) | Almoço: Bife a Cavalo com Batata Doce | Janta: Sopa de Ervilha com Bacon de Peru | Lanche: Nachos com Carne e Guacamole,1668.5,108.2,123.6,82.1
mp_055,Emagrecimento - 1400 kcal,omnivore,4,5,Café da manhã: Avocado Toast com Ovo (Pão com Abacate) | Almoço: Bife a Cavalo com Batata Doce | Janta: Sopa de Ervilha com Bacon de Peru | Lanche: Nachos com Carne e Guacamole,1668.5,108.2,123.6,82.1
mp_055,Emagrecimento - 1400 kcal,omnivore,4,6,Café da manhã: Avocado Toast com Ovo (Pão com Abacate) | Almoço: Bife a Cavalo com Batata Doce | Janta: Sopa de Ervilha com Bacon de Peru | Lanche: Nachos com Carne e Guacamole,1668.5,108.2,123.6,82.1
mp_055,Emagrecimento - 1400 kcal,omnivore,4,7,Café da manhã: Avocado Toast com Ovo (Pão com Abacate) | Almoço: Bife a Cavalo com Batata Doce | Janta: Sopa de Ervilha com Bacon de Peru | Lanche: Nachos com Carne e Guacamole,1668.5,108.2,123.6,82.1
mp_056,Hipertrofia - 2200 kcal,omnivore,6,1,"Café da manhã: Pão Integral com Pasta de Amendoim e Geleia | Lanche: Sanduíche de Pasta de Amendoim Quente | Almoço: Bife de Alcatra com Purê de Batata | Lanche: Batido de Abacate Proteico | Janta: Escondidinho Vegano de Grão-de-Bico | Lanche: Vitamina de Aveia, Morango e Colágeno",2011,109.9,216.5,82.8
mp_056,Hipertrofia - 2200 kcal,omnivore,6,2,"Café da manhã: Pão Integral com Pasta de Amendoim e Geleia | Lanche: Sanduíche de Pasta de Amendoim Quente | Almoço: Bife de Alcatra com Purê de Batata | Lanche: Batido de Abacate Proteico | Janta: Escondidinho Vegano de Grão-de-Bico | Lanche: Vitamina de Aveia, Morango e Colágeno",2011,109.9,216.5,82.8
mp_056,Hipertrofia - 2200 kcal,omnivore,6,3,"Café da manhã: Pão Integral com Pasta de Amendoim e Geleia | Lanche: Sanduíche de Pasta de Amendoim Quente | Almoço: Bife de Alcatra com Purê de Batata | Lanche: Batido de Abacate Proteico | Janta: Escondidinho Vegano de Grão-de-Bico | Lanche: Vitamina de Aveia, Morango e Colágeno",2011,109.9,216.5,82.8
mp_056,Hipertrofia - 2200 kcal,omnivore,6,4,"Café da manhã: Pão Integral com Pasta de Amendoim e Geleia | Lanche: Sanduíche de Pasta de Amendoim Quente | Almoço: Bife de Alcatra com Purê de Batata | Lanche: Batido de Abacate Proteico | Janta: Escondidinho Vegano de Grão-de-Bico | Lanche: Vitamina de Aveia, Morango e Colágeno",2011,109.9,216.5,82.8
mp_056,Hipertrofia - 2200 kcal,omnivore,6,5,"Café da manhã: Pão Integral com Pasta de Amendoim e Geleia | Lanche: Sanduíche de Pasta de Amendoim Quente | Almoço: Bife de Alcatra com Purê de Batata | Lanche: Batido de Abacate Proteico | Janta: Escondidinho Vegano de Grão-de-Bico | Lanche: Vitamina de Aveia, Morango e Colágeno",2011,109.9,216.5,82.8
mp_056,Hipertrofia - 2200 kcal,omnivore,6,6,"Café da manhã: Pão Integral com Pasta de Amendoim e Geleia | Lanche: Sanduíche de Pasta de Amendoim Quente | Almoço: Bife de Alcatra com Purê de Batata | Lanche: Batido de Abacate Proteico | Janta: Escondidinho Vegano de Grão-de-Bico | Lanche: Vitamina de Aveia, Morango e Colágeno",2011,109.9,216.5,82.8
mp_056,Hipertrofia - 2200 kcal,omnivore,6,7,"Café da manhã: Pão Integral com Pasta de Amendoim e Geleia | Lanche: Sanduíche de Pasta de Amendoim Quente | Almoço: Bife de Alcatra com Purê de Batata | Lanche: Batido de Abacate Proteico | Janta: Escondidinho Vegano de Grão-de-Bico | Lanche: Vitamina de Aveia, Morango e Colágeno",2011,109.9,216.5,82.8
mp_057,Manutenção - 2000 kcal,omnivore,5,1,Café da manhã: Pão Integral com Pasta de Amendoim e Geleia | Lanche: Tapioca Doce de Amendoim e Morango | Almoço: Strogonoff de Carne Saudável | Lanche: Wrap Quente de Peito de Peru | Janta: Panqueca de Frango Desfiado,1794,100.1,178.3,74
mp_057,Manutenção - 2000 kcal,omnivore,5,2,Café da manhã: Pão Integral com Pasta de Amendoim e Geleia | Lanche: Tapioca Doce de Amendoim e Morango | Almoço: Strogonoff de Carne Saudável | Lanche: Wrap Quente de Peito de Peru | Janta: Panqueca de Frango Desfiado,1794,100.1,178.3,74
mp_057,Manutenção - 2000 kcal,omnivore,5,3,Café da manhã: Pão Integral com Pasta de Amendoim e Geleia | Lanche: Tapioca Doce de Amendoim e Morango | Almoço: Strogonoff de Carne Saudável | Lanche: Wrap Quente de Peito de Peru | Janta: Panqueca de Frango Desfiado,1794,100.1,178.3,74
mp_057,Manutenção - 2000 kcal,omnivore,5,4,Café da manhã: Pão Integral com Pasta de Amendoim e Geleia | Lanche: Tapioca Doce de Amendoim e Morango | Almoço: Strogonoff de Carne Saudável | Lanche: Wrap Quente de Peito de Peru | Janta: Panqueca de Frango Desfiado,1794,100.1,178.3,74
mp_057,Manutenção - 2000 kcal,omnivore,5,5,Café da manhã: Pão Integral com Pasta de Amendoim e Geleia | Lanche: Tapioca Doce de Amendoim e Morango | Almoço: Strogonoff de Carne Saudável | Lanche: Wrap Quente de Peito de Peru | Janta: Panqueca de Frango Desfiado,1794,100.1,178.3,74
mp_057,Manutenção - 2000 kcal,omnivore,5,6,Café da manhã: Pão Integral com Pasta de Amendoim e Geleia | Lanche: Tapioca Doce de Amendoim e Morango | Almoço: Strogonoff de Carne Saudável | Lanche: Wrap Quente de Peito de Peru | Janta: Panqueca de Frango Desfiado,1794,100.1,178.3,74
mp_057,Manutenção - 2000 kcal,omnivore,5,7,Café da manhã: Pão Integral com Pasta de Amendoim e Geleia | Lanche: Tapioca Doce de Amendoim e Morango | Almoço: Strogonoff de Carne Saudável | Lanche: Wrap Quente de Peito de Peru | Janta: Panqueca de Frango Desfiado,1794,100.1,178.3,74
mp_058,Manutenção - 2500 kcal,omnivore,5,1,Café da manhã: Pão Integral com Pasta de Amendoim e Geleia | Lanche: Batata Frita com Queijo e Bacon | Almoço: Bowl Proteico Vegano (Quinoa e Tofu) | Lanche: Batido Hipercalórico (Mass Gainer Caseiro) | Janta: Wrap de Kebab de Carne,2442,124.7,264.3,99.0
mp_058,Manutenção - 2500 kcal,omnivore,5,2,Café da manhã: Pão Integral com Pasta de Amendoim e Geleia | Lanche: Batata Frita com Queijo e Bacon | Almoço: Bowl Proteico Vegano (Quinoa e Tofu) | Lanche: Batido Hipercalórico (Mass Gainer Caseiro) | Janta: Wrap de Kebab de Carne,2442,124.7,264.3,99.0
mp_058,Manutenção - 2500 kcal,omnivore,5,3,Café da manhã: Pão Integral com Pasta de Amendoim e Geleia | Lanche: Batata Frita com Queijo e Bacon | Almoço: Bowl Proteico Vegano (Quinoa e Tofu) | Lanche: Batido Hipercalórico (Mass Gainer Caseiro) | Janta: Wrap de Kebab de Carne,2442,124.7,264.3,99.0
mp_058,Manutenção - 2500 kcal,omnivore,5,4,Café da manhã: Pão Integral com Pasta de Amendoim e Geleia | Lanche: Batata Frita com Queijo e Bacon | Almoço: Bowl Proteico Vegano (Quinoa e Tofu) | Lanche: Batido Hipercalórico (Mass Gainer Caseiro) | Janta: Wrap de Kebab de Carne,2442,124.7,264.3,99.0
mp_058,Manutenção - 2500 kcal,omnivore,5,5,Café da manhã: Pão Integral com Pasta de Amendoim e Geleia | Lanche: Batata Frita com Queijo e Bacon | Almoço: Bowl Proteico Vegano (Quinoa e Tofu) | Lanche: Batido Hipercalórico (Mass Gainer Caseiro) | Janta: Wrap de Kebab de Carne,2442,124.7,264.3,99.0
mp_058,Manutenção - 2500 kcal,omnivore,5,6,Café da manhã: Pão Integral com Pasta de Amendoim e Geleia | Lanche: Batata Frita com Queijo e Bacon | Almoço: Bowl Proteico Vegano (Quinoa e Tofu) | Lanche: Batido Hipercalórico (Mass Gainer Caseiro) | Janta: Wrap de Kebab de Carne,2442,124.7,264.3,99.0
mp_058,Manutenção - 2500 kcal,omnivore,5,7,Café da manhã: Pão Integral com Pasta de Amendoim e Geleia | Lanche: Batata Frita com Queijo e Bacon | Almoço: Bowl Proteico Vegano (Quinoa e Tofu) | Lanche: Batido Hipercalórico (Mass Gainer Caseiro) | Janta: Wrap de Kebab de Carne,2442,124.7,264.3,99.0
mp_059,Hipertrofia - 2200 kcal,omnivore,5,1,Café da manhã: Pão Integral com Pasta de Amendoim e Geleia | Lanche: Batido Hipercalórico (Mass Gainer Caseiro) | Almoço: Bife de Alcatra com Purê de Batata | Lanche: Batido Hipercalórico (Mass Gainer Caseiro) | Janta: Taco Mexicano Completo,2284,138.6,246.3,82.5
mp_059,Hipertrofia - 2200 kcal,omnivore,5,2,Café da manhã: Pão Integral com Pasta de Amendoim e Geleia | Lanche: Batido Hipercalórico (Mass Gainer Caseiro) | Almoço: Bife de Alcatra com Purê de Batata | Lanche: Batido Hipercalórico (Mass Gainer Caseiro) | Janta: Taco Mexicano Completo,2284,138.6,246.3,82.5
mp_059,Hipertrofia - 2200 kcal,omnivore,5,3,Café da manhã: Pão Integral com Pasta de Amendoim e Geleia | Lanche: Batido Hipercalórico (Mass Gainer Caseiro) | Almoço: Bife de Alcatra com Purê de Batata | Lanche: Batido Hipercalórico (Mass Gainer Caseiro) | Janta: Taco Mexicano Completo,2284,138.6,246.3,82.5
mp_059,Hipertrofia - 2200 kcal,omnivore,5,4,Café da manhã: Pão Integral com Pasta de Amendoim e Geleia | Lanche: Batido Hipercalórico (Mass Gainer Caseiro) | Almoço: Bife de Alcatra com Purê de Batata | Lanche: Batido Hipercalórico (Mass Gainer Caseiro) | Janta: Taco Mexicano Completo,2284,138.6,246.3,82.5
mp_059,Hipertrofia - 2200 kcal,omnivore,5,5,Café da manhã: Pão Integral com Pasta de Amendoim e Geleia | Lanche: Batido Hipercalórico (Mass Gainer Caseiro) | Almoço: Bife de Alcatra com Purê de Batata | Lanche: Batido Hipercalórico (Mass Gainer Caseiro) | Janta: Taco Mexicano Completo,2284,138.6,246.3,82.5
mp_059,Hipertrofia - 2200 kcal,omnivore,5,6,Café da manhã: Pão Integral com Pasta de Amendoim e Geleia | Lanche: Batido Hipercalórico (Mass Gainer Caseiro) | Almoço: Bife de Alcatra com Purê de Batata | Lanche: Batido Hipercalórico (Mass Gainer Caseiro) | Janta: Taco Mexicano Completo,2284,138.6,246.3,82.5
mp_059,Hipertrofia - 2200 kcal,omnivore,5,7,Café da manhã: Pão Integral com Pasta de Amendoim e Geleia | Lanche: Batido Hipercalórico (Mass Gainer Caseiro) | Almoço: Bife de Alcatra com Purê de Batata | Lanche: Batido Hipercalórico (Mass Gainer Caseiro) | Janta: Taco Mexicano Completo,2284,138.6,246.3,82.5
mp_060,Manutenção - 1800 kcal,omnivore,3,1,Café da manhã: Tapioca de Frango com Requeijão Light | Almoço: Macarrão com Queijo Clássico (Mac & Cheese) | Janta: Pizza de Calabresa em Casa,1433,69.4,157.3,51.4
mp_060,Manutenção - 1800 kcal,omnivore,3,2,Café da manhã: Tapioca de Frango com Requeijão Light | Almoço: Macarrão com Queijo Clássico (Mac & Cheese) | Janta: Pizza de Calabresa em Casa,1433,69.4,157.3,51.4
mp_060,Manutenção - 1800 kcal,omnivore,3,3,Café da manhã: Tapioca de Frango com Requeijão Light | Almoço: Macarrão com Queijo Clássico (Mac & Cheese) | Janta: Pizza de Calabresa em Casa,1433,69.4,157.3,51.4
mp_060,Manutenção - 1800 kcal,omnivore,3,4,Café da manhã: Tapioca de Frango com Requeijão Light | Almoço: Macarrão com Queijo Clássico (Mac & Cheese) | Janta: Pizza de Calabresa em Casa,1433,69.4,157.3,51.4
mp_060,Manutenção - 1800 kcal,omnivore,3,5,Café da manhã: Tapioca de Frango com Requeijão Light | Almoço: Macarrão com Queijo Clássico (Mac & Cheese) | Janta: Pizza de Calabresa em Casa,1433,69.4,157.3,51.4
mp_060,Manutenção - 1800 kcal,omnivore,3,6,Café da manhã: Tapioca de Frango com Requeijão Light | Almoço: Macarrão com Queijo Clássico (Mac & Cheese) | Janta: Pizza de Calabresa em Casa,1433,69.4,157.3,51.4
mp_060,Manutenção - 1800 kcal,omnivore,3,7,Café da manhã: Tapioca de Frango com Requeijão Light | Almoço: Macarrão com Queijo Clássico (Mac & Cheese) | Janta: Pizza de Calabresa em Casa,1433,69.4,157.3,51.4
mp_061,Emagrecimento - 1400 kcal,omnivore,5,1,Café da manhã: Avocado Toast com Ovo (Pão com Abacate) | Lanche: Pizza de Frigideira Low Carb | Almoço: Frango Desfiado com Tapioca | Lanche: Pizza de Frigideira Low Carb | Janta: Sopa de Tomate Rústica,1317.5,77.5,88.7,70.3
mp_061,Emagrecimento - 1400 kcal,omnivore,5,2,Café da manhã: Avocado Toast com Ovo (Pão com Abacate) | Lanche: Pizza de Frigideira Low Carb | Almoço: Frango Desfiado com Tapioca | Lanche: Pizza de Frigideira Low Carb | Janta: Sopa de Tomate Rústica,1317.5,77.5,88.7,70.3
mp_061,Emagrecimento - 1400 kcal,omnivore,5,3,Café da manhã: Avocado Toast com Ovo (Pão com Abacate) | Lanche: Pizza de Frigideira Low Carb | Almoço: Frango Desfiado com Tapioca | Lanche: Pizza de Frigideira Low Carb | Janta: Sopa de Tomate Rústica,1317.5,77.5,88.7,70.3
mp_061,Emagrecimento - 1400 kcal,omnivore,5,4,Café da manhã: Avocado Toast com Ovo (Pão com Abacate) | Lanche: Pizza de Frigideira Low Carb | Almoço: Frango Desfiado com Tapioca | Lanche: Pizza de Frigideira Low Carb | Janta: Sopa de Tomate Rústica,1317.5,77.5,88.7,70.3
mp_061,Emagrecimento - 1400 kcal,omnivore,5,5,Café da manhã: Avocado Toast com Ovo (Pão com Abacate) | Lanche: Pizza de Frigideira Low Carb | Almoço: Frango Desfiado com Tapioca | Lanche: Pizza de Frigideira Low Carb | Janta: Sopa de Tomate Rústica,1317.5,77.5,88.7,70.3
mp_061,Emagrecimento - 1400 kcal,omnivore,5,6,Café da manhã: Avocado Toast com Ovo (Pão com Abacate) | Lanche: Pizza de Frigideira Low Carb | Almoço: Frango Desfiado com Tapioca | Lanche: Pizza de Frigideira Low Carb | Janta: Sopa de Tomate Rústica,1317.5,77.5,88.7,70.3
mp_061,Emagrecimento - 1400 kcal,omnivore,5,7,Café da manhã: Avocado Toast com Ovo (Pão com Abacate) | Lanche: Pizza de Frigideira Low Carb | Almoço: Frango Desfiado com Tapioca | Lanche: Pizza de Frigideira Low Carb | Janta: Sopa de Tomate Rústica,1317.5,77.5,88.7,70.3
mp_062,Emagrecimento - 2200 kcal,omnivore,6,1,Café da manhã: Pão Integral com Pasta de Amendoim e Geleia | Lanche: Batido de Abacate Proteico | Almoço: Bife de Alcatra com Purê de Batata | Lanche: Iogurte Natural com Nozes e Mel | Janta: Escondidinho Vegano de Grão-de-Bico | Lanche: Batido de Abacate Proteico,2092,126.1,181.3,99.5
mp_062,Emagrecimento - 2200 kcal,omnivore,6,2,Café da manhã: Pão Integral com Pasta de Amendoim e Geleia | Lanche: Batido de Abacate Proteico | Almoço: Bife de Alcatra com Purê de Batata | Lanche: Iogurte Natural com Nozes e Mel | Janta: Escondidinho Vegano de Grão-de-Bico | Lanche: Batido de Abacate Proteico,2092,126.1,181.3,99.5
mp_062,Emagrecimento - 2200 kcal,omnivore,6,3,Café da manhã: Pão Integral com Pasta de Amendoim e Geleia | Lanche: Batido de Abacate Proteico | Almoço: Bife de Alcatra com Purê de Batata | Lanche: Iogurte Natural com Nozes e Mel | Janta: Escondidinho Vegano de Grão-de-Bico | Lanche: Batido de Abacate Proteico,2092,126.1,181.3,99.5
mp_062,Emagrecimento - 2200 kcal,omnivore,6,4,Café da manhã: Pão Integral com Pasta de Amendoim e Geleia | Lanche: Batido de Abacate Proteico | Almoço: Bife de Alcatra com Purê de Batata | Lanche: Iogurte Natural com Nozes e Mel | Janta: Escondidinho Vegano de Grão-de-Bico | Lanche: Batido de Abacate Proteico,2092,126.1,181.3,99.5
mp_062,Emagrecimento - 2200 kcal,omnivore,6,5,Café da manhã: Pão Integral com Pasta de Amendoim e Geleia | Lanche: Batido de Abacate Proteico | Almoço: Bife de Alcatra com Purê de Batata | Lanche: Iogurte Natural com Nozes e Mel | Janta: Escondidinho Vegano de Grão-de-Bico | Lanche: Batido de Abacate Proteico,2092,126.1,181.3,99.5
mp_062,Emagrecimento - 2200 kcal,omnivore,6,6,Café da manhã: Pão Integral com Pasta de Amendoim e Geleia | Lanche: Batido de Abacate Proteico | Almoço: Bife de Alcatra com Purê de Batata | Lanche: Iogurte Natural com Nozes e Mel | Janta: Escondidinho Vegano de Grão-de-Bico | Lanche: Batido de Abacate Proteico,2092,126.1,181.3,99.5
mp_062,Emagrecimento - 2200 kcal,omnivore,6,7,Café da manhã: Pão Integral com Pasta de Amendoim e Geleia | Lanche: Batido de Abacate Proteico | Almoço: Bife de Alcatra com Purê de Batata | Lanche: Iogurte Natural com Nozes e Mel | Janta: Escondidinho Vegano de Grão-de-Bico | Lanche: Batido de Abacate Proteico,2092,126.1,181.3,99.5
mp_063,Emagrecimento - 2200 kcal,omnivore,5,1,Café da manhã: Pão Integral com Pasta de Amendoim e Geleia | Lanche: Batido Hipercalórico (Mass Gainer Caseiro) | Almoço: Bife de Alcatra com Purê de Batata | Lanche: Batido Hipercalórico (Mass Gainer Caseiro) | Janta: Escondidinho Vegano de Grão-de-Bico,2262,131.1,268.3,73.5
mp_063,Emagrecimento - 2200 kcal,omnivore,5,2,Café da manhã: Pão Integral com Pasta de Amendoim e Geleia | Lanche: Batido Hipercalórico (Mass Gainer Caseiro) | Almoço: Bife de Alcatra com Purê de Batata | Lanche: Batido Hipercalórico (Mass Gainer Caseiro) | Janta: Escondidinho Vegano de Grão-de-Bico,2262,131.1,268.3,73.5
mp_063,Emagrecimento - 2200 kcal,omnivore,5,3,Café da manhã: Pão Integral com Pasta de Amendoim e Geleia | Lanche: Batido Hipercalórico (Mass Gainer Caseiro) | Almoço: Bife de Alcatra com Purê de Batata | Lanche: Batido Hipercalórico (Mass Gainer Caseiro) | Janta: Escondidinho Vegano de Grão-de-Bico,2262,131.1,268.3,73.5
mp_063,Emagrecimento - 2200 kcal,omnivore,5,4,Café da manhã: Pão Integral com Pasta de Amendoim e Geleia | Lanche: Batido Hipercalórico (Mass Gainer Caseiro) | Almoço: Bife de Alcatra com Purê de Batata | Lanche: Batido Hipercalórico (Mass Gainer Caseiro) | Janta: Escondidinho Vegano de Grão-de-Bico,2262,131.1,268.3,73.5
mp_063,Emagrecimento - 2200 kcal,omnivore,5,5,Café da manhã: Pão Integral com Pasta de Amendoim e Geleia | Lanche: Batido Hipercalórico (Mass Gainer Caseiro) | Almoço: Bife de Alcatra com Purê de Batata | Lanche: Batido Hipercalórico (Mass Gainer Caseiro) | Janta: Escondidinho Vegano de Grão-de-Bico,2262,131.1,268.3,73.5
mp_063,Emagrecimento - 2200 kcal,omnivore,5,6,Café da manhã: Pão Integral com Pasta de Amendoim e Geleia | Lanche: Batido Hipercalórico (Mass Gainer Caseiro) | Almoço: Bife de Alcatra com Purê de Batata | Lanche: Batido Hipercalórico (Mass Gainer Caseiro) | Janta: Escondidinho Vegano de Grão-de-Bico,2262,131.1,268.3,73.5
mp_063,Emagrecimento - 2200 kcal,omnivore,5,7,Café da manhã: Pão Integral com Pasta de Amendoim e Geleia | Lanche: Batido Hipercalórico (Mass Gainer Caseiro) | Almoço: Bife de Alcatra com Purê de Batata | Lanche: Batido Hipercalórico (Mass Gainer Caseiro) | Janta: Escondidinho Vegano de Grão-de-Bico,2262,131.1,268.3,73.5
mp_064,Emagrecimento - 1800 kcal,omnivore,3,1,Café da manhã: Tapioca de Frango com Requeijão Light | Almoço: Bife a Cavalo com Batata Doce | Janta: Pizza de Calabresa em Casa,1473,91.9,139.3,54.9
mp_064,Emagrecimento - 1800 kcal,omnivore,3,2,Café da manhã: Tapioca de Frango com Requeijão Light | Almoço: Bife a Cavalo com Batata Doce | Janta: Pizza de Calabresa em Casa,1473,91.9,139.3,54.9
mp_064,Emagrecimento - 1800 kcal,omnivore,3,3,Café da manhã: Tapioca de Frango com Requeijão Light | Almoço: Bife a Cavalo com Batata Doce | Janta: Pizza de Calabresa em Casa,1473,91.9,139.3,54.9
mp_064,Emagrecimento - 1800 kcal,omnivore,3,4,Café da manhã: Tapioca de Frango com Requeijão Light | Almoço: Bife a Cavalo com Batata Doce | Janta: Pizza de Calabresa em Casa,1473,91.9,139.3,54.9
mp_064,Emagrecimento - 1800 kcal,omnivore,3,5,Café da manhã: Tapioca de Frango com Requeijão Light | Almoço: Bife a Cavalo com Batata Doce | Janta: Pizza de Calabresa em Casa,1473,91.9,139.3,54.9
mp_064,Emagrecimento - 1800 kcal,omnivore,3,6,Café da manhã: Tapioca de Frango com Requeijão Light | Almoço: Bife a Cavalo com Batata Doce | Janta: Pizza de Calabresa em Casa,1473,91.9,139.3,54.9
mp_064,Emagrecimento - 1800 kcal,omnivore,3,7,Café da manhã: Tapioca de Frango com Requeijão Light | Almoço: Bife a Cavalo com Batata Doce | Janta: Pizza de Calabresa em Casa,1473,91.9,139.3,54.9
mp_065,Hipertrofia - 2200 kcal,omnivore,6,1,Café da manhã: Pão Integral com Pasta de Amendoim e Geleia | Lanche: Bolo de Caneca Proteico | Almoço: Bife de Alcatra com Purê de Batata | Lanche: Batido de Abacate Proteico | Janta: Wrap Leve de Queijo Branco | Lanche: Batido de Abacate Proteico,1862,134.6,142.3,83.5
mp_065,Hipertrofia - 2200 kcal,omnivore,6,2,Café da manhã: Pão Integral com Pasta de Amendoim e Geleia | Lanche: Bolo de Caneca Proteico | Almoço: Bife de Alcatra com Purê de Batata | Lanche: Batido de Abacate Proteico | Janta: Wrap Leve de Queijo Branco | Lanche: Batido de Abacate Proteico,1862,134.6,142.3,83.5
mp_065,Hipertrofia - 2200 kcal,omnivore,6,3,Café da manhã: Pão Integral com Pasta de Amendoim e Geleia | Lanche: Bolo de Caneca Proteico | Almoço: Bife de Alcatra com Purê de Batata | Lanche: Batido de Abacate Proteico | Janta: Wrap Leve de Queijo Branco | Lanche: Batido de Abacate Proteico,1862,134.6,142.3,83.5
mp_065,Hipertrofia - 2200 kcal,omnivore,6,4,Café da manhã: Pão Integral com Pasta de Amendoim e Geleia | Lanche: Bolo de Caneca Proteico | Almoço: Bife de Alcatra com Purê de Batata | Lanche: Batido de Abacate Proteico | Janta: Wrap Leve de Queijo Branco | Lanche: Batido de Abacate Proteico,1862,134.6,142.3,83.5
mp_065,Hipertrofia - 2200 kcal,omnivore,6,5,Café da manhã: Pão Integral com Pasta de Amendoim e Geleia | Lanche: Bolo de Caneca Proteico | Almoço: Bife de Alcatra com Purê de Batata | Lanche: Batido de Abacate Proteico | Janta: Wrap Leve de Queijo Branco | Lanche: Batido de Abacate Proteico,1862,134.6,142.3,83.5
mp_065,Hipertrofia - 2200 kcal,omnivore,6,6,Café da manhã: Pão Integral com Pasta de Amendoim e Geleia | Lanche: Bolo de Caneca Proteico | Almoço: Bife de Alcatra com Purê de Batata | Lanche: Batido de Abacate Proteico | Janta: Wrap Leve de Queijo Branco | Lanche: Batido de Abacate Proteico,1862,134.6,142.3,83.5
mp_065,Hipertrofia - 2200 kcal,omnivore,6,7,Café da manhã: Pão Integral com Pasta de Amendoim e Geleia | Lanche: Bolo de Caneca Proteico | Almoço: Bife de Alcatra com Purê de Batata | Lanche: Batido de Abacate Proteico | Janta: Wrap Leve de Queijo Branco | Lanche: Batido de Abacate Proteico,1862,134.6,142.3,83.5
mp_066,Manutenção - 2500 kcal,omnivore,5,1,Café da manhã: Pão Integral com Pasta de Amendoim e Geleia | Lanche: Pizza de Frigideira Low Carb | Almoço: Prato Feito Turbinado (Ovo e Fritas) | Lanche: Batido Hipercalórico (Mass Gainer Caseiro) | Janta: Wrap de Kebab de Carne,2425,134.5,237.3,103.6
mp_066,Manutenção - 2500 kcal,omnivore,5,2,Café da manhã: Pão Integral com Pasta de Amendoim e Geleia | Lanche: Pizza de Frigideira Low Carb | Almoço: Prato Feito Turbinado (Ovo e Fritas) | Lanche: Batido Hipercalórico (Mass Gainer Caseiro) | Janta: Wrap de Kebab de Carne,2425,134.5,237.3,103.6
mp_066,Manutenção - 2500 kcal,omnivore,5,3,Café da manhã: Pão Integral com Pasta de Amendoim e Geleia | Lanche: Pizza de Frigideira Low Carb | Almoço: Prato Feito Turbinado (Ovo e Fritas) | Lanche: Batido Hipercalórico (Mass Gainer Caseiro) | Janta: Wrap de Kebab de Carne,2425,134.5,237.3,103.6
mp_066,Manutenção - 2500 kcal,omnivore,5,4,Café da manhã: Pão Integral com Pasta de Amendoim e Geleia | Lanche: Pizza de Frigideira Low Carb | Almoço: Prato Feito Turbinado (Ovo e Fritas) | Lanche: Batido Hipercalórico (Mass Gainer Caseiro) | Janta: Wrap de Kebab de Carne,2425,134.5,237.3,103.6
mp_066,Manutenção - 2500 kcal,omnivore,5,5,Café da manhã: Pão Integral com Pasta de Amendoim e Geleia | Lanche: Pizza de Frigideira Low Carb | Almoço: Prato Feito Turbinado (Ovo e Fritas) | Lanche: Batido Hipercalórico (Mass Gainer Caseiro) | Janta: Wrap de Kebab de Carne,2425,134.5,237.3,103.6
mp_066,Manutenção - 2500 kcal,omnivore,5,6,Café da manhã: Pão Integral com Pasta de Amendoim e Geleia | Lanche: Pizza de Frigideira Low Carb | Almoço: Prato Feito Turbinado (Ovo e Fritas) | Lanche: Batido Hipercalórico (Mass Gainer Caseiro) | Janta: Wrap de Kebab de Carne,2425,134.5,237.3,103.6
mp_066,Manutenção - 2500 kcal,omnivore,5,7,Café da manhã: Pão Integral com Pasta de Amendoim e Geleia | Lanche: Pizza de Frigideira Low Carb | Almoço: Prato Feito Turbinado (Ovo e Fritas) | Lanche: Batido Hipercalórico (Mass Gainer Caseiro) | Janta: Wrap de Kebab de Carne,2425,134.5,237.3,103.6
mp_067,Emagrecimento - 1800 kcal,omnivore,5,1,Café da manhã: Tapioca de Frango com Requeijão Light | Lanche: Tapioca Doce de Amendoim e Morango | Almoço: Cuscuz Marroquino com Grão-de-Bico | Lanche: Tapioca Doce de Amendoim e Morango | Janta: Pizza de Frigideira com Massa de Aveia,1740,70.0,227.7,56.7
mp_067,Emagrecimento - 1800 kcal,omnivore,5,2,Café da manhã: Tapioca de Frango com Requeijão Light | Lanche: Tapioca Doce de Amendoim e Morango | Almoço: Cuscuz Marroquino com Grão-de-Bico | Lanche: Tapioca Doce de Amendoim e Morango | Janta: Pizza de Frigideira com Massa de Aveia,1740,70.0,227.7,56.7
mp_067,Emagrecimento - 1800 kcal,omnivore,5,3,Café da manhã: Tapioca de Frango com Requeijão Light | Lanche: Tapioca Doce de Amendoim e Morango | Almoço: Cuscuz Marroquino com Grão-de-Bico | Lanche: Tapioca Doce de Amendoim e Morango | Janta: Pizza de Frigideira com Massa de Aveia,1740,70.0,227.7,56.7
mp_067,Emagrecimento - 1800 kcal,omnivore,5,4,Café da manhã: Tapioca de Frango com Requeijão Light | Lanche: Tapioca Doce de Amendoim e Morango | Almoço: Cuscuz Marroquino com Grão-de-Bico | Lanche: Tapioca Doce de Amendoim e Morango | Janta: Pizza de Frigideira com Massa de Aveia,1740,70.0,227.7,56.7
mp_067,Emagrecimento - 1800 kcal,omnivore,5,5,Café da manhã: Tapioca de Frango com Requeijão Light | Lanche: Tapioca Doce de Amendoim e Morango | Almoço: Cuscuz Marroquino com Grão-de-Bico | Lanche: Tapioca Doce de Amendoim e Morango | Janta: Pizza de Frigideira com Massa de Aveia,1740,70.0,227.7,56.7
mp_067,Emagrecimento - 1800 kcal,omnivore,5,6,Café da manhã: Tapioca de Frango com Requeijão Light | Lanche: Tapioca Doce de Amendoim e Morango | Almoço: Cuscuz Marroquino com Grão-de-Bico | Lanche: Tapioca Doce de Amendoim e Morango | Janta: Pizza de Frigideira com Massa de Aveia,1740,70.0,227.7,56.7
mp_067,Emagrecimento - 1800 kcal,omnivore,5,7,Café da manhã: Tapioca de Frango com Requeijão Light | Lanche: Tapioca Doce de Amendoim e Morango | Almoço: Cuscuz Marroquino com Grão-de-Bico | Lanche: Tapioca Doce de Amendoim e Morango | Janta: Pizza de Frigideira com Massa de Aveia,1740,70.0,227.7,56.7
mp_068,Manutenção - 2200 kcal,omnivore,4,1,Café da manhã: Pão Integral com Pasta de Amendoim e Geleia | Almoço: Prato Feito Turbinado (Ovo e Fritas) | Janta: Tilápia Empanada na Aveia | Lanche: Batata Frita com Queijo e Bacon,2115,105.1,215.3,95.1
mp_068,Manutenção - 2200 kcal,omnivore,4,2,Café da manhã: Pão Integral com Pasta de Amendoim e Geleia | Almoço: Prato Feito Turbinado (Ovo e Fritas) | Janta: Tilápia Empanada na Aveia | Lanche: Batata Frita com Queijo e Bacon,2115,105.1,215.3,95.1
mp_068,Manutenção - 2200 kcal,omnivore,4,3,Café da manhã: Pão Integral com Pasta de Amendoim e Geleia | Almoço: Prato Feito Turbinado (Ovo e Fritas) | Janta: Tilápia Empanada na Aveia | Lanche: Batata Frita com Queijo e Bacon,2115,105.1,215.3,95.1
mp_068,Manutenção - 2200 kcal,omnivore,4,4,Café da manhã: Pão Integral com Pasta de Amendoim e Geleia | Almoço: Prato Feito Turbinado (Ovo e Fritas) | Janta: Tilápia Empanada na Aveia | Lanche: Batata Frita com Queijo e Bacon,2115,105.1,215.3,95.1
mp_068,Manutenção - 2200 kcal,omnivore,4,5,Café da manhã: Pão Integral com Pasta de Amendoim e Geleia | Almoço: Prato Feito Turbinado (Ovo e Fritas) | Janta: Tilápia Empanada na Aveia | Lanche: Batata Frita com Queijo e Bacon,2115,105.1,215.3,95.1
mp_068,Manutenção - 2200 kcal,omnivore,4,6,Café da manhã: Pão Integral com Pasta de Amendoim e Geleia | Almoço: Prato Feito Turbinado (Ovo e Fritas) | Janta: Tilápia Empanada na Aveia | Lanche: Batata Frita com Queijo e Bacon,2115,105.1,215.3,95.1
mp_068,Manutenção - 2200 kcal,omnivore,4,7,Café da manhã: Pão Integral com Pasta de Amendoim e Geleia | Almoço: Prato Feito Turbinado (Ovo e Fritas) | Janta: Tilápia Empanada na Aveia | Lanche: Batata Frita com Queijo e Bacon,2115,105.1,215.3,95.1
mp_069,Manutenção - 2000 kcal,omnivore,6,1,Café da manhã: Mingau de Aveia com Maçã e Canela | Lanche: Batido de Morango e Pasta de Amendoim | Almoço: Strogonoff de Carne Saudável | Lanche: Batido de Morango e Pasta de Amendoim | Janta: Panqueca de Frango Desfiado | Lanche: Batido de Morango e Pasta de Amendoim,1875,104.5,174,82
mp_069,Manutenção - 2000 kcal,omnivore,6,2,Café da manhã: Mingau de Aveia com Maçã e Canela | Lanche: Batido de Morango e Pasta de Amendoim | Almoço: Strogonoff de Carne Saudável | Lanche: Batido de Morango e Pasta de Amendoim | Janta: Panqueca de Frango Desfiado | Lanche: Batido de Morango e Pasta de Amendoim,1875,104.5,174,82
mp_069,Manutenção - 2000 kcal,omnivore,6,3,Café da manhã: Mingau de Aveia com Maçã e Canela | Lanche: Batido de Morango e Pasta de Amendoim | Almoço: Strogonoff de Carne Saudável | Lanche: Batido de Morango e Pasta de Amendoim | Janta: Panqueca de Frango Desfiado | Lanche: Batido de Morango e Pasta de Amendoim,1875,104.5,174,82
mp_069,Manutenção - 2000 kcal,omnivore,6,4,Café da manhã: Mingau de Aveia com Maçã e Canela | Lanche: Batido de Morango e Pasta de Amendoim | Almoço: Strogonoff de Carne Saudável | Lanche: Batido de Morango e Pasta de Amendoim | Janta: Panqueca de Frango Desfiado | Lanche: Batido de Morango e Pasta de Amendoim,1875,104.5,174,82
mp_069,Manutenção - 2000 kcal,omnivore,6,5,Café da manhã: Mingau de Aveia com Maçã e Canela | Lanche: Batido de Morango e Pasta de Amendoim | Almoço: Strogonoff de Carne Saudável | Lanche: Batido de Morango e Pasta de Amendoim | Janta: Panqueca de Frango Desfiado | Lanche: Batido de Morango e Pasta de Amendoim,1875,104.5,174,82
mp_069,Manutenção - 2000 kcal,omnivore,6,6,Café da manhã: Mingau de Aveia com Maçã e Canela | Lanche: Batido de Morango e Pasta de Amendoim | Almoço: Strogonoff de Carne Saudável | Lanche: Batido de Morango e Pasta de Amendoim | Janta: Panqueca de Frango Desfiado | Lanche: Batido de Morango e Pasta de Amendoim,1875,104.5,174,82
mp_069,Manutenção - 2000 kcal,omnivore,6,7,Café da manhã: Mingau de Aveia com Maçã e Canela | Lanche: Batido de Morango e Pasta de Amendoim | Almoço: Strogonoff de Carne Saudável | Lanche: Batido de Morango e Pasta de Amendoim | Janta: Panqueca de Frango Desfiado | Lanche: Batido de Morango e Pasta de Amendoim,1875,104.5,174,82
mp_070,Emagrecimento - 1400 kcal,omnivore,3,1,Café da manhã: Banana Amassada com Aveia | Almoço: Rolo de Carne Moída Recheado | Janta: Taco Mexicano Completo,1077,69.5,83.5,51.5
mp_070,Emagrecimento - 1400 kcal,omnivore,3,2,Café da manhã: Banana Amassada com Aveia | Almoço: Rolo de Carne Moída Recheado | Janta: Taco Mexicano Completo,1077,69.5,83.5,51.5
mp_070,Emagrecimento - 1400 kcal,omnivore,3,3,Café da manhã: Banana Amassada com Aveia | Almoço: Rolo de Carne Moída Recheado | Janta: Taco Mexicano Completo,1077,69.5,83.5,51.5
mp_070,Emagrecimento - 1400 kcal,omnivore,3,4,Café da manhã: Banana Amassada com Aveia | Almoço: Rolo de Carne Moída Recheado | Janta: Taco Mexicano Completo,1077,69.5,83.5,51.5
mp_070,Emagrecimento - 1400 kcal,omnivore,3,5,Café da manhã: Banana Amassada com Aveia | Almoço: Rolo de Carne Moída Recheado | Janta: Taco Mexicano Completo,1077,69.5,83.5,51.5
mp_070,Emagrecimento - 1400 kcal,omnivore,3,6,Café da manhã: Banana Amassada com Aveia | Almoço: Rolo de Carne Moída Recheado | Janta: Taco Mexicano Completo,1077,69.5,83.5,51.5
mp_070,Emagrecimento - 1400 kcal,omnivore,3,7,Café da manhã: Banana Amassada com Aveia | Almoço: Rolo de Carne Moída Recheado | Janta: Taco Mexicano Completo,1077,69.5,83.5,51.5
mp_071,Hipertrofia - 2500 kcal,omnivore,5,1,Café da manhã: Pão Integral com Pasta de Amendoim e Geleia | Lanche: Batido Hipercalórico (Mass Gainer Caseiro) | Almoço: Macarrão com Queijo Clássico (Mac & Cheese) | Lanche: Batido Hipercalórico (Mass Gainer Caseiro) | Janta: Pizza de Calabresa em Casa,2473,126.0,285.9,87.2
mp_071,Hipertrofia - 2500 kcal,omnivore,5,2,Café da manhã: Pão Integral com Pasta de Amendoim e Geleia | Lanche: Batido Hipercalórico (Mass Gainer Caseiro) | Almoço: Macarrão com Queijo Clássico (Mac & Cheese) | Lanche: Batido Hipercalórico (Mass Gainer Caseiro) | Janta: Pizza de Calabresa em Casa,2473,126.0,285.9,87.2
mp_071,Hipertrofia - 2500 kcal,omnivore,5,3,Café da manhã: Pão Integral com Pasta de Amendoim e Geleia | Lanche: Batido Hipercalórico (Mass Gainer Caseiro) | Almoço: Macarrão com Queijo Clássico (Mac & Cheese) | Lanche: Batido Hipercalórico (Mass Gainer Caseiro) | Janta: Pizza de Calabresa em Casa,2473,126.0,285.9,87.2
mp_071,Hipertrofia - 2500 kcal,omnivore,5,4,Café da manhã: Pão Integral com Pasta de Amendoim e Geleia | Lanche: Batido Hipercalórico (Mass Gainer Caseiro) | Almoço: Macarrão com Queijo Clássico (Mac & Cheese) | Lanche: Batido Hipercalórico (Mass Gainer Caseiro) | Janta: Pizza de Calabresa em Casa,2473,126.0,285.9,87.2
mp_071,Hipertrofia - 2500 kcal,omnivore,5,5,Café da manhã: Pão Integral com Pasta de Amendoim e Geleia | Lanche: Batido Hipercalórico (Mass Gainer Caseiro) | Almoço: Macarrão com Queijo Clássico (Mac & Cheese) | Lanche: Batido Hipercalórico (Mass Gainer Caseiro) | Janta: Pizza de Calabresa em Casa,2473,126.0,285.9,87.2
mp_071,Hipertrofia - 2500 kcal,omnivore,5,6,Café da manhã: Pão Integral com Pasta de Amendoim e Geleia | Lanche: Batido Hipercalórico (Mass Gainer Caseiro) | Almoço: Macarrão com Queijo Clássico (Mac & Cheese) | Lanche: Batido Hipercalórico (Mass Gainer Caseiro) | Janta: Pizza de Calabresa em Casa,2473,126.0,285.9,87.2
mp_071,Hipertrofia - 2500 kcal,omnivore,5,7,Café da manhã: Pão Integral com Pasta de Amendoim e Geleia | Lanche: Batido Hipercalórico (Mass Gainer Caseiro) | Almoço: Macarrão com Queijo Clássico (Mac & Cheese) | Lanche: Batido Hipercalórico (Mass Gainer Caseiro) | Janta: Pizza de Calabresa em Casa,2473,126.0,285.9,87.2
mp_072,Emagrecimento - 2000 kcal,omnivore,5,1,Café da manhã: Crepioca de Queijo Minas | Lanche: Tapioca Doce de Amendoim e Morango | Almoço: Cuscuz Marroquino com Grão-de-Bico | Lanche: Batata Frita com Queijo e Bacon | Janta: Panqueca de Frango Desfiado,1997.5,79.8,227.5,83.5
mp_072,Emagrecimento - 2000 kcal,omnivore,5,2,Café da manhã: Crepioca de Queijo Minas | Lanche: Tapioca Doce de Amendoim e Morango | Almoço: Cuscuz Marroquino com Grão-de-Bico | Lanche: Batata Frita com Queijo e Bacon | Janta: Panqueca de Frango Desfiado,1997.5,79.8,227.5,83.5
mp_072,Emagrecimento - 2000 kcal,omnivore,5,3,Café da manhã: Crepioca de Queijo Minas | Lanche: Tapioca Doce de Amendoim e Morango | Almoço: Cuscuz Marroquino com Grão-de-Bico | Lanche: Batata Frita com Queijo e Bacon | Janta: Panqueca de Frango Desfiado,1997.5,79.8,227.5,83.5
mp_072,Emagrecimento - 2000 kcal,omnivore,5,4,Café da manhã: Crepioca de Queijo Minas | Lanche: Tapioca Doce de Amendoim e Morango | Almoço: Cuscuz Marroquino com Grão-de-Bico | Lanche: Batata Frita com Queijo e Bacon | Janta: Panqueca de Frango Desfiado,1997.5,79.8,227.5,83.5
mp_072,Emagrecimento - 2000 kcal,omnivore,5,5,Café da manhã: Crepioca de Queijo Minas | Lanche: Tapioca Doce de Amendoim e Morango | Almoço: Cuscuz Marroquino com Grão-de-Bico | Lanche: Batata Frita com Queijo e Bacon | Janta: Panqueca de Frango Desfiado,1997.5,79.8,227.5,83.5
mp_072,Emagrecimento - 2000 kcal,omnivore,5,6,Café da manhã: Crepioca de Queijo Minas | Lanche: Tapioca Doce de Amendoim e Morango | Almoço: Cuscuz Marroquino com Grão-de-Bico | Lanche: Batata Frita com Queijo e Bacon | Janta: Panqueca de Frango Desfiado,1997.5,79.8,227.5,83.5
mp_072,Emagrecimento - 2000 kcal,omnivore,5,7,Café da manhã: Crepioca de Queijo Minas | Lanche: Tapioca Doce de Amendoim e Morango | Almoço: Cuscuz Marroquino com Grão-de-Bico | Lanche: Batata Frita com Queijo e Bacon | Janta: Panqueca de Frango Desfiado,1997.5,79.8,227.5,83.5
mp_073,Emagrecimento - 1600 kcal,omnivore,6,1,Café da manhã: Mingau de Aveia com Banana | Lanche: Sanduíche Natural de Atum | Almoço: Escondidinho de Batata Doce e Carne | Lanche: Smoothie de Leite de Coco e Frutas Vermelhas | Janta: Creme de Brócolis e Queijo | Lanche: Sanduíche Natural de Atum,1527.6,102.6,175.3,47.3
mp_073,Emagrecimento - 1600 kcal,omnivore,6,2,Café da manhã: Mingau de Aveia com Banana | Lanche: Sanduíche Natural de Atum | Almoço: Escondidinho de Batata Doce e Carne | Lanche: Smoothie de Leite de Coco e Frutas Vermelhas | Janta: Creme de Brócolis e Queijo | Lanche: Sanduíche Natural de Atum,1527.6,102.6,175.3,47.3
mp_073,Emagrecimento - 1600 kcal,omnivore,6,3,Café da manhã: Mingau de Aveia com Banana | Lanche: Sanduíche Natural de Atum | Almoço: Escondidinho de Batata Doce e Carne | Lanche: Smoothie de Leite de Coco e Frutas Vermelhas | Janta: Creme de Brócolis e Queijo | Lanche: Sanduíche Natural de Atum,1527.6,102.6,175.3,47.3
mp_073,Emagrecimento - 1600 kcal,omnivore,6,4,Café da manhã: Mingau de Aveia com Banana | Lanche: Sanduíche Natural de Atum | Almoço: Escondidinho de Batata Doce e Carne | Lanche: Smoothie de Leite de Coco e Frutas Vermelhas | Janta: Creme de Brócolis e Queijo | Lanche: Sanduíche Natural de Atum,1527.6,102.6,175.3,47.3
mp_073,Emagrecimento - 1600 kcal,omnivore,6,5,Café da manhã: Mingau de Aveia com Banana | Lanche: Sanduíche Natural de Atum | Almoço: Escondidinho de Batata Doce e Carne | Lanche: Smoothie de Leite de Coco e Frutas Vermelhas | Janta: Creme de Brócolis e Queijo | Lanche: Sanduíche Natural de Atum,1527.6,102.6,175.3,47.3
mp_073,Emagrecimento - 1600 kcal,omnivore,6,6,Café da manhã: Mingau de Aveia com Banana | Lanche: Sanduíche Natural de Atum | Almoço: Escondidinho de Batata Doce e Carne | Lanche: Smoothie de Leite de Coco e Frutas Vermelhas | Janta: Creme de Brócolis e Queijo | Lanche: Sanduíche Natural de Atum,1527.6,102.6,175.3,47.3
mp_073,Emagrecimento - 1600 kcal,omnivore,6,7,Café da manhã: Mingau de Aveia com Banana | Lanche: Sanduíche Natural de Atum | Almoço: Escondidinho de Batata Doce e Carne | Lanche: Smoothie de Leite de Coco e Frutas Vermelhas | Janta: Creme de Brócolis e Queijo | Lanche: Sanduíche Natural de Atum,1527.6,102.6,175.3,47.3
mp_074,Manutenção - 1800 kcal,omnivore,3,1,Café da manhã: Tapioca de Frango com Requeijão Light | Almoço: Strogonoff de Carne Saudável | Janta: Pizza de Calabresa em Casa,1363,87.4,137.3,44.4
mp_074,Manutenção - 1800 kcal,omnivore,3,2,Café da manhã: Tapioca de Frango com Requeijão Light | Almoço: Strogonoff de Carne Saudável | Janta: Pizza de Calabresa em Casa,1363,87.4,137.3,44.4
mp_074,Manutenção - 1800 kcal,omnivore,3,3,Café da manhã: Tapioca de Frango com Requeijão Light | Almoço: Strogonoff de Carne Saudável | Janta: Pizza de Calabresa em Casa,1363,87.4,137.3,44.4
mp_074,Manutenção - 1800 kcal,omnivore,3,4,Café da manhã: Tapioca de Frango com Requeijão Light | Almoço: Strogonoff de Carne Saudável | Janta: Pizza de Calabresa em Casa,1363,87.4,137.3,44.4
mp_074,Manutenção - 1800 kcal,omnivore,3,5,Café da manhã: Tapioca de Frango com Requeijão Light | Almoço: Strogonoff de Carne Saudável | Janta: Pizza de Calabresa em Casa,1363,87.4,137.3,44.4
mp_074,Manutenção - 1800 kcal,omnivore,3,6,Café da manhã: Tapioca de Frango com Requeijão Light | Almoço: Strogonoff de Carne Saudável | Janta: Pizza de Calabresa em Casa,1363,87.4,137.3,44.4
mp_074,Manutenção - 1800 kcal,omnivore,3,7,Café da manhã: Tapioca de Frango com Requeijão Light | Almoço: Strogonoff de Carne Saudável | Janta: Pizza de Calabresa em Casa,1363,87.4,137.3,44.4
mp_075,Manutenção - 1800 kcal,omnivore,3,1,Café da manhã: Tapioca de Frango com Requeijão Light | Almoço: Bowl Proteico Vegano (Quinoa e Tofu) | Janta: Pizza de Calabresa em Casa,1363,77.4,161.3,41.4
mp_075,Manutenção - 1800 kcal,omnivore,3,2,Café da manhã: Tapioca de Frango com Requeijão Light | Almoço: Bowl Proteico Vegano (Quinoa e Tofu) | Janta: Pizza de Calabresa em Casa,1363,77.4,161.3,41.4
mp_075,Manutenção - 1800 kcal,omnivore,3,3,Café da manhã: Tapioca de Frango com Requeijão Light | Almoço: Bowl Proteico Vegano (Quinoa e Tofu) | Janta: Pizza de Calabresa em Casa,1363,77.4,161.3,41.4
mp_075,Manutenção - 1800 kcal,omnivore,3,4,Café da manhã: Tapioca de Frango com Requeijão Light | Almoço: Bowl Proteico Vegano (Quinoa e Tofu) | Janta: Pizza de Calabresa em Casa,1363,77.4,161.3,41.4
mp_075,Manutenção - 1800 kcal,omnivore,3,5,Café da manhã: Tapioca de Frango com Requeijão Light | Almoço: Bowl Proteico Vegano (Quinoa e Tofu) | Janta: Pizza de Calabresa em Casa,1363,77.4,161.3,41.4
mp_075,Manutenção - 1800 kcal,omnivore,3,6,Café da manhã: Tapioca de Frango com Requeijão Light | Almoço: Bowl Proteico Vegano (Quinoa e Tofu) | Janta: Pizza de Calabresa em Casa,1363,77.4,161.3,41.4
mp_075,Manutenção - 1800 kcal,omnivore,3,7,Café da manhã: Tapioca de Frango com Requeijão Light | Almoço: Bowl Proteico Vegano (Quinoa e Tofu) | Janta: Pizza de Calabresa em Casa,1363,77.4,161.3,41.4
mp_076,Hipertrofia - 2500 kcal,omnivore,6,1,Café da manhã: Pão Integral com Pasta de Amendoim e Geleia | Lanche: Sanduíche de Pasta de Amendoim Quente | Almoço: Prato Feito Turbinado (Ovo e Fritas) | Lanche: Mingau Proteico de Cacau | Janta: Wrap de Kebab de Carne | Lanche: Batido Hipercalórico (Mass Gainer Caseiro),2733,153.8,306.5,101.7
mp_076,Hipertrofia - 2500 kcal,omnivore,6,2,Café da manhã: Pão Integral com Pasta de Amendoim e Geleia | Lanche: Sanduíche de Pasta de Amendoim Quente | Almoço: Prato Feito Turbinado (Ovo e Fritas) | Lanche: Mingau Proteico de Cacau | Janta: Wrap de Kebab de Carne | Lanche: Batido Hipercalórico (Mass Gainer Caseiro),2733,153.8,306.5,101.7
mp_076,Hipertrofia - 2500 kcal,omnivore,6,3,Café da manhã: Pão Integral com Pasta de Amendoim e Geleia | Lanche: Sanduíche de Pasta de Amendoim Quente | Almoço: Prato Feito Turbinado (Ovo e Fritas) | Lanche: Mingau Proteico de Cacau | Janta: Wrap de Kebab de Carne | Lanche: Batido Hipercalórico (Mass Gainer Caseiro),2733,153.8,306.5,101.7
mp_076,Hipertrofia - 2500 kcal,omnivore,6,4,Café da manhã: Pão Integral com Pasta de Amendoim e Geleia | Lanche: Sanduíche de Pasta de Amendoim Quente | Almoço: Prato Feito Turbinado (Ovo e Fritas) | Lanche: Mingau Proteico de Cacau | Janta: Wrap de Kebab de Carne | Lanche: Batido Hipercalórico (Mass Gainer Caseiro),2733,153.8,306.5,101.7
mp_076,Hipertrofia - 2500 kcal,omnivore,6,5,Café da manhã: Pão Integral com Pasta de Amendoim e Geleia | Lanche: Sanduíche de Pasta de Amendoim Quente | Almoço: Prato Feito Turbinado (Ovo e Fritas) | Lanche: Mingau Proteico de Cacau | Janta: Wrap de Kebab de Carne | Lanche: Batido Hipercalórico (Mass Gainer Caseiro),2733,153.8,306.5,101.7
mp_076,Hipertrofia - 2500 kcal,omnivore,6,6,Café da manhã: Pão Integral com Pasta de Amendoim e Geleia | Lanche: Sanduíche de Pasta de Amendoim Quente | Almoço: Prato Feito Turbinado (Ovo e Fritas) | Lanche: Mingau Proteico de Cacau | Janta: Wrap de Kebab de Carne | Lanche: Batido Hipercalórico (Mass Gainer Caseiro),2733,153.8,306.5,101.7
mp_076,Hipertrofia - 2500 kcal,omnivore,6,7,Café da manhã: Pão Integral com Pasta de Amendoim e Geleia | Lanche: Sanduíche de Pasta de Amendoim Quente | Almoço: Prato Feito Turbinado (Ovo e Fritas) | Lanche: Mingau Proteico de Cacau | Janta: Wrap de Kebab de Carne | Lanche: Batido Hipercalórico (Mass Gainer Caseiro),2733,153.8,306.5,101.7
mp_077,Emagrecimento - 1600 kcal,omnivore,3,1,Café da manhã: Tapioca de Frango com Requeijão Light | Almoço: Macarrão com Queijo Clássico (Mac & Cheese) | Janta: Hambúrguer Caseiro com Bacon,1357,83,118.7,55.2
mp_077,Emagrecimento - 1600 kcal,omnivore,3,2,Café da manhã: Tapioca de Frango com Requeijão Light | Almoço: Macarrão com Queijo Clássico (Mac & Cheese) | Janta: Hambúrguer Caseiro com Bacon,1357,83,118.7,55.2
mp_077,Emagrecimento - 1600 kcal,omnivore,3,3,Café da manhã: Tapioca de Frango com Requeijão Light | Almoço: Macarrão com Queijo Clássico (Mac & Cheese) | Janta: Hambúrguer Caseiro com Bacon,1357,83,118.7,55.2
mp_077,Emagrecimento - 1600 kcal,omnivore,3,4,Café da manhã: Tapioca de Frango com Requeijão Light | Almoço: Macarrão com Queijo Clássico (Mac & Cheese) | Janta: Hambúrguer Caseiro com Bacon,1357,83,118.7,55.2
mp_077,Emagrecimento - 1600 kcal,omnivore,3,5,Café da manhã: Tapioca de Frango com Requeijão Light | Almoço: Macarrão com Queijo Clássico (Mac & Cheese) | Janta: Hambúrguer Caseiro com Bacon,1357,83,118.7,55.2
mp_077,Emagrecimento - 1600 kcal,omnivore,3,6,Café da manhã: Tapioca de Frango com Requeijão Light | Almoço: Macarrão com Queijo Clássico (Mac & Cheese) | Janta: Hambúrguer Caseiro com Bacon,1357,83,118.7,55.2
mp_077,Emagrecimento - 1600 kcal,omnivore,3,7,Café da manhã: Tapioca de Frango com Requeijão Light | Almoço: Macarrão com Queijo Clássico (Mac & Cheese) | Janta: Hambúrguer Caseiro com Bacon,1357,83,118.7,55.2
mp_078,Emagrecimento - 2000 kcal,omnivore,4,1,Café da manhã: Pão Integral com Pasta de Amendoim e Geleia | Almoço: Hambúrguer Vegetal com Purê de Abóbora | Janta: Panqueca de Frango Desfiado | Lanche: Batata Frita com Queijo e Bacon,1712,78.0,161.8,85.8
mp_078,Emagrecimento - 2000 kcal,omnivore,4,2,Café da manhã: Pão Integral com Pasta de Amendoim e Geleia | Almoço: Hambúrguer Vegetal com Purê de Abóbora | Janta: Panqueca de Frango Desfiado | Lanche: Batata Frita com Queijo e Bacon,1712,78.0,161.8,85.8
mp_078,Emagrecimento - 2000 kcal,omnivore,4,3,Café da manhã: Pão Integral com Pasta de Amendoim e Geleia | Almoço: Hambúrguer Vegetal com Purê de Abóbora | Janta: Panqueca de Frango Desfiado | Lanche: Batata Frita com Queijo e Bacon,1712,78.0,161.8,85.8
mp_078,Emagrecimento - 2000 kcal,omnivore,4,4,Café da manhã: Pão Integral com Pasta de Amendoim e Geleia | Almoço: Hambúrguer Vegetal com Purê de Abóbora | Janta: Panqueca de Frango Desfiado | Lanche: Batata Frita com Queijo e Bacon,1712,78.0,161.8,85.8
mp_078,Emagrecimento - 2000 kcal,omnivore,4,5,Café da manhã: Pão Integral com Pasta de Amendoim e Geleia | Almoço: Hambúrguer Vegetal com Purê de Abóbora | Janta: Panqueca de Frango Desfiado | Lanche: Batata Frita com Queijo e Bacon,1712,78.0,161.8,85.8
mp_078,Emagrecimento - 2000 kcal,omnivore,4,6,Café da manhã: Pão Integral com Pasta de Amendoim e Geleia | Almoço: Hambúrguer Vegetal com Purê de Abóbora | Janta: Panqueca de Frango Desfiado | Lanche: Batata Frita com Queijo e Bacon,1712,78.0,161.8,85.8
mp_078,Emagrecimento - 2000 kcal,omnivore,4,7,Café da manhã: Pão Integral com Pasta de Amendoim e Geleia | Almoço: Hambúrguer Vegetal com Purê de Abóbora | Janta: Panqueca de Frango Desfiado | Lanche: Batata Frita com Queijo e Bacon,1712,78.0,161.8,85.8
mp_079,Emagrecimento - 2200 kcal,omnivore,5,1,Café da manhã: Pão Integral com Pasta de Amendoim e Geleia | Lanche: Batido Hipercalórico (Mass Gainer Caseiro) | Almoço: Bife de Alcatra com Purê de Batata | Lanche: Batido Hipercalórico (Mass Gainer Caseiro) | Janta: Pizza de Calabresa em Casa,2428,139.0,272.9,83.7
mp_079,Emagrecimento - 2200 kcal,omnivore,5,2,Café da manhã: Pão Integral com Pasta de Amendoim e Geleia | Lanche: Batido Hipercalórico (Mass Gainer Caseiro) | Almoço: Bife de Alcatra com Purê de Batata | Lanche: Batido Hipercalórico (Mass Gainer Caseiro) | Janta: Pizza de Calabresa em Casa,2428,139.0,272.9,83.7
mp_079,Emagrecimento - 2200 kcal,omnivore,5,3,Café da manhã: Pão Integral com Pasta de Amendoim e Geleia | Lanche: Batido Hipercalórico (Mass Gainer Caseiro) | Almoço: Bife de Alcatra com Purê de Batata | Lanche: Batido Hipercalórico (Mass Gainer Caseiro) | Janta: Pizza de Calabresa em Casa,2428,139.0,272.9,83.7
mp_079,Emagrecimento - 2200 kcal,omnivore,5,4,Café da manhã: Pão Integral com Pasta de Amendoim e Geleia | Lanche: Batido Hipercalórico (Mass Gainer Caseiro) | Almoço: Bife de Alcatra com Purê de Batata | Lanche: Batido Hipercalórico (Mass Gainer Caseiro) | Janta: Pizza de Calabresa em Casa,2428,139.0,272.9,83.7
mp_079,Emagrecimento - 2200 kcal,omnivore,5,5,Café da manhã: Pão Integral com Pasta de Amendoim e Geleia | Lanche: Batido Hipercalórico (Mass Gainer Caseiro) | Almoço: Bife de Alcatra com Purê de Batata | Lanche: Batido Hipercalórico (Mass Gainer Caseiro) | Janta: Pizza de Calabresa em Casa,2428,139.0,272.9,83.7
mp_079,Emagrecimento - 2200 kcal,omnivore,5,6,Café da manhã: Pão Integral com Pasta de Amendoim e Geleia | Lanche: Batido Hipercalórico (Mass Gainer Caseiro) | Almoço: Bife de Alcatra com Purê de Batata | Lanche: Batido Hipercalórico (Mass Gainer Caseiro) | Janta: Pizza de Calabresa em Casa,2428,139.0,272.9,83.7
mp_079,Emagrecimento - 2200 kcal,omnivore,5,7,Café da manhã: Pão Integral com Pasta de Amendoim e Geleia | Lanche: Batido Hipercalórico (Mass Gainer Caseiro) | Almoço: Bife de Alcatra com Purê de Batata | Lanche: Batido Hipercalórico (Mass Gainer Caseiro) | Janta: Pizza de Calabresa em Casa,2428,139.0,272.9,83.7
mp_080,Emagrecimento - 2200 kcal,omnivore,5,1,Café da manhã: Pão Integral com Pasta de Amendoim e Geleia | Lanche: Batido Hipercalórico (Mass Gainer Caseiro) | Almoço: Carne de Panela com Mandioca | Lanche: Batido Hipercalórico (Mass Gainer Caseiro) | Janta: Escondidinho Vegano de Grão-de-Bico,2312,136.1,271.3,75
mp_080,Emagrecimento - 2200 kcal,omnivore,5,2,Café da manhã: Pão Integral com Pasta de Amendoim e Geleia | Lanche: Batido Hipercalórico (Mass Gainer Caseiro) | Almoço: Carne de Panela com Mandioca | Lanche: Batido Hipercalórico (Mass Gainer Caseiro) | Janta: Escondidinho Vegano de Grão-de-Bico,2312,136.1,271.3,75
mp_080,Emagrecimento - 2200 kcal,omnivore,5,3,Café da manhã: Pão Integral com Pasta de Amendoim e Geleia | Lanche: Batido Hipercalórico (Mass Gainer Caseiro) | Almoço: Carne de Panela com Mandioca | Lanche: Batido Hipercalórico (Mass Gainer Caseiro) | Janta: Escondidinho Vegano de Grão-de-Bico,2312,136.1,271.3,75
mp_080,Emagrecimento - 2200 kcal,omnivore,5,4,Café da manhã: Pão Integral com Pasta de Amendoim e Geleia | Lanche: Batido Hipercalórico (Mass Gainer Caseiro) | Almoço: Carne de Panela com Mandioca | Lanche: Batido Hipercalórico (Mass Gainer Caseiro) | Janta: Escondidinho Vegano de Grão-de-Bico,2312,136.1,271.3,75
mp_080,Emagrecimento - 2200 kcal,omnivore,5,5,Café da manhã: Pão Integral com Pasta de Amendoim e Geleia | Lanche: Batido Hipercalórico (Mass Gainer Caseiro) | Almoço: Carne de Panela com Mandioca | Lanche: Batido Hipercalórico (Mass Gainer Caseiro) | Janta: Escondidinho Vegano de Grão-de-Bico,2312,136.1,271.3,75
mp_080,Emagrecimento - 2200 kcal,omnivore,5,6,Café da manhã: Pão Integral com Pasta de Amendoim e Geleia | Lanche: Batido Hipercalórico (Mass Gainer Caseiro) | Almoço: Carne de Panela com Mandioca | Lanche: Batido Hipercalórico (Mass Gainer Caseiro) | Janta: Escondidinho Vegano de Grão-de-Bico,2312,136.1,271.3,75
mp_080,Emagrecimento - 2200 kcal,omnivore,5,7,Café da manhã: Pão Integral com Pasta de Amendoim e Geleia | Lanche: Batido Hipercalórico (Mass Gainer Caseiro) | Almoço: Carne de Panela com Mandioca | Lanche: Batido Hipercalórico (Mass Gainer Caseiro) | Janta: Escondidinho Vegano de Grão-de-Bico,2312,136.1,271.3,75
mp_081,Emagrecimento - 1200 kcal,omnivore,4,1,Café da manhã: Crepioca de Ricota | Almoço: Bife Acebolado com Mandioca Cozida | Janta: Espaguete de Abobrinha com Pesto e Frango | Lanche: Batido Hipercalórico (Mass Gainer Caseiro),1570,114,132.5,60.6
mp_081,Emagrecimento - 1200 kcal,omnivore,4,2,Café da manhã: Crepioca de Ricota | Almoço: Bife Acebolado com Mandioca Cozida | Janta: Espaguete de Abobrinha com Pesto e Frango | Lanche: Batido Hipercalórico (Mass Gainer Caseiro),1570,114,132.5,60.6
mp_081,Emagrecimento - 1200 kcal,omnivore,4,3,Café da manhã: Crepioca de Ricota | Almoço: Bife Acebolado com Mandioca Cozida | Janta: Espaguete de Abobrinha com Pesto e Frango | Lanche: Batido Hipercalórico (Mass Gainer Caseiro),1570,114,132.5,60.6
mp_081,Emagrecimento - 1200 kcal,omnivore,4,4,Café da manhã: Crepioca de Ricota | Almoço: Bife Acebolado com Mandioca Cozida | Janta: Espaguete de Abobrinha com Pesto e Frango | Lanche: Batido Hipercalórico (Mass Gainer Caseiro),1570,114,132.5,60.6
mp_081,Emagrecimento - 1200 kcal,omnivore,4,5,Café da manhã: Crepioca de Ricota | Almoço: Bife Acebolado com Mandioca Cozida | Janta: Espaguete de Abobrinha com Pesto e Frango | Lanche: Batido Hipercalórico (Mass Gainer Caseiro),1570,114,132.5,60.6
mp_081,Emagrecimento - 1200 kcal,omnivore,4,6,Café da manhã: Crepioca de Ricota | Almoço: Bife Acebolado com Mandioca Cozida | Janta: Espaguete de Abobrinha com Pesto e Frango | Lanche: Batido Hipercalórico (Mass Gainer Caseiro),1570,114,132.5,60.6
mp_081,Emagrecimento - 1200 kcal,omnivore,4,7,Café da manhã: Crepioca de Ricota | Almoço: Bife Acebolado com Mandioca Cozida | Janta: Espaguete de Abobrinha com Pesto e Frango | Lanche: Batido Hipercalórico (Mass Gainer Caseiro),1570,114,132.5,60.6
mp_082,Manutenção - 2500 kcal,omnivore,6,1,Café da manhã: Pão Integral com Pasta de Amendoim e Geleia | Lanche: Sanduíche de Pasta de Amendoim Quente | Almoço: Macarrão com Queijo Clássico (Mac & Cheese) | Lanche: Sanduíche de Pasta de Amendoim Quente | Janta: Wrap de Kebab de Carne | Lanche: Sanduíche de Pasta de Amendoim Quente,2332,98.6,258.3,103.5
mp_082,Manutenção - 2500 kcal,omnivore,6,2,Café da manhã: Pão Integral com Pasta de Amendoim e Geleia | Lanche: Sanduíche de Pasta de Amendoim Quente | Almoço: Macarrão com Queijo Clássico (Mac & Cheese) | Lanche: Sanduíche de Pasta de Amendoim Quente | Janta: Wrap de Kebab de Carne | Lanche: Sanduíche de Pasta de Amendoim Quente,2332,98.6,258.3,103.5
mp_082,Manutenção - 2500 kcal,omnivore,6,3,Café da manhã: Pão Integral com Pasta de Amendoim e Geleia | Lanche: Sanduíche de Pasta de Amendoim Quente | Almoço: Macarrão com Queijo Clássico (Mac & Cheese) | Lanche: Sanduíche de Pasta de Amendoim Quente | Janta: Wrap de Kebab de Carne | Lanche: Sanduíche de Pasta de Amendoim Quente,2332,98.6,258.3,103.5
mp_082,Manutenção - 2500 kcal,omnivore,6,4,Café da manhã: Pão Integral com Pasta de Amendoim e Geleia | Lanche: Sanduíche de Pasta de Amendoim Quente | Almoço: Macarrão com Queijo Clássico (Mac & Cheese) | Lanche: Sanduíche de Pasta de Amendoim Quente | Janta: Wrap de Kebab de Carne | Lanche: Sanduíche de Pasta de Amendoim Quente,2332,98.6,258.3,103.5
mp_082,Manutenção - 2500 kcal,omnivore,6,5,Café da manhã: Pão Integral com Pasta de Amendoim e Geleia | Lanche: Sanduíche de Pasta de Amendoim Quente | Almoço: Macarrão com Queijo Clássico (Mac & Cheese) | Lanche: Sanduíche de Pasta de Amendoim Quente | Janta: Wrap de Kebab de Carne | Lanche: Sanduíche de Pasta de Amendoim Quente,2332,98.6,258.3,103.5
mp_082,Manutenção - 2500 kcal,omnivore,6,6,Café da manhã: Pão Integral com Pasta de Amendoim e Geleia | Lanche: Sanduíche de Pasta de Amendoim Quente | Almoço: Macarrão com Queijo Clássico (Mac & Cheese) | Lanche: Sanduíche de Pasta de Amendoim Quente | Janta: Wrap de Kebab de Carne | Lanche: Sanduíche de Pasta de Amendoim Quente,2332,98.6,258.3,103.5
mp_082,Manutenção - 2500 kcal,omnivore,6,7,Café da manhã: Pão Integral com Pasta de Amendoim e Geleia | Lanche: Sanduíche de Pasta de Amendoim Quente | Almoço: Macarrão com Queijo Clássico (Mac & Cheese) | Lanche: Sanduíche de Pasta de Amendoim Quente | Janta: Wrap de Kebab de Carne | Lanche: Sanduíche de Pasta de Amendoim Quente,2332,98.6,258.3,103.5
mp_083,Emagrecimento - 1600 kcal,vegetarian,6,1,Café da manhã: Mingau de Aveia com Banana | Lanche: Batata Frita Rústica no Forno (Ar Frito) | Almoço: Hambúrguer Vegetal com Purê de Abóbora | Lanche: Mousse Funcional de Abacate e Cacau | Janta: Pizza de Frigideira com Massa de Aveia | Lanche: Crepioca Doce (Pré-Treino),1602.6,61.9,201.2,65.4
mp_083,Emagrecimento - 1600 kcal,vegetarian,6,2,Café da manhã: Mingau de Aveia com Banana | Lanche: Batata Frita Rústica no Forno (Ar Frito) | Almoço: Hambúrguer Vegetal com Purê de Abóbora | Lanche: Mousse Funcional de Abacate e Cacau | Janta: Pizza de Frigideira com Massa de Aveia | Lanche: Crepioca Doce (Pré-Treino),1602.6,61.9,201.2,65.4
mp_083,Emagrecimento - 1600 kcal,vegetarian,6,3,Café da manhã: Mingau de Aveia com Banana | Lanche: Batata Frita Rústica no Forno (Ar Frito) | Almoço: Hambúrguer Vegetal com Purê de Abóbora | Lanche: Mousse Funcional de Abacate e Cacau | Janta: Pizza de Frigideira com Massa de Aveia | Lanche: Crepioca Doce (Pré-Treino),1602.6,61.9,201.2,65.4
mp_083,Emagrecimento - 1600 kcal,vegetarian,6,4,Café da manhã: Mingau de Aveia com Banana | Lanche: Batata Frita Rústica no Forno (Ar Frito) | Almoço: Hambúrguer Vegetal com Purê de Abóbora | Lanche: Mousse Funcional de Abacate e Cacau | Janta: Pizza de Frigideira com Massa de Aveia | Lanche: Crepioca Doce (Pré-Treino),1602.6,61.9,201.2,65.4
mp_083,Emagrecimento - 1600 kcal,vegetarian,6,5,Café da manhã: Mingau de Aveia com Banana | Lanche: Batata Frita Rústica no Forno (Ar Frito) | Almoço: Hambúrguer Vegetal com Purê de Abóbora | Lanche: Mousse Funcional de Abacate e Cacau | Janta: Pizza de Frigideira com Massa de Aveia | Lanche: Crepioca Doce (Pré-Treino),1602.6,61.9,201.2,65.4
mp_083,Emagrecimento - 1600 kcal,vegetarian,6,6,Café da manhã: Mingau de Aveia com Banana | Lanche: Batata Frita Rústica no Forno (Ar Frito) | Almoço: Hambúrguer Vegetal com Purê de Abóbora | Lanche: Mousse Funcional de Abacate e Cacau | Janta: Pizza de Frigideira com Massa de Aveia | Lanche: Crepioca Doce (Pré-Treino),1602.6,61.9,201.2,65.4
mp_083,Emagrecimento - 1600 kcal,vegetarian,6,7,Café da manhã: Mingau de Aveia com Banana | Lanche: Batata Frita Rústica no Forno (Ar Frito) | Almoço: Hambúrguer Vegetal com Purê de Abóbora | Lanche: Mousse Funcional de Abacate e Cacau | Janta: Pizza de Frigideira com Massa de Aveia | Lanche: Crepioca Doce (Pré-Treino),1602.6,61.9,201.2,65.4
mp_084,Manutenção - 2200 kcal,omnivore,4,1,Café da manhã: Pão Integral com Pasta de Amendoim e Geleia | Almoço: Macarrão à Bolonhesa Saudável | Janta: Escondidinho Vegano de Grão-de-Bico | Lanche: Batata Frita com Queijo e Bacon,1864,86.4,211.3,77.9
mp_084,Manutenção - 2200 kcal,omnivore,4,2,Café da manhã: Pão Integral com Pasta de Amendoim e Geleia | Almoço: Macarrão à Bolonhesa Saudável | Janta: Escondidinho Vegano de Grão-de-Bico | Lanche: Batata Frita com Queijo e Bacon,1864,86.4,211.3,77.9
mp_084,Manutenção - 2200 kcal,omnivore,4,3,Café da manhã: Pão Integral com Pasta de Amendoim e Geleia | Almoço: Macarrão à Bolonhesa Saudável | Janta: Escondidinho Vegano de Grão-de-Bico | Lanche: Batata Frita com Queijo e Bacon,1864,86.4,211.3,77.9
mp_084,Manutenção - 2200 kcal,omnivore,4,4,Café da manhã: Pão Integral com Pasta de Amendoim e Geleia | Almoço: Macarrão à Bolonhesa Saudável | Janta: Escondidinho Vegano de Grão-de-Bico | Lanche: Batata Frita com Queijo e Bacon,1864,86.4,211.3,77.9
mp_084,Manutenção - 2200 kcal,omnivore,4,5,Café da manhã: Pão Integral com Pasta de Amendoim e Geleia | Almoço: Macarrão à Bolonhesa Saudável | Janta: Escondidinho Vegano de Grão-de-Bico | Lanche: Batata Frita com Queijo e Bacon,1864,86.4,211.3,77.9
mp_084,Manutenção - 2200 kcal,omnivore,4,6,Café da manhã: Pão Integral com Pasta de Amendoim e Geleia | Almoço: Macarrão à Bolonhesa Saudável | Janta: Escondidinho Vegano de Grão-de-Bico | Lanche: Batata Frita com Queijo e Bacon,1864,86.4,211.3,77.9
mp_084,Manutenção - 2200 kcal,omnivore,4,7,Café da manhã: Pão Integral com Pasta de Amendoim e Geleia | Almoço: Macarrão à Bolonhesa Saudável | Janta: Escondidinho Vegano de Grão-de-Bico | Lanche: Batata Frita com Queijo e Bacon,1864,86.4,211.3,77.9
mp_085,Hipertrofia - 3000 kcal,omnivore,6,1,Café da manhã: Pão Integral com Pasta de Amendoim e Geleia | Lanche: Tapioca Doce de Amendoim e Morango | Almoço: Prato Feito Turbinado (Ovo e Fritas) | Lanche: Batido Hipercalórico (Mass Gainer Caseiro) | Janta: Pizza de Calabresa em Casa | Lanche: Tapioca Doce de Amendoim e Morango,2920,121.9,347.9,115.3
mp_085,Hipertrofia - 3000 kcal,omnivore,6,2,Café da manhã: Pão Integral com Pasta de Amendoim e Geleia | Lanche: Tapioca Doce de Amendoim e Morango | Almoço: Prato Feito Turbinado (Ovo e Fritas) | Lanche: Batido Hipercalórico (Mass Gainer Caseiro) | Janta: Pizza de Calabresa em Casa | Lanche: Tapioca Doce de Amendoim e Morango,2920,121.9,347.9,115.3
mp_085,Hipertrofia - 3000 kcal,omnivore,6,3,Café da manhã: Pão Integral com Pasta de Amendoim e Geleia | Lanche: Tapioca Doce de Amendoim e Morango | Almoço: Prato Feito Turbinado (Ovo e Fritas) | Lanche: Batido Hipercalórico (Mass Gainer Caseiro) | Janta: Pizza de Calabresa em Casa | Lanche: Tapioca Doce de Amendoim e Morango,2920,121.9,347.9,115.3
mp_085,Hipertrofia - 3000 kcal,omnivore,6,4,Café da manhã: Pão Integral com Pasta de Amendoim e Geleia | Lanche: Tapioca Doce de Amendoim e Morango | Almoço: Prato Feito Turbinado (Ovo e Fritas) | Lanche: Batido Hipercalórico (Mass Gainer Caseiro) | Janta: Pizza de Calabresa em Casa | Lanche: Tapioca Doce de Amendoim e Morango,2920,121.9,347.9,115.3
mp_085,Hipertrofia - 3000 kcal,omnivore,6,5,Café da manhã: Pão Integral com Pasta de Amendoim e Geleia | Lanche: Tapioca Doce de Amendoim e Morango | Almoço: Prato Feito Turbinado (Ovo e Fritas) | Lanche: Batido Hipercalórico (Mass Gainer Caseiro) | Janta: Pizza de Calabresa em Casa | Lanche: Tapioca Doce de Amendoim e Morango,2920,121.9,347.9,115.3
mp_085,Hipertrofia - 3000 kcal,omnivore,6,6,Café da manhã: Pão Integral com Pasta de Amendoim e Geleia | Lanche: Tapioca Doce de Amendoim e Morango | Almoço: Prato Feito Turbinado (Ovo e Fritas) | Lanche: Batido Hipercalórico (Mass Gainer Caseiro) | Janta: Pizza de Calabresa em Casa | Lanche: Tapioca Doce de Amendoim e Morango,2920,121.9,347.9,115.3
mp_085,Hipertrofia - 3000 kcal,omnivore,6,7,Café da manhã: Pão Integral com Pasta de Amendoim e Geleia | Lanche: Tapioca Doce de Amendoim e Morango | Almoço: Prato Feito Turbinado (Ovo e Fritas) | Lanche: Batido Hipercalórico (Mass Gainer Caseiro) | Janta: Pizza de Calabresa em Casa | Lanche: Tapioca Doce de Amendoim e Morango,2920,121.9,347.9,115.3
mp_086,Hipertrofia - 2800 kcal,omnivore,6,1,Café da manhã: Pão Integral com Pasta de Amendoim e Geleia | Lanche: Tapioca Doce de Amendoim e Morango | Almoço: Macarrão com Queijo Clássico (Mac & Cheese) | Lanche: Tapioca Doce de Amendoim e Morango | Janta: Pizza de Calabresa em Casa | Lanche: Tapioca Doce de Amendoim e Morango,2459,74.0,293.9,108.2
mp_086,Hipertrofia - 2800 kcal,omnivore,6,2,Café da manhã: Pão Integral com Pasta de Amendoim e Geleia | Lanche: Tapioca Doce de Amendoim e Morango | Almoço: Macarrão com Queijo Clássico (Mac & Cheese) | Lanche: Tapioca Doce de Amendoim e Morango | Janta: Pizza de Calabresa em Casa | Lanche: Tapioca Doce de Amendoim e Morango,2459,74.0,293.9,108.2
mp_086,Hipertrofia - 2800 kcal,omnivore,6,3,Café da manhã: Pão Integral com Pasta de Amendoim e Geleia | Lanche: Tapioca Doce de Amendoim e Morango | Almoço: Macarrão com Queijo Clássico (Mac & Cheese) | Lanche: Tapioca Doce de Amendoim e Morango | Janta: Pizza de Calabresa em Casa | Lanche: Tapioca Doce de Amendoim e Morango,2459,74.0,293.9,108.2
mp_086,Hipertrofia - 2800 kcal,omnivore,6,4,Café da manhã: Pão Integral com Pasta de Amendoim e Geleia | Lanche: Tapioca Doce de Amendoim e Morango | Almoço: Macarrão com Queijo Clássico (Mac & Cheese) | Lanche: Tapioca Doce de Amendoim e Morango | Janta: Pizza de Calabresa em Casa | Lanche: Tapioca Doce de Amendoim e Morango,2459,74.0,293.9,108.2
mp_086,Hipertrofia - 2800 kcal,omnivore,6,5,Café da manhã: Pão Integral com Pasta de Amendoim e Geleia | Lanche: Tapioca Doce de Amendoim e Morango | Almoço: Macarrão com Queijo Clássico (Mac & Cheese) | Lanche: Tapioca Doce de Amendoim e Morango | Janta: Pizza de Calabresa em Casa | Lanche: Tapioca Doce de Amendoim e Morango,2459,74.0,293.9,108.2
mp_086,Hipertrofia - 2800 kcal,omnivore,6,6,Café da manhã: Pão Integral com Pasta de Amendoim e Geleia | Lanche: Tapioca Doce de Amendoim e Morango | Almoço: Macarrão com Queijo Clássico (Mac & Cheese) | Lanche: Tapioca Doce de Amendoim e Morango | Janta: Pizza de Calabresa em Casa | Lanche: Tapioca Doce de Amendoim e Morango,2459,74.0,293.9,108.2
mp_086,Hipertrofia - 2800 kcal,omnivore,6,7,Café da manhã: Pão Integral com Pasta de Amendoim e Geleia | Lanche: Tapioca Doce de Amendoim e Morango | Almoço: Macarrão com Queijo Clássico (Mac & Cheese) | Lanche: Tapioca Doce de Amendoim e Morango | Janta: Pizza de Calabresa em Casa | Lanche: Tapioca Doce de Amendoim e Morango,2459,74.0,293.9,108.2
mp_087,Emagrecimento - 2000 kcal,omnivore,6,1,Café da manhã: Pão Integral com Pasta de Amendoim e Geleia | Lanche: Batido de Morango e Pasta de Amendoim | Almoço: Bife a Cavalo com Batata Doce | Lanche: Batido de Morango e Pasta de Amendoim | Janta: Panqueca de Frango Desfiado | Lanche: Batido de Morango e Pasta de Amendoim,2082,112.6,172.3,105.5
mp_087,Emagrecimento - 2000 kcal,omnivore,6,2,Café da manhã: Pão Integral com Pasta de Amendoim e Geleia | Lanche: Batido de Morango e Pasta de Amendoim | Almoço: Bife a Cavalo com Batata Doce | Lanche: Batido de Morango e Pasta de Amendoim | Janta: Panqueca de Frango Desfiado | Lanche: Batido de Morango e Pasta de Amendoim,2082,112.6,172.3,105.5
mp_087,Emagrecimento - 2000 kcal,omnivore,6,3,Café da manhã: Pão Integral com Pasta de Amendoim e Geleia | Lanche: Batido de Morango e Pasta de Amendoim | Almoço: Bife a Cavalo com Batata Doce | Lanche: Batido de Morango e Pasta de Amendoim | Janta: Panqueca de Frango Desfiado | Lanche: Batido de Morango e Pasta de Amendoim,2082,112.6,172.3,105.5
mp_087,Emagrecimento - 2000 kcal,omnivore,6,4,Café da manhã: Pão Integral com Pasta de Amendoim e Geleia | Lanche: Batido de Morango e Pasta de Amendoim | Almoço: Bife a Cavalo com Batata Doce | Lanche: Batido de Morango e Pasta de Amendoim | Janta: Panqueca de Frango Desfiado | Lanche: Batido de Morango e Pasta de Amendoim,2082,112.6,172.3,105.5
mp_087,Emagrecimento - 2000 kcal,omnivore,6,5,Café da manhã: Pão Integral com Pasta de Amendoim e Geleia | Lanche: Batido de Morango e Pasta de Amendoim | Almoço: Bife a Cavalo com Batata Doce | Lanche: Batido de Morango e Pasta de Amendoim | Janta: Panqueca de Frango Desfiado | Lanche: Batido de Morango e Pasta de Amendoim,2082,112.6,172.3,105.5
mp_087,Emagrecimento - 2000 kcal,omnivore,6,6,Café da manhã: Pão Integral com Pasta de Amendoim e Geleia | Lanche: Batido de Morango e Pasta de Amendoim | Almoço: Bife a Cavalo com Batata Doce | Lanche: Batido de Morango e Pasta de Amendoim | Janta: Panqueca de Frango Desfiado | Lanche: Batido de Morango e Pasta de Amendoim,2082,112.6,172.3,105.5
mp_087,Emagrecimento - 2000 kcal,omnivore,6,7,Café da manhã: Pão Integral com Pasta de Amendoim e Geleia | Lanche: Batido de Morango e Pasta de Amendoim | Almoço: Bife a Cavalo com Batata Doce | Lanche: Batido de Morango e Pasta de Amendoim | Janta: Panqueca de Frango Desfiado | Lanche: Batido de Morango e Pasta de Amendoim,2082,112.6,172.3,105.5
mp_088,Emagrecimento - 1800 kcal,omnivore,6,1,Café da manhã: Tapioca de Frango com Requeijão Light | Lanche: Batido Verde (Green Smoothie) | Almoço: Bife de Alcatra com Purê de Batata | Lanche: Bolo de Chocolate de Microondas Fit | Janta: Pizza de Frigideira com Massa de Aveia | Lanche: Bolo de Chocolate de Microondas Fit,1815.4,102.1,194.5,66.2
mp_088,Emagrecimento - 1800 kcal,omnivore,6,2,Café da manhã: Tapioca de Frango com Requeijão Light | Lanche: Batido Verde (Green Smoothie) | Almoço: Bife de Alcatra com Purê de Batata | Lanche: Bolo de Chocolate de Microondas Fit | Janta: Pizza de Frigideira com Massa de Aveia | Lanche: Bolo de Chocolate de Microondas Fit,1815.4,102.1,194.5,66.2
mp_088,Emagrecimento - 1800 kcal,omnivore,6,3,Café da manhã: Tapioca de Frango com Requeijão Light | Lanche: Batido Verde (Green Smoothie) | Almoço: Bife de Alcatra com Purê de Batata | Lanche: Bolo de Chocolate de Microondas Fit | Janta: Pizza de Frigideira com Massa de Aveia | Lanche: Bolo de Chocolate de Microondas Fit,1815.4,102.1,194.5,66.2
mp_088,Emagrecimento - 1800 kcal,omnivore,6,4,Café da manhã: Tapioca de Frango com Requeijão Light | Lanche: Batido Verde (Green Smoothie) | Almoço: Bife de Alcatra com Purê de Batata | Lanche: Bolo de Chocolate de Microondas Fit | Janta: Pizza de Frigideira com Massa de Aveia | Lanche: Bolo de Chocolate de Microondas Fit,1815.4,102.1,194.5,66.2
mp_088,Emagrecimento - 1800 kcal,omnivore,6,5,Café da manhã: Tapioca de Frango com Requeijão Light | Lanche: Batido Verde (Green Smoothie) | Almoço: Bife de Alcatra com Purê de Batata | Lanche: Bolo de Chocolate de Microondas Fit | Janta: Pizza de Frigideira com Massa de Aveia | Lanche: Bolo de Chocolate de Microondas Fit,1815.4,102.1,194.5,66.2
mp_088,Emagrecimento - 1800 kcal,omnivore,6,6,Café da manhã: Tapioca de Frango com Requeijão Light | Lanche: Batido Verde (Green Smoothie) | Almoço: Bife de Alcatra com Purê de Batata | Lanche: Bolo de Chocolate de Microondas Fit | Janta: Pizza de Frigideira com Massa de Aveia | Lanche: Bolo de Chocolate de Microondas Fit,1815.4,102.1,194.5,66.2
mp_088,Emagrecimento - 1800 kcal,omnivore,6,7,Café da manhã: Tapioca de Frango com Requeijão Light | Lanche: Batido Verde (Green Smoothie) | Almoço: Bife de Alcatra com Purê de Batata | Lanche: Bolo de Chocolate de Microondas Fit | Janta: Pizza de Frigideira com Massa de Aveia | Lanche: Bolo de Chocolate de Microondas Fit,1815.4,102.1,194.5,66.2
mp_089,Emagrecimento - 1600 kcal,omnivore,6,1,Café da manhã: Mingau de Aveia com Banana | Lanche: Sanduíche Natural de Atum | Almoço: Macarrão com Camarão e Alho | Lanche: Chá Verde Gelado com Limão e Gengibre | Janta: Almôndegas Caseiras de Patinho | Lanche: Sanduíche Natural de Atum,1527.6,123.6,168.3,39.8
mp_089,Emagrecimento - 1600 kcal,omnivore,6,2,Café da manhã: Mingau de Aveia com Banana | Lanche: Sanduíche Natural de Atum | Almoço: Macarrão com Camarão e Alho | Lanche: Chá Verde Gelado com Limão e Gengibre | Janta: Almôndegas Caseiras de Patinho | Lanche: Sanduíche Natural de Atum,1527.6,123.6,168.3,39.8
mp_089,Emagrecimento - 1600 kcal,omnivore,6,3,Café da manhã: Mingau de Aveia com Banana | Lanche: Sanduíche Natural de Atum | Almoço: Macarrão com Camarão e Alho | Lanche: Chá Verde Gelado com Limão e Gengibre | Janta: Almôndegas Caseiras de Patinho | Lanche: Sanduíche Natural de Atum,1527.6,123.6,168.3,39.8
mp_089,Emagrecimento - 1600 kcal,omnivore,6,4,Café da manhã: Mingau de Aveia com Banana | Lanche: Sanduíche Natural de Atum | Almoço: Macarrão com Camarão e Alho | Lanche: Chá Verde Gelado com Limão e Gengibre | Janta: Almôndegas Caseiras de Patinho | Lanche: Sanduíche Natural de Atum,1527.6,123.6,168.3,39.8
mp_089,Emagrecimento - 1600 kcal,omnivore,6,5,Café da manhã: Mingau de Aveia com Banana | Lanche: Sanduíche Natural de Atum | Almoço: Macarrão com Camarão e Alho | Lanche: Chá Verde Gelado com Limão e Gengibre | Janta: Almôndegas Caseiras de Patinho | Lanche: Sanduíche Natural de Atum,1527.6,123.6,168.3,39.8
mp_089,Emagrecimento - 1600 kcal,omnivore,6,6,Café da manhã: Mingau de Aveia com Banana | Lanche: Sanduíche Natural de Atum | Almoço: Macarrão com Camarão e Alho | Lanche: Chá Verde Gelado com Limão e Gengibre | Janta: Almôndegas Caseiras de Patinho | Lanche: Sanduíche Natural de Atum,1527.6,123.6,168.3,39.8
mp_089,Emagrecimento - 1600 kcal,omnivore,6,7,Café da manhã: Mingau de Aveia com Banana | Lanche: Sanduíche Natural de Atum | Almoço: Macarrão com Camarão e Alho | Lanche: Chá Verde Gelado com Limão e Gengibre | Janta: Almôndegas Caseiras de Patinho | Lanche: Sanduíche Natural de Atum,1527.6,123.6,168.3,39.8
mp_090,Emagrecimento - 1200 kcal,pescetarian,5,1,Café da manhã: Crepioca de Ricota | Lanche: Bolo de Chocolate de Microondas Fit | Almoço: Wrap Frio de Atum Rápido | Lanche: Bolo de Chocolate de Microondas Fit | Janta: Sopa Creme de Ervilha,1195,66.5,133,43
mp_090,Emagrecimento - 1200 kcal,pescetarian,5,2,Café da manhã: Crepioca de Ricota | Lanche: Bolo de Chocolate de Microondas Fit | Almoço: Wrap Frio de Atum Rápido | Lanche: Bolo de Chocolate de Microondas Fit | Janta: Sopa Creme de Ervilha,1195,66.5,133,43
mp_090,Emagrecimento - 1200 kcal,pescetarian,5,3,Café da manhã: Crepioca de Ricota | Lanche: Bolo de Chocolate de Microondas Fit | Almoço: Wrap Frio de Atum Rápido | Lanche: Bolo de Chocolate de Microondas Fit | Janta: Sopa Creme de Ervilha,1195,66.5,133,43
mp_090,Emagrecimento - 1200 kcal,pescetarian,5,4,Café da manhã: Crepioca de Ricota | Lanche: Bolo de Chocolate de Microondas Fit | Almoço: Wrap Frio de Atum Rápido | Lanche: Bolo de Chocolate de Microondas Fit | Janta: Sopa Creme de Ervilha,1195,66.5,133,43
mp_090,Emagrecimento - 1200 kcal,pescetarian,5,5,Café da manhã: Crepioca de Ricota | Lanche: Bolo de Chocolate de Microondas Fit | Almoço: Wrap Frio de Atum Rápido | Lanche: Bolo de Chocolate de Microondas Fit | Janta: Sopa Creme de Ervilha,1195,66.5,133,43
mp_090,Emagrecimento - 1200 kcal,pescetarian,5,6,Café da manhã: Crepioca de Ricota | Lanche: Bolo de Chocolate de Microondas Fit | Almoço: Wrap Frio de Atum Rápido | Lanche: Bolo de Chocolate de Microondas Fit | Janta: Sopa Creme de Ervilha,1195,66.5,133,43
mp_090,Emagrecimento - 1200 kcal,pescetarian,5,7,Café da manhã: Crepioca de Ricota | Lanche: Bolo de Chocolate de Microondas Fit | Almoço: Wrap Frio de Atum Rápido | Lanche: Bolo de Chocolate de Microondas Fit | Janta: Sopa Creme de Ervilha,1195,66.5,133,43
mp_091,Emagrecimento - 1400 kcal,omnivore,3,1,Café da manhã: Tapioca de Frango com Requeijão Light | Almoço: Escondidinho de Batata Doce e Carne | Janta: Taco Mexicano Completo,1229,83.5,127.7,40.2
mp_091,Emagrecimento - 1400 kcal,omnivore,3,2,Café da manhã: Tapioca de Frango com Requeijão Light | Almoço: Escondidinho de Batata Doce e Carne | Janta: Taco Mexicano Completo,1229,83.5,127.7,40.2
mp_091,Emagrecimento - 1400 kcal,omnivore,3,3,Café da manhã: Tapioca de Frango com Requeijão Light | Almoço: Escondidinho de Batata Doce e Carne | Janta: Taco Mexicano Completo,1229,83.5,127.7,40.2
mp_091,Emagrecimento - 1400 kcal,omnivore,3,4,Café da manhã: Tapioca de Frango com Requeijão Light | Almoço: Escondidinho de Batata Doce e Carne | Janta: Taco Mexicano Completo,1229,83.5,127.7,40.2
mp_091,Emagrecimento - 1400 kcal,omnivore,3,5,Café da manhã: Tapioca de Frango com Requeijão Light | Almoço: Escondidinho de Batata Doce e Carne | Janta: Taco Mexicano Completo,1229,83.5,127.7,40.2
mp_091,Emagrecimento - 1400 kcal,omnivore,3,6,Café da manhã: Tapioca de Frango com Requeijão Light | Almoço: Escondidinho de Batata Doce e Carne | Janta: Taco Mexicano Completo,1229,83.5,127.7,40.2
mp_091,Emagrecimento - 1400 kcal,omnivore,3,7,Café da manhã: Tapioca de Frango com Requeijão Light | Almoço: Escondidinho de Batata Doce e Carne | Janta: Taco Mexicano Completo,1229,83.5,127.7,40.2
mp_092,Hipertrofia - 2500 kcal,omnivore,6,1,Café da manhã: Pão Integral com Pasta de Amendoim e Geleia | Lanche: Smoothie de Leite de Coco e Frutas Vermelhas | Almoço: Macarrão com Queijo Clássico (Mac & Cheese) | Lanche: Sanduíche de Pasta de Amendoim Quente | Janta: Wrap de Kebab de Carne | Lanche: Sanduíche de Pasta de Amendoim Quente,2112,88.1,228.3,94.5
mp_092,Hipertrofia - 2500 kcal,omnivore,6,2,Café da manhã: Pão Integral com Pasta de Amendoim e Geleia | Lanche: Smoothie de Leite de Coco e Frutas Vermelhas | Almoço: Macarrão com Queijo Clássico (Mac & Cheese) | Lanche: Sanduíche de Pasta de Amendoim Quente | Janta: Wrap de Kebab de Carne | Lanche: Sanduíche de Pasta de Amendoim Quente,2112,88.1,228.3,94.5
mp_092,Hipertrofia - 2500 kcal,omnivore,6,3,Café da manhã: Pão Integral com Pasta de Amendoim e Geleia | Lanche: Smoothie de Leite de Coco e Frutas Vermelhas | Almoço: Macarrão com Queijo Clássico (Mac & Cheese) | Lanche: Sanduíche de Pasta de Amendoim Quente | Janta: Wrap de Kebab de Carne | Lanche: Sanduíche de Pasta de Amendoim Quente,2112,88.1,228.3,94.5
mp_092,Hipertrofia - 2500 kcal,omnivore,6,4,Café da manhã: Pão Integral com Pasta de Amendoim e Geleia | Lanche: Smoothie de Leite de Coco e Frutas Vermelhas | Almoço: Macarrão com Queijo Clássico (Mac & Cheese) | Lanche: Sanduíche de Pasta de Amendoim Quente | Janta: Wrap de Kebab de Carne | Lanche: Sanduíche de Pasta de Amendoim Quente,2112,88.1,228.3,94.5
mp_092,Hipertrofia - 2500 kcal,omnivore,6,5,Café da manhã: Pão Integral com Pasta de Amendoim e Geleia | Lanche: Smoothie de Leite de Coco e Frutas Vermelhas | Almoço: Macarrão com Queijo Clássico (Mac & Cheese) | Lanche: Sanduíche de Pasta de Amendoim Quente | Janta: Wrap de Kebab de Carne | Lanche: Sanduíche de Pasta de Amendoim Quente,2112,88.1,228.3,94.5
mp_092,Hipertrofia - 2500 kcal,omnivore,6,6,Café da manhã: Pão Integral com Pasta de Amendoim e Geleia | Lanche: Smoothie de Leite de Coco e Frutas Vermelhas | Almoço: Macarrão com Queijo Clássico (Mac & Cheese) | Lanche: Sanduíche de Pasta de Amendoim Quente | Janta: Wrap de Kebab de Carne | Lanche: Sanduíche de Pasta de Amendoim Quente,2112,88.1,228.3,94.5
mp_092,Hipertrofia - 2500 kcal,omnivore,6,7,Café da manhã: Pão Integral com Pasta de Amendoim e Geleia | Lanche: Smoothie de Leite de Coco e Frutas Vermelhas | Almoço: Macarrão com Queijo Clássico (Mac & Cheese) | Lanche: Sanduíche de Pasta de Amendoim Quente | Janta: Wrap de Kebab de Carne | Lanche: Sanduíche de Pasta de Amendoim Quente,2112,88.1,228.3,94.5
mp_093,Manutenção - 2800 kcal,omnivore,6,1,Café da manhã: Pão Integral com Pasta de Amendoim e Geleia | Lanche: Wrap Doce de Pasta de Amendoim | Almoço: Prato Feito Turbinado (Ovo e Fritas) | Lanche: Tapioca Doce de Amendoim e Morango | Janta: Pizza de Calabresa em Casa | Lanche: Tapioca Doce de Amendoim e Morango,2660,94.9,308.9,116.8
mp_093,Manutenção - 2800 kcal,omnivore,6,2,Café da manhã: Pão Integral com Pasta de Amendoim e Geleia | Lanche: Wrap Doce de Pasta de Amendoim | Almoço: Prato Feito Turbinado (Ovo e Fritas) | Lanche: Tapioca Doce de Amendoim e Morango | Janta: Pizza de Calabresa em Casa | Lanche: Tapioca Doce de Amendoim e Morango,2660,94.9,308.9,116.8
mp_093,Manutenção - 2800 kcal,omnivore,6,3,Café da manhã: Pão Integral com Pasta de Amendoim e Geleia | Lanche: Wrap Doce de Pasta de Amendoim | Almoço: Prato Feito Turbinado (Ovo e Fritas) | Lanche: Tapioca Doce de Amendoim e Morango | Janta: Pizza de Calabresa em Casa | Lanche: Tapioca Doce de Amendoim e Morango,2660,94.9,308.9,116.8
mp_093,Manutenção - 2800 kcal,omnivore,6,4,Café da manhã: Pão Integral com Pasta de Amendoim e Geleia | Lanche: Wrap Doce de Pasta de Amendoim | Almoço: Prato Feito Turbinado (Ovo e Fritas) | Lanche: Tapioca Doce de Amendoim e Morango | Janta: Pizza de Calabresa em Casa | Lanche: Tapioca Doce de Amendoim e Morango,2660,94.9,308.9,116.8
mp_093,Manutenção - 2800 kcal,omnivore,6,5,Café da manhã: Pão Integral com Pasta de Amendoim e Geleia | Lanche: Wrap Doce de Pasta de Amendoim | Almoço: Prato Feito Turbinado (Ovo e Fritas) | Lanche: Tapioca Doce de Amendoim e Morango | Janta: Pizza de Calabresa em Casa | Lanche: Tapioca Doce de Amendoim e Morango,2660,94.9,308.9,116.8
mp_093,Manutenção - 2800 kcal,omnivore,6,6,Café da manhã: Pão Integral com Pasta de Amendoim e Geleia | Lanche: Wrap Doce de Pasta de Amendoim | Almoço: Prato Feito Turbinado (Ovo e Fritas) | Lanche: Tapioca Doce de Amendoim e Morango | Janta: Pizza de Calabresa em Casa | Lanche: Tapioca Doce de Amendoim e Morango,2660,94.9,308.9,116.8
mp_093,Manutenção - 2800 kcal,omnivore,6,7,Café da manhã: Pão Integral com Pasta de Amendoim e Geleia | Lanche: Wrap Doce de Pasta de Amendoim | Almoço: Prato Feito Turbinado (Ovo e Fritas) | Lanche: Tapioca Doce de Amendoim e Morango | Janta: Pizza de Calabresa em Casa | Lanche: Tapioca Doce de Amendoim e Morango,2660,94.9,308.9,116.8
mp_094,Manutenção - 2200 kcal,omnivore,6,1,Café da manhã: Pão Integral com Pasta de Amendoim e Geleia | Lanche: Batido de Abacate Proteico | Almoço: Strogonoff de Carne Saudável | Lanche: Pizza de Berinjela (Low Carb) | Janta: Escondidinho Vegano de Grão-de-Bico | Lanche: Batido de Abacate Proteico,1927,127.6,163.3,86.5
mp_094,Manutenção - 2200 kcal,omnivore,6,2,Café da manhã: Pão Integral com Pasta de Amendoim e Geleia | Lanche: Batido de Abacate Proteico | Almoço: Strogonoff de Carne Saudável | Lanche: Pizza de Berinjela (Low Carb) | Janta: Escondidinho Vegano de Grão-de-Bico | Lanche: Batido de Abacate Proteico,1927,127.6,163.3,86.5
mp_094,Manutenção - 2200 kcal,omnivore,6,3,Café da manhã: Pão Integral com Pasta de Amendoim e Geleia | Lanche: Batido de Abacate Proteico | Almoço: Strogonoff de Carne Saudável | Lanche: Pizza de Berinjela (Low Carb) | Janta: Escondidinho Vegano de Grão-de-Bico | Lanche: Batido de Abacate Proteico,1927,127.6,163.3,86.5
mp_094,Manutenção - 2200 kcal,omnivore,6,4,Café da manhã: Pão Integral com Pasta de Amendoim e Geleia | Lanche: Batido de Abacate Proteico | Almoço: Strogonoff de Carne Saudável | Lanche: Pizza de Berinjela (Low Carb) | Janta: Escondidinho Vegano de Grão-de-Bico | Lanche: Batido de Abacate Proteico,1927,127.6,163.3,86.5
mp_094,Manutenção - 2200 kcal,omnivore,6,5,Café da manhã: Pão Integral com Pasta de Amendoim e Geleia | Lanche: Batido de Abacate Proteico | Almoço: Strogonoff de Carne Saudável | Lanche: Pizza de Berinjela (Low Carb) | Janta: Escondidinho Vegano de Grão-de-Bico | Lanche: Batido de Abacate Proteico,1927,127.6,163.3,86.5
mp_094,Manutenção - 2200 kcal,omnivore,6,6,Café da manhã: Pão Integral com Pasta de Amendoim e Geleia | Lanche: Batido de Abacate Proteico | Almoço: Strogonoff de Carne Saudável | Lanche: Pizza de Berinjela (Low Carb) | Janta: Escondidinho Vegano de Grão-de-Bico | Lanche: Batido de Abacate Proteico,1927,127.6,163.3,86.5
mp_094,Manutenção - 2200 kcal,omnivore,6,7,Café da manhã: Pão Integral com Pasta de Amendoim e Geleia | Lanche: Batido de Abacate Proteico | Almoço: Strogonoff de Carne Saudável | Lanche: Pizza de Berinjela (Low Carb) | Janta: Escondidinho Vegano de Grão-de-Bico | Lanche: Batido de Abacate Proteico,1927,127.6,163.3,86.5
mp_095,Hipertrofia - 2500 kcal,omnivore,5,1,Café da manhã: Pão Integral com Pasta de Amendoim e Geleia | Lanche: Batido Hipercalórico (Mass Gainer Caseiro) | Almoço: Macarrão com Queijo Clássico (Mac & Cheese) | Lanche: Batido Hipercalórico (Mass Gainer Caseiro) | Janta: Wrap de Kebab de Carne,2382,132.6,262.3,85.5
mp_095,Hipertrofia - 2500 kcal,omnivore,5,2,Café da manhã: Pão Integral com Pasta de Amendoim e Geleia | Lanche: Batido Hipercalórico (Mass Gainer Caseiro) | Almoço: Macarrão com Queijo Clássico (Mac & Cheese) | Lanche: Batido Hipercalórico (Mass Gainer Caseiro) | Janta: Wrap de Kebab de Carne,2382,132.6,262.3,85.5
mp_095,Hipertrofia - 2500 kcal,omnivore,5,3,Café da manhã: Pão Integral com Pasta de Amendoim e Geleia | Lanche: Batido Hipercalórico (Mass Gainer Caseiro) | Almoço: Macarrão com Queijo Clássico (Mac & Cheese) | Lanche: Batido Hipercalórico (Mass Gainer Caseiro) | Janta: Wrap de Kebab de Carne,2382,132.6,262.3,85.5
mp_095,Hipertrofia - 2500 kcal,omnivore,5,4,Café da manhã: Pão Integral com Pasta de Amendoim e Geleia | Lanche: Batido Hipercalórico (Mass Gainer Caseiro) | Almoço: Macarrão com Queijo Clássico (Mac & Cheese) | Lanche: Batido Hipercalórico (Mass Gainer Caseiro) | Janta: Wrap de Kebab de Carne,2382,132.6,262.3,85.5
mp_095,Hipertrofia - 2500 kcal,omnivore,5,5,Café da manhã: Pão Integral com Pasta de Amendoim e Geleia | Lanche: Batido Hipercalórico (Mass Gainer Caseiro) | Almoço: Macarrão com Queijo Clássico (Mac & Cheese) | Lanche: Batido Hipercalórico (Mass Gainer Caseiro) | Janta: Wrap de Kebab de Carne,2382,132.6,262.3,85.5
mp_095,Hipertrofia - 2500 kcal,omnivore,5,6,Café da manhã: Pão Integral com Pasta de Amendoim e Geleia | Lanche: Batido Hipercalórico (Mass Gainer Caseiro) | Almoço: Macarrão com Queijo Clássico (Mac & Cheese) | Lanche: Batido Hipercalórico (Mass Gainer Caseiro) | Janta: Wrap de Kebab de Carne,2382,132.6,262.3,85.5
mp_095,Hipertrofia - 2500 kcal,omnivore,5,7,Café da manhã: Pão Integral com Pasta de Amendoim e Geleia | Lanche: Batido Hipercalórico (Mass Gainer Caseiro) | Almoço: Macarrão com Queijo Clássico (Mac & Cheese) | Lanche: Batido Hipercalórico (Mass Gainer Caseiro) | Janta: Wrap de Kebab de Carne,2382,132.6,262.3,85.5
mp_096,Emagrecimento - 1400 kcal,omnivore,5,1,Café da manhã: Crepe Verde de Espinafre | Lanche: Muffin de Banana de Microondas | Almoço: Massa Integral com Pesto e Tomate | Lanche: Pizza de Berinjela (Low Carb) | Janta: Sopa Creme de Mandioca e Frango,1269.5,73.3,128.6,52.1
mp_096,Emagrecimento - 1400 kcal,omnivore,5,2,Café da manhã: Crepe Verde de Espinafre | Lanche: Muffin de Banana de Microondas | Almoço: Massa Integral com Pesto e Tomate | Lanche: Pizza de Berinjela (Low Carb) | Janta: Sopa Creme de Mandioca e Frango,1269.5,73.3,128.6,52.1
mp_096,Emagrecimento - 1400 kcal,omnivore,5,3,Café da manhã: Crepe Verde de Espinafre | Lanche: Muffin de Banana de Microondas | Almoço: Massa Integral com Pesto e Tomate | Lanche: Pizza de Berinjela (Low Carb) | Janta: Sopa Creme de Mandioca e Frango,1269.5,73.3,128.6,52.1
mp_096,Emagrecimento - 1400 kcal,omnivore,5,4,Café da manhã: Crepe Verde de Espinafre | Lanche: Muffin de Banana de Microondas | Almoço: Massa Integral com Pesto e Tomate | Lanche: Pizza de Berinjela (Low Carb) | Janta: Sopa Creme de Mandioca e Frango,1269.5,73.3,128.6,52.1
mp_096,Emagrecimento - 1400 kcal,omnivore,5,5,Café da manhã: Crepe Verde de Espinafre | Lanche: Muffin de Banana de Microondas | Almoço: Massa Integral com Pesto e Tomate | Lanche: Pizza de Berinjela (Low Carb) | Janta: Sopa Creme de Mandioca e Frango,1269.5,73.3,128.6,52.1
mp_096,Emagrecimento - 1400 kcal,omnivore,5,6,Café da manhã: Crepe Verde de Espinafre | Lanche: Muffin de Banana de Microondas | Almoço: Massa Integral com Pesto e Tomate | Lanche: Pizza de Berinjela (Low Carb) | Janta: Sopa Creme de Mandioca e Frango,1269.5,73.3,128.6,52.1
mp_096,Emagrecimento - 1400 kcal,omnivore,5,7,Café da manhã: Crepe Verde de Espinafre | Lanche: Muffin de Banana de Microondas | Almoço: Massa Integral com Pesto e Tomate | Lanche: Pizza de Berinjela (Low Carb) | Janta: Sopa Creme de Mandioca e Frango,1269.5,73.3,128.6,52.1
mp_097,Emagrecimento - 1800 kcal,omnivore,4,1,Café da manhã: Tapioca de Frango com Requeijão Light | Almoço: Cuscuz Marroquino com Grão-de-Bico | Janta: Pizza de Frigideira com Massa de Aveia | Lanche: Batata Frita com Queijo e Bacon,1706,77.1,198.7,62.2
mp_097,Emagrecimento - 1800 kcal,omnivore,4,2,Café da manhã: Tapioca de Frango com Requeijão Light | Almoço: Cuscuz Marroquino com Grão-de-Bico | Janta: Pizza de Frigideira com Massa de Aveia | Lanche: Batata Frita com Queijo e Bacon,1706,77.1,198.7,62.2
mp_097,Emagrecimento - 1800 kcal,omnivore,4,3,Café da manhã: Tapioca de Frango com Requeijão Light | Almoço: Cuscuz Marroquino com Grão-de-Bico | Janta: Pizza de Frigideira com Massa de Aveia | Lanche: Batata Frita com Queijo e Bacon,1706,77.1,198.7,62.2
mp_097,Emagrecimento - 1800 kcal,omnivore,4,4,Café da manhã: Tapioca de Frango com Requeijão Light | Almoço: Cuscuz Marroquino com Grão-de-Bico | Janta: Pizza de Frigideira com Massa de Aveia | Lanche: Batata Frita com Queijo e Bacon,1706,77.1,198.7,62.2
mp_097,Emagrecimento - 1800 kcal,omnivore,4,5,Café da manhã: Tapioca de Frango com Requeijão Light | Almoço: Cuscuz Marroquino com Grão-de-Bico | Janta: Pizza de Frigideira com Massa de Aveia | Lanche: Batata Frita com Queijo e Bacon,1706,77.1,198.7,62.2
mp_097,Emagrecimento - 1800 kcal,omnivore,4,6,Café da manhã: Tapioca de Frango com Requeijão Light | Almoço: Cuscuz Marroquino com Grão-de-Bico | Janta: Pizza de Frigideira com Massa de Aveia | Lanche: Batata Frita com Queijo e Bacon,1706,77.1,198.7,62.2
mp_097,Emagrecimento - 1800 kcal,omnivore,4,7,Café da manhã: Tapioca de Frango com Requeijão Light | Almoço: Cuscuz Marroquino com Grão-de-Bico | Janta: Pizza de Frigideira com Massa de Aveia | Lanche: Batata Frita com Queijo e Bacon,1706,77.1,198.7,62.2
mp_098,Hipertrofia - 3000 kcal,omnivore,6,1,Café da manhã: Pão Integral com Pasta de Amendoim e Geleia | Lanche: Tapioca Doce de Amendoim e Morango | Almoço: Macarrão com Queijo Clássico (Mac & Cheese) | Lanche: Tapioca Doce de Amendoim e Morango | Janta: Pizza de Calabresa em Casa | Lanche: Batata Frita com Queijo e Bacon,2767,87.1,310.9,128.7
mp_098,Hipertrofia - 3000 kcal,omnivore,6,2,Café da manhã: Pão Integral com Pasta de Amendoim e Geleia | Lanche: Tapioca Doce de Amendoim e Morango | Almoço: Macarrão com Queijo Clássico (Mac & Cheese) | Lanche: Tapioca Doce de Amendoim e Morango | Janta: Pizza de Calabresa em Casa | Lanche: Batata Frita com Queijo e Bacon,2767,87.1,310.9,128.7
mp_098,Hipertrofia - 3000 kcal,omnivore,6,3,Café da manhã: Pão Integral com Pasta de Amendoim e Geleia | Lanche: Tapioca Doce de Amendoim e Morango | Almoço: Macarrão com Queijo Clássico (Mac & Cheese) | Lanche: Tapioca Doce de Amendoim e Morango | Janta: Pizza de Calabresa em Casa | Lanche: Batata Frita com Queijo e Bacon,2767,87.1,310.9,128.7
mp_098,Hipertrofia - 3000 kcal,omnivore,6,4,Café da manhã: Pão Integral com Pasta de Amendoim e Geleia | Lanche: Tapioca Doce de Amendoim e Morango | Almoço: Macarrão com Queijo Clássico (Mac & Cheese) | Lanche: Tapioca Doce de Amendoim e Morango | Janta: Pizza de Calabresa em Casa | Lanche: Batata Frita com Queijo e Bacon,2767,87.1,310.9,128.7
mp_098,Hipertrofia - 3000 kcal,omnivore,6,5,Café da manhã: Pão Integral com Pasta de Amendoim e Geleia | Lanche: Tapioca Doce de Amendoim e Morango | Almoço: Macarrão com Queijo Clássico (Mac & Cheese) | Lanche: Tapioca Doce de Amendoim e Morango | Janta: Pizza de Calabresa em Casa | Lanche: Batata Frita com Queijo e Bacon,2767,87.1,310.9,128.7
mp_098,Hipertrofia - 3000 kcal,omnivore,6,6,Café da manhã: Pão Integral com Pasta de Amendoim e Geleia | Lanche: Tapioca Doce de Amendoim e Morango | Almoço: Macarrão com Queijo Clássico (Mac & Cheese) | Lanche: Tapioca Doce de Amendoim e Morango | Janta: Pizza de Calabresa em Casa | Lanche: Batata Frita com Queijo e Bacon,2767,87.1,310.9,128.7
mp_098,Hipertrofia - 3000 kcal,omnivore,6,7,Café da manhã: Pão Integral com Pasta de Amendoim e Geleia | Lanche: Tapioca Doce de Amendoim e Morango | Almoço: Macarrão com Queijo Clássico (Mac & Cheese) | Lanche: Tapioca Doce de Amendoim e Morango | Janta: Pizza de Calabresa em Casa | Lanche: Batata Frita com Queijo e Bacon,2767,87.1,310.9,128.7
mp_099,Emagrecimento - 1800 kcal,omnivore,6,1,Café da manhã: Tapioca de Frango com Requeijão Light | Lanche: Bolo de Chocolate de Microondas Fit | Almoço: Cuscuz Marroquino com Grão-de-Bico | Lanche: Bolo de Chocolate de Microondas Fit | Janta: Pizza de Frigideira com Massa de Aveia | Lanche: Bolo de Chocolate de Microondas Fit,1761,94.0,207.7,56.7
mp_099,Emagrecimento - 1800 kcal,omnivore,6,2,Café da manhã: Tapioca de Frango com Requeijão Light | Lanche: Bolo de Chocolate de Microondas Fit | Almoço: Cuscuz Marroquino com Grão-de-Bico | Lanche: Bolo de Chocolate de Microondas Fit | Janta: Pizza de Frigideira com Massa de Aveia | Lanche: Bolo de Chocolate de Microondas Fit,1761,94.0,207.7,56.7
mp_099,Emagrecimento - 1800 kcal,omnivore,6,3,Café da manhã: Tapioca de Frango com Requeijão Light | Lanche: Bolo de Chocolate de Microondas Fit | Almoço: Cuscuz Marroquino com Grão-de-Bico | Lanche: Bolo de Chocolate de Microondas Fit | Janta: Pizza de Frigideira com Massa de Aveia | Lanche: Bolo de Chocolate de Microondas Fit,1761,94.0,207.7,56.7
mp_099,Emagrecimento - 1800 kcal,omnivore,6,4,Café da manhã: Tapioca de Frango com Requeijão Light | Lanche: Bolo de Chocolate de Microondas Fit | Almoço: Cuscuz Marroquino com Grão-de-Bico | Lanche: Bolo de Chocolate de Microondas Fit | Janta: Pizza de Frigideira com Massa de Aveia | Lanche: Bolo de Chocolate de Microondas Fit,1761,94.0,207.7,56.7
mp_099,Emagrecimento - 1800 kcal,omnivore,6,5,Café da manhã: Tapioca de Frango com Requeijão Light | Lanche: Bolo de Chocolate de Microondas Fit | Almoço: Cuscuz Marroquino com Grão-de-Bico | Lanche: Bolo de Chocolate de Microondas Fit | Janta: Pizza de Frigideira com Massa de Aveia | Lanche: Bolo de Chocolate de Microondas Fit,1761,94.0,207.7,56.7
mp_099,Emagrecimento - 1800 kcal,omnivore,6,6,Café da manhã: Tapioca de Frango com Requeijão Light | Lanche: Bolo de Chocolate de Microondas Fit | Almoço: Cuscuz Marroquino com Grão-de-Bico | Lanche: Bolo de Chocolate de Microondas Fit | Janta: Pizza de Frigideira com Massa de Aveia | Lanche: Bolo de Chocolate de Microondas Fit,1761,94.0,207.7,56.7
mp_099,Emagrecimento - 1800 kcal,omnivore,6,7,Café da manhã: Tapioca de Frango com Requeijão Light | Lanche: Bolo de Chocolate de Microondas Fit | Almoço: Cuscuz Marroquino com Grão-de-Bico | Lanche: Bolo de Chocolate de Microondas Fit | Janta: Pizza de Frigideira com Massa de Aveia | Lanche: Bolo de Chocolate de Microondas Fit,1761,94.0,207.7,56.7
mp_100,Manutenção - 2000 kcal,vegetarian,6,1,Café da manhã: Smoothie Verde Energético | Lanche: Batido Hipercalórico (Mass Gainer Caseiro) | Almoço: Macarrão com Queijo Clássico (Mac & Cheese) | Lanche: Tosta de Pasta de Amendoim e Banana | Janta: Escondidinho Vegano de Grão-de-Bico | Lanche: Batido de Morango e Pasta de Amendoim,2190,94.5,277,77.5
mp_100,Manutenção - 2000 kcal,vegetarian,6,2,Café da manhã: Smoothie Verde Energético | Lanche: Batido Hipercalórico (Mass Gainer Caseiro) | Almoço: Macarrão com Queijo Clássico (Mac & Cheese) | Lanche: Tosta de Pasta de Amendoim e Banana | Janta: Escondidinho Vegano de Grão-de-Bico | Lanche: Batido de Morango e Pasta de Amendoim,2190,94.5,277,77.5
mp_100,Manutenção - 2000 kcal,vegetarian,6,3,Café da manhã: Smoothie Verde Energético | Lanche: Batido Hipercalórico (Mass Gainer Caseiro) | Almoço: Macarrão com Queijo Clássico (Mac & Cheese) | Lanche: Tosta de Pasta de Amendoim e Banana | Janta: Escondidinho Vegano de Grão-de-Bico | Lanche: Batido de Morango e Pasta de Amendoim,2190,94.5,277,77.5
mp_100,Manutenção - 2000 kcal,vegetarian,6,4,Café da manhã: Smoothie Verde Energético | Lanche: Batido Hipercalórico (Mass Gainer Caseiro) | Almoço: Macarrão com Queijo Clássico (Mac & Cheese) | Lanche: Tosta de Pasta de Amendoim e Banana | Janta: Escondidinho Vegano de Grão-de-Bico | Lanche: Batido de Morango e Pasta de Amendoim,2190,94.5,277,77.5
mp_100,Manutenção - 2000 kcal,vegetarian,6,5,Café da manhã: Smoothie Verde Energético | Lanche: Batido Hipercalórico (Mass Gainer Caseiro) | Almoço: Macarrão com Queijo Clássico (Mac & Cheese) | Lanche: Tosta de Pasta de Amendoim e Banana | Janta: Escondidinho Vegano de Grão-de-Bico | Lanche: Batido de Morango e Pasta de Amendoim,2190,94.5,277,77.5
mp_100,Manutenção - 2000 kcal,vegetarian,6,6,Café da manhã: Smoothie Verde Energético | Lanche: Batido Hipercalórico (Mass Gainer Caseiro) | Almoço: Macarrão com Queijo Clássico (Mac & Cheese) | Lanche: Tosta de Pasta de Amendoim e Banana | Janta: Escondidinho Vegano de Grão-de-Bico | Lanche: Batido de Morango e Pasta de Amendoim,2190,94.5,277,77.5
mp_100,Manutenção - 2000 kcal,vegetarian,6,7,Café da manhã: Smoothie Verde Energético | Lanche: Batido Hipercalórico (Mass Gainer Caseiro) | Almoço: Macarrão com Queijo Clássico (Mac & Cheese) | Lanche: Tosta de Pasta de Amendoim e Banana | Janta: Escondidinho Vegano de Grão-de-Bico | Lanche: Batido de Morango e Pasta de Amendoim,2190,94.5,277,77.5
mp_101,Manutenção - 2000 kcal,omnivore,5,1,Café da manhã: Pão Integral com Pasta de Amendoim e Geleia | Lanche: Tapioca Doce de Amendoim e Morango | Almoço: Salada de Atum e Grão-de-bico | Lanche: Queijo Quente (Misto Quente Simples) | Janta: Panqueca de Frango Desfiado,1732.4,95.0,175.7,73.6
mp_101,Manutenção - 2000 kcal,omnivore,5,2,Café da manhã: Pão Integral com Pasta de Amendoim e Geleia | Lanche: Tapioca Doce de Amendoim e Morango | Almoço: Salada de Atum e Grão-de-bico | Lanche: Queijo Quente (Misto Quente Simples) | Janta: Panqueca de Frango Desfiado,1732.4,95.0,175.7,73.6
mp_101,Manutenção - 2000 kcal,omnivore,5,3,Café da manhã: Pão Integral com Pasta de Amendoim e Geleia | Lanche: Tapioca Doce de Amendoim e Morango | Almoço: Salada de Atum e Grão-de-bico | Lanche: Queijo Quente (Misto Quente Simples) | Janta: Panqueca de Frango Desfiado,1732.4,95.0,175.7,73.6
mp_101,Manutenção - 2000 kcal,omnivore,5,4,Café da manhã: Pão Integral com Pasta de Amendoim e Geleia | Lanche: Tapioca Doce de Amendoim e Morango | Almoço: Salada de Atum e Grão-de-bico | Lanche: Queijo Quente (Misto Quente Simples) | Janta: Panqueca de Frango Desfiado,1732.4,95.0,175.7,73.6
mp_101,Manutenção - 2000 kcal,omnivore,5,5,Café da manhã: Pão Integral com Pasta de Amendoim e Geleia | Lanche: Tapioca Doce de Amendoim e Morango | Almoço: Salada de Atum e Grão-de-bico | Lanche: Queijo Quente (Misto Quente Simples) | Janta: Panqueca de Frango Desfiado,1732.4,95.0,175.7,73.6
mp_101,Manutenção - 2000 kcal,omnivore,5,6,Café da manhã: Pão Integral com Pasta de Amendoim e Geleia | Lanche: Tapioca Doce de Amendoim e Morango | Almoço: Salada de Atum e Grão-de-bico | Lanche: Queijo Quente (Misto Quente Simples) | Janta: Panqueca de Frango Desfiado,1732.4,95.0,175.7,73.6
mp_101,Manutenção - 2000 kcal,omnivore,5,7,Café da manhã: Pão Integral com Pasta de Amendoim e Geleia | Lanche: Tapioca Doce de Amendoim e Morango | Almoço: Salada de Atum e Grão-de-bico | Lanche: Queijo Quente (Misto Quente Simples) | Janta: Panqueca de Frango Desfiado,1732.4,95.0,175.7,73.6
mp_102,Emagrecimento - 1400 kcal,omnivore,6,1,Café da manhã: Avocado Toast com Ovo (Pão com Abacate) | Lanche: Brigadeiro de Colher (Sem Açúcar) | Almoço: Lasanha de Abobrinha com Carne | Lanche: Crepioca Doce (Pré-Treino) | Janta: Sopa de Ervilha com Bacon de Peru | Lanche: Brigadeiro de Colher (Sem Açúcar),1476.5,87.5,134.6,68.2
mp_102,Emagrecimento - 1400 kcal,omnivore,6,2,Café da manhã: Avocado Toast com Ovo (Pão com Abacate) | Lanche: Brigadeiro de Colher (Sem Açúcar) | Almoço: Lasanha de Abobrinha com Carne | Lanche: Crepioca Doce (Pré-Treino) | Janta: Sopa de Ervilha com Bacon de Peru | Lanche: Brigadeiro de Colher (Sem Açúcar),1476.5,87.5,134.6,68.2
mp_102,Emagrecimento - 1400 kcal,omnivore,6,3,Café da manhã: Avocado Toast com Ovo (Pão com Abacate) | Lanche: Brigadeiro de Colher (Sem Açúcar) | Almoço: Lasanha de Abobrinha com Carne | Lanche: Crepioca Doce (Pré-Treino) | Janta: Sopa de Ervilha com Bacon de Peru | Lanche: Brigadeiro de Colher (Sem Açúcar),1476.5,87.5,134.6,68.2
mp_102,Emagrecimento - 1400 kcal,omnivore,6,4,Café da manhã: Avocado Toast com Ovo (Pão com Abacate) | Lanche: Brigadeiro de Colher (Sem Açúcar) | Almoço: Lasanha de Abobrinha com Carne | Lanche: Crepioca Doce (Pré-Treino) | Janta: Sopa de Ervilha com Bacon de Peru | Lanche: Brigadeiro de Colher (Sem Açúcar),1476.5,87.5,134.6,68.2
mp_102,Emagrecimento - 1400 kcal,omnivore,6,5,Café da manhã: Avocado Toast com Ovo (Pão com Abacate) | Lanche: Brigadeiro de Colher (Sem Açúcar) | Almoço: Lasanha de Abobrinha com Carne | Lanche: Crepioca Doce (Pré-Treino) | Janta: Sopa de Ervilha com Bacon de Peru | Lanche: Brigadeiro de Colher (Sem Açúcar),1476.5,87.5,134.6,68.2
mp_102,Emagrecimento - 1400 kcal,omnivore,6,6,Café da manhã: Avocado Toast com Ovo (Pão com Abacate) | Lanche: Brigadeiro de Colher (Sem Açúcar) | Almoço: Lasanha de Abobrinha com Carne | Lanche: Crepioca Doce (Pré-Treino) | Janta: Sopa de Ervilha com Bacon de Peru | Lanche: Brigadeiro de Colher (Sem Açúcar),1476.5,87.5,134.6,68.2
mp_102,Emagrecimento - 1400 kcal,omnivore,6,7,Café da manhã: Avocado Toast com Ovo (Pão com Abacate) | Lanche: Brigadeiro de Colher (Sem Açúcar) | Almoço: Lasanha de Abobrinha com Carne | Lanche: Crepioca Doce (Pré-Treino) | Janta: Sopa de Ervilha com Bacon de Peru | Lanche: Brigadeiro de Colher (Sem Açúcar),1476.5,87.5,134.6,68.2
mp_103,Manutenção - 2200 kcal,omnivore,6,1,Café da manhã: Pão Integral com Pasta de Amendoim e Geleia | Lanche: Batido de Abacate Proteico | Almoço: Bife de Alcatra com Purê de Batata | Lanche: Batido de Abacate Proteico | Janta: Escondidinho Vegano de Grão-de-Bico | Lanche: Batido de Abacate Proteico,2107,140.6,175.8,97.5
mp_103,Manutenção - 2200 kcal,omnivore,6,2,Café da manhã: Pão Integral com Pasta de Amendoim e Geleia | Lanche: Batido de Abacate Proteico | Almoço: Bife de Alcatra com Purê de Batata | Lanche: Batido de Abacate Proteico | Janta: Escondidinho Vegano de Grão-de-Bico | Lanche: Batido de Abacate Proteico,2107,140.6,175.8,97.5
mp_103,Manutenção - 2200 kcal,omnivore,6,3,Café da manhã: Pão Integral com Pasta de Amendoim e Geleia | Lanche: Batido de Abacate Proteico | Almoço: Bife de Alcatra com Purê de Batata | Lanche: Batido de Abacate Proteico | Janta: Escondidinho Vegano de Grão-de-Bico | Lanche: Batido de Abacate Proteico,2107,140.6,175.8,97.5
mp_103,Manutenção - 2200 kcal,omnivore,6,4,Café da manhã: Pão Integral com Pasta de Amendoim e Geleia | Lanche: Batido de Abacate Proteico | Almoço: Bife de Alcatra com Purê de Batata | Lanche: Batido de Abacate Proteico | Janta: Escondidinho Vegano de Grão-de-Bico | Lanche: Batido de Abacate Proteico,2107,140.6,175.8,97.5
mp_103,Manutenção - 2200 kcal,omnivore,6,5,Café da manhã: Pão Integral com Pasta de Amendoim e Geleia | Lanche: Batido de Abacate Proteico | Almoço: Bife de Alcatra com Purê de Batata | Lanche: Batido de Abacate Proteico | Janta: Escondidinho Vegano de Grão-de-Bico | Lanche: Batido de Abacate Proteico,2107,140.6,175.8,97.5
mp_103,Manutenção - 2200 kcal,omnivore,6,6,Café da manhã: Pão Integral com Pasta de Amendoim e Geleia | Lanche: Batido de Abacate Proteico | Almoço: Bife de Alcatra com Purê de Batata | Lanche: Batido de Abacate Proteico | Janta: Escondidinho Vegano de Grão-de-Bico | Lanche: Batido de Abacate Proteico,2107,140.6,175.8,97.5
mp_103,Manutenção - 2200 kcal,omnivore,6,7,Café da manhã: Pão Integral com Pasta de Amendoim e Geleia | Lanche: Batido de Abacate Proteico | Almoço: Bife de Alcatra com Purê de Batata | Lanche: Batido de Abacate Proteico | Janta: Escondidinho Vegano de Grão-de-Bico | Lanche: Batido de Abacate Proteico,2107,140.6,175.8,97.5
mp_104,Hipertrofia - 2200 kcal,omnivore,4,1,Café da manhã: Pão Integral com Pasta de Amendoim e Geleia | Almoço: Bife de Alcatra com Purê de Batata | Janta: Wrap de Kebab de Carne | Lanche: Batata Frita com Queijo e Bacon,1947,94.7,182.3,93.5
mp_104,Hipertrofia - 2200 kcal,omnivore,4,2,Café da manhã: Pão Integral com Pasta de Amendoim e Geleia | Almoço: Bife de Alcatra com Purê de Batata | Janta: Wrap de Kebab de Carne | Lanche: Batata Frita com Queijo e Bacon,1947,94.7,182.3,93.5
mp_104,Hipertrofia - 2200 kcal,omnivore,4,3,Café da manhã: Pão Integral com Pasta de Amendoim e Geleia | Almoço: Bife de Alcatra com Purê de Batata | Janta: Wrap de Kebab de Carne | Lanche: Batata Frita com Queijo e Bacon,1947,94.7,182.3,93.5
mp_104,Hipertrofia - 2200 kcal,omnivore,4,4,Café da manhã: Pão Integral com Pasta de Amendoim e Geleia | Almoço: Bife de Alcatra com Purê de Batata | Janta: Wrap de Kebab de Carne | Lanche: Batata Frita com Queijo e Bacon,1947,94.7,182.3,93.5
mp_104,Hipertrofia - 2200 kcal,omnivore,4,5,Café da manhã: Pão Integral com Pasta de Amendoim e Geleia | Almoço: Bife de Alcatra com Purê de Batata | Janta: Wrap de Kebab de Carne | Lanche: Batata Frita com Queijo e Bacon,1947,94.7,182.3,93.5
mp_104,Hipertrofia - 2200 kcal,omnivore,4,6,Café da manhã: Pão Integral com Pasta de Amendoim e Geleia | Almoço: Bife de Alcatra com Purê de Batata | Janta: Wrap de Kebab de Carne | Lanche: Batata Frita com Queijo e Bacon,1947,94.7,182.3,93.5
mp_104,Hipertrofia - 2200 kcal,omnivore,4,7,Café da manhã: Pão Integral com Pasta de Amendoim e Geleia | Almoço: Bife de Alcatra com Purê de Batata | Janta: Wrap de Kebab de Carne | Lanche: Batata Frita com Queijo e Bacon,1947,94.7,182.3,93.5
mp_105,Emagrecimento - 1200 kcal,pescetarian,4,1,Café da manhã: Ovo Cozido com Batata Doce Amassada | Almoço: Wrap Frio de Atum Rápido | Janta: Sopa Creme de Ervilha | Lanche: Batido Hipercalórico (Mass Gainer Caseiro),1235,74.0,160,30.5
mp_105,Emagrecimento - 1200 kcal,pescetarian,4,2,Café da manhã: Ovo Cozido com Batata Doce Amassada | Almoço: Wrap Frio de Atum Rápido | Janta: Sopa Creme de Ervilha | Lanche: Batido Hipercalórico (Mass Gainer Caseiro),1235,74.0,160,30.5
mp_105,Emagrecimento - 1200 kcal,pescetarian,4,3,Café da manhã: Ovo Cozido com Batata Doce Amassada | Almoço: Wrap Frio de Atum Rápido | Janta: Sopa Creme de Ervilha | Lanche: Batido Hipercalórico (Mass Gainer Caseiro),1235,74.0,160,30.5
mp_105,Emagrecimento - 1200 kcal,pescetarian,4,4,Café da manhã: Ovo Cozido com Batata Doce Amassada | Almoço: Wrap Frio de Atum Rápido | Janta: Sopa Creme de Ervilha | Lanche: Batido Hipercalórico (Mass Gainer Caseiro),1235,74.0,160,30.5
mp_105,Emagrecimento - 1200 kcal,pescetarian,4,5,Café da manhã: Ovo Cozido com Batata Doce Amassada | Almoço: Wrap Frio de Atum Rápido | Janta: Sopa Creme de Ervilha | Lanche: Batido Hipercalórico (Mass Gainer Caseiro),1235,74.0,160,30.5
mp_105,Emagrecimento - 1200 kcal,pescetarian,4,6,Café da manhã: Ovo Cozido com Batata Doce Amassada | Almoço: Wrap Frio de Atum Rápido | Janta: Sopa Creme de Ervilha | Lanche: Batido Hipercalórico (Mass Gainer Caseiro),1235,74.0,160,30.5
mp_105,Emagrecimento - 1200 kcal,pescetarian,4,7,Café da manhã: Ovo Cozido com Batata Doce Amassada | Almoço: Wrap Frio de Atum Rápido | Janta: Sopa Creme de Ervilha | Lanche: Batido Hipercalórico (Mass Gainer Caseiro),1235,74.0,160,30.5
mp_106,Emagrecimento - 1800 kcal,omnivore,6,1,Café da manhã: Tapioca de Frango com Requeijão Light | Lanche: Bolo de Chocolate de Microondas Fit | Almoço: Cuscuz Marroquino com Grão-de-Bico | Lanche: Bolo de Chocolate de Microondas Fit | Janta: Atum com Legumes no Vapor | Lanche: Bolo de Chocolate de Microondas Fit,1626,105.5,184.7,46.2
mp_106,Emagrecimento - 1800 kcal,omnivore,6,2,Café da manhã: Tapioca de Frango com Requeijão Light | Lanche: Bolo de Chocolate de Microondas Fit | Almoço: Cuscuz Marroquino com Grão-de-Bico | Lanche: Bolo de Chocolate de Microondas Fit | Janta: Atum com Legumes no Vapor | Lanche: Bolo de Chocolate de Microondas Fit,1626,105.5,184.7,46.2
mp_106,Emagrecimento - 1800 kcal,omnivore,6,3,Café da manhã: Tapioca de Frango com Requeijão Light | Lanche: Bolo de Chocolate de Microondas Fit | Almoço: Cuscuz Marroquino com Grão-de-Bico | Lanche: Bolo de Chocolate de Microondas Fit | Janta: Atum com Legumes no Vapor | Lanche: Bolo de Chocolate de Microondas Fit,1626,105.5,184.7,46.2
mp_106,Emagrecimento - 1800 kcal,omnivore,6,4,Café da manhã: Tapioca de Frango com Requeijão Light | Lanche: Bolo de Chocolate de Microondas Fit | Almoço: Cuscuz Marroquino com Grão-de-Bico | Lanche: Bolo de Chocolate de Microondas Fit | Janta: Atum com Legumes no Vapor | Lanche: Bolo de Chocolate de Microondas Fit,1626,105.5,184.7,46.2
mp_106,Emagrecimento - 1800 kcal,omnivore,6,5,Café da manhã: Tapioca de Frango com Requeijão Light | Lanche: Bolo de Chocolate de Microondas Fit | Almoço: Cuscuz Marroquino com Grão-de-Bico | Lanche: Bolo de Chocolate de Microondas Fit | Janta: Atum com Legumes no Vapor | Lanche: Bolo de Chocolate de Microondas Fit,1626,105.5,184.7,46.2
mp_106,Emagrecimento - 1800 kcal,omnivore,6,6,Café da manhã: Tapioca de Frango com Requeijão Light | Lanche: Bolo de Chocolate de Microondas Fit | Almoço: Cuscuz Marroquino com Grão-de-Bico | Lanche: Bolo de Chocolate de Microondas Fit | Janta: Atum com Legumes no Vapor | Lanche: Bolo de Chocolate de Microondas Fit,1626,105.5,184.7,46.2
mp_106,Emagrecimento - 1800 kcal,omnivore,6,7,Café da manhã: Tapioca de Frango com Requeijão Light | Lanche: Bolo de Chocolate de Microondas Fit | Almoço: Cuscuz Marroquino com Grão-de-Bico | Lanche: Bolo de Chocolate de Microondas Fit | Janta: Atum com Legumes no Vapor | Lanche: Bolo de Chocolate de Microondas Fit,1626,105.5,184.7,46.2
mp_107,Manutenção - 2000 kcal,omnivore,6,1,Café da manhã: Pão Integral com Pasta de Amendoim e Geleia | Lanche: Batido de Morango e Pasta de Amendoim | Almoço: Strogonoff de Carne Saudável | Lanche: Batido de Morango e Pasta de Amendoim | Janta: Panqueca de Frango Desfiado | Lanche: Batido de Morango e Pasta de Amendoim,1972,108.1,170.3,95
mp_107,Manutenção - 2000 kcal,omnivore,6,2,Café da manhã: Pão Integral com Pasta de Amendoim e Geleia | Lanche: Batido de Morango e Pasta de Amendoim | Almoço: Strogonoff de Carne Saudável | Lanche: Batido de Morango e Pasta de Amendoim | Janta: Panqueca de Frango Desfiado | Lanche: Batido de Morango e Pasta de Amendoim,1972,108.1,170.3,95
mp_107,Manutenção - 2000 kcal,omnivore,6,3,Café da manhã: Pão Integral com Pasta de Amendoim e Geleia | Lanche: Batido de Morango e Pasta de Amendoim | Almoço: Strogonoff de Carne Saudável | Lanche: Batido de Morango e Pasta de Amendoim | Janta: Panqueca de Frango Desfiado | Lanche: Batido de Morango e Pasta de Amendoim,1972,108.1,170.3,95
mp_107,Manutenção - 2000 kcal,omnivore,6,4,Café da manhã: Pão Integral com Pasta de Amendoim e Geleia | Lanche: Batido de Morango e Pasta de Amendoim | Almoço: Strogonoff de Carne Saudável | Lanche: Batido de Morango e Pasta de Amendoim | Janta: Panqueca de Frango Desfiado | Lanche: Batido de Morango e Pasta de Amendoim,1972,108.1,170.3,95
mp_107,Manutenção - 2000 kcal,omnivore,6,5,Café da manhã: Pão Integral com Pasta de Amendoim e Geleia | Lanche: Batido de Morango e Pasta de Amendoim | Almoço: Strogonoff de Carne Saudável | Lanche: Batido de Morango e Pasta de Amendoim | Janta: Panqueca de Frango Desfiado | Lanche: Batido de Morango e Pasta de Amendoim,1972,108.1,170.3,95
mp_107,Manutenção - 2000 kcal,omnivore,6,6,Café da manhã: Pão Integral com Pasta de Amendoim e Geleia | Lanche: Batido de Morango e Pasta de Amendoim | Almoço: Strogonoff de Carne Saudável | Lanche: Batido de Morango e Pasta de Amendoim | Janta: Panqueca de Frango Desfiado | Lanche: Batido de Morango e Pasta de Amendoim,1972,108.1,170.3,95
mp_107,Manutenção - 2000 kcal,omnivore,6,7,Café da manhã: Pão Integral com Pasta de Amendoim e Geleia | Lanche: Batido de Morango e Pasta de Amendoim | Almoço: Strogonoff de Carne Saudável | Lanche: Batido de Morango e Pasta de Amendoim | Janta: Panqueca de Frango Desfiado | Lanche: Batido de Morango e Pasta de Amendoim,1972,108.1,170.3,95
mp_108,Emagrecimento - 1400 kcal,omnivore,6,1,Café da manhã: Avocado Toast com Ovo (Pão com Abacate) | Lanche: Brigadeiro de Colher (Sem Açúcar) | Almoço: Frango Desfiado com Tapioca | Lanche: Brigadeiro de Colher (Sem Açúcar) | Janta: Sopa de Ervilha com Bacon de Peru | Lanche: Brigadeiro de Colher (Sem Açúcar),1392.5,75.0,131.7,61.8
mp_108,Emagrecimento - 1400 kcal,omnivore,6,2,Café da manhã: Avocado Toast com Ovo (Pão com Abacate) | Lanche: Brigadeiro de Colher (Sem Açúcar) | Almoço: Frango Desfiado com Tapioca | Lanche: Brigadeiro de Colher (Sem Açúcar) | Janta: Sopa de Ervilha com Bacon de Peru | Lanche: Brigadeiro de Colher (Sem Açúcar),1392.5,75.0,131.7,61.8
mp_108,Emagrecimento - 1400 kcal,omnivore,6,3,Café da manhã: Avocado Toast com Ovo (Pão com Abacate) | Lanche: Brigadeiro de Colher (Sem Açúcar) | Almoço: Frango Desfiado com Tapioca | Lanche: Brigadeiro de Colher (Sem Açúcar) | Janta: Sopa de Ervilha com Bacon de Peru | Lanche: Brigadeiro de Colher (Sem Açúcar),1392.5,75.0,131.7,61.8
mp_108,Emagrecimento - 1400 kcal,omnivore,6,4,Café da manhã: Avocado Toast com Ovo (Pão com Abacate) | Lanche: Brigadeiro de Colher (Sem Açúcar) | Almoço: Frango Desfiado com Tapioca | Lanche: Brigadeiro de Colher (Sem Açúcar) | Janta: Sopa de Ervilha com Bacon de Peru | Lanche: Brigadeiro de Colher (Sem Açúcar),1392.5,75.0,131.7,61.8
mp_108,Emagrecimento - 1400 kcal,omnivore,6,5,Café da manhã: Avocado Toast com Ovo (Pão com Abacate) | Lanche: Brigadeiro de Colher (Sem Açúcar) | Almoço: Frango Desfiado com Tapioca | Lanche: Brigadeiro de Colher (Sem Açúcar) | Janta: Sopa de Ervilha com Bacon de Peru | Lanche: Brigadeiro de Colher (Sem Açúcar),1392.5,75.0,131.7,61.8
mp_108,Emagrecimento - 1400 kcal,omnivore,6,6,Café da manhã: Avocado Toast com Ovo (Pão com Abacate) | Lanche: Brigadeiro de Colher (Sem Açúcar) | Almoço: Frango Desfiado com Tapioca | Lanche: Brigadeiro de Colher (Sem Açúcar) | Janta: Sopa de Ervilha com Bacon de Peru | Lanche: Brigadeiro de Colher (Sem Açúcar),1392.5,75.0,131.7,61.8
mp_108,Emagrecimento - 1400 kcal,omnivore,6,7,Café da manhã: Avocado Toast com Ovo (Pão com Abacate) | Lanche: Brigadeiro de Colher (Sem Açúcar) | Almoço: Frango Desfiado com Tapioca | Lanche: Brigadeiro de Colher (Sem Açúcar) | Janta: Sopa de Ervilha com Bacon de Peru | Lanche: Brigadeiro de Colher (Sem Açúcar),1392.5,75.0,131.7,61.8
mp_109,Hipertrofia - 2200 kcal,omnivore,6,1,Café da manhã: Pão Integral com Pasta de Amendoim e Geleia | Lanche: Batido de Abacate Proteico | Almoço: Bife de Alcatra com Purê de Batata | Lanche: Sanduíche de Pasta de Amendoim Quente | Janta: Filé de Pescada com Brócolis | Lanche: Batido de Abacate Proteico,1978,141.4,149.9,94.3
mp_109,Hipertrofia - 2200 kcal,omnivore,6,2,Café da manhã: Pão Integral com Pasta de Amendoim e Geleia | Lanche: Batido de Abacate Proteico | Almoço: Bife de Alcatra com Purê de Batata | Lanche: Sanduíche de Pasta de Amendoim Quente | Janta: Filé de Pescada com Brócolis | Lanche: Batido de Abacate Proteico,1978,141.4,149.9,94.3
mp_109,Hipertrofia - 2200 kcal,omnivore,6,3,Café da manhã: Pão Integral com Pasta de Amendoim e Geleia | Lanche: Batido de Abacate Proteico | Almoço: Bife de Alcatra com Purê de Batata | Lanche: Sanduíche de Pasta de Amendoim Quente | Janta: Filé de Pescada com Brócolis | Lanche: Batido de Abacate Proteico,1978,141.4,149.9,94.3
mp_109,Hipertrofia - 2200 kcal,omnivore,6,4,Café da manhã: Pão Integral com Pasta de Amendoim e Geleia | Lanche: Batido de Abacate Proteico | Almoço: Bife de Alcatra com Purê de Batata | Lanche: Sanduíche de Pasta de Amendoim Quente | Janta: Filé de Pescada com Brócolis | Lanche: Batido de Abacate Proteico,1978,141.4,149.9,94.3
mp_109,Hipertrofia - 2200 kcal,omnivore,6,5,Café da manhã: Pão Integral com Pasta de Amendoim e Geleia | Lanche: Batido de Abacate Proteico | Almoço: Bife de Alcatra com Purê de Batata | Lanche: Sanduíche de Pasta de Amendoim Quente | Janta: Filé de Pescada com Brócolis | Lanche: Batido de Abacate Proteico,1978,141.4,149.9,94.3
mp_109,Hipertrofia - 2200 kcal,omnivore,6,6,Café da manhã: Pão Integral com Pasta de Amendoim e Geleia | Lanche: Batido de Abacate Proteico | Almoço: Bife de Alcatra com Purê de Batata | Lanche: Sanduíche de Pasta de Amendoim Quente | Janta: Filé de Pescada com Brócolis | Lanche: Batido de Abacate Proteico,1978,141.4,149.9,94.3
mp_109,Hipertrofia - 2200 kcal,omnivore,6,7,Café da manhã: Pão Integral com Pasta de Amendoim e Geleia | Lanche: Batido de Abacate Proteico | Almoço: Bife de Alcatra com Purê de Batata | Lanche: Sanduíche de Pasta de Amendoim Quente | Janta: Filé de Pescada com Brócolis | Lanche: Batido de Abacate Proteico,1978,141.4,149.9,94.3
mp_110,Hipertrofia - 3000 kcal,omnivore,6,1,Café da manhã: Pão Integral com Pasta de Amendoim e Geleia | Lanche: Tapioca Doce de Amendoim e Morango | Almoço: Bife de Patinho com Arroz Integral | Lanche: Batata Frita com Queijo e Bacon | Janta: Taco Mexicano Completo | Lanche: Tapioca Doce de Amendoim e Morango,2538,100.7,274.3,116.5
mp_110,Hipertrofia - 3000 kcal,omnivore,6,2,Café da manhã: Pão Integral com Pasta de Amendoim e Geleia | Lanche: Tapioca Doce de Amendoim e Morango | Almoço: Bife de Patinho com Arroz Integral | Lanche: Batata Frita com Queijo e Bacon | Janta: Taco Mexicano Completo | Lanche: Tapioca Doce de Amendoim e Morango,2538,100.7,274.3,116.5
mp_110,Hipertrofia - 3000 kcal,omnivore,6,3,Café da manhã: Pão Integral com Pasta de Amendoim e Geleia | Lanche: Tapioca Doce de Amendoim e Morango | Almoço: Bife de Patinho com Arroz Integral | Lanche: Batata Frita com Queijo e Bacon | Janta: Taco Mexicano Completo | Lanche: Tapioca Doce de Amendoim e Morango,2538,100.7,274.3,116.5
mp_110,Hipertrofia - 3000 kcal,omnivore,6,4,Café da manhã: Pão Integral com Pasta de Amendoim e Geleia | Lanche: Tapioca Doce de Amendoim e Morango | Almoço: Bife de Patinho com Arroz Integral | Lanche: Batata Frita com Queijo e Bacon | Janta: Taco Mexicano Completo | Lanche: Tapioca Doce de Amendoim e Morango,2538,100.7,274.3,116.5
mp_110,Hipertrofia - 3000 kcal,omnivore,6,5,Café da manhã: Pão Integral com Pasta de Amendoim e Geleia | Lanche: Tapioca Doce de Amendoim e Morango | Almoço: Bife de Patinho com Arroz Integral | Lanche: Batata Frita com Queijo e Bacon | Janta: Taco Mexicano Completo | Lanche: Tapioca Doce de Amendoim e Morango,2538,100.7,274.3,116.5
mp_110,Hipertrofia - 3000 kcal,omnivore,6,6,Café da manhã: Pão Integral com Pasta de Amendoim e Geleia | Lanche: Tapioca Doce de Amendoim e Morango | Almoço: Bife de Patinho com Arroz Integral | Lanche: Batata Frita com Queijo e Bacon | Janta: Taco Mexicano Completo | Lanche: Tapioca Doce de Amendoim e Morango,2538,100.7,274.3,116.5
mp_110,Hipertrofia - 3000 kcal,omnivore,6,7,Café da manhã: Pão Integral com Pasta de Amendoim e Geleia | Lanche: Tapioca Doce de Amendoim e Morango | Almoço: Bife de Patinho com Arroz Integral | Lanche: Batata Frita com Queijo e Bacon | Janta: Taco Mexicano Completo | Lanche: Tapioca Doce de Amendoim e Morango,2538,100.7,274.3,116.5
mp_111,Hipertrofia - 2200 kcal,omnivore,6,1,Café da manhã: Omelete de Presunto e Queijo | Lanche: Pizza de Frigideira Low Carb | Almoço: Bife de Alcatra com Purê de Batata | Lanche: Batido de Abacate Proteico | Janta: Escondidinho Vegano de Grão-de-Bico | Lanche: Batido de Abacate Proteico,2045,143.0,130.0,106.5
mp_111,Hipertrofia - 2200 kcal,omnivore,6,2,Café da manhã: Omelete de Presunto e Queijo | Lanche: Pizza de Frigideira Low Carb | Almoço: Bife de Alcatra com Purê de Batata | Lanche: Batido de Abacate Proteico | Janta: Escondidinho Vegano de Grão-de-Bico | Lanche: Batido de Abacate Proteico,2045,143.0,130.0,106.5
mp_111,Hipertrofia - 2200 kcal,omnivore,6,3,Café da manhã: Omelete de Presunto e Queijo | Lanche: Pizza de Frigideira Low Carb | Almoço: Bife de Alcatra com Purê de Batata | Lanche: Batido de Abacate Proteico | Janta: Escondidinho Vegano de Grão-de-Bico | Lanche: Batido de Abacate Proteico,2045,143.0,130.0,106.5
mp_111,Hipertrofia - 2200 kcal,omnivore,6,4,Café da manhã: Omelete de Presunto e Queijo | Lanche: Pizza de Frigideira Low Carb | Almoço: Bife de Alcatra com Purê de Batata | Lanche: Batido de Abacate Proteico | Janta: Escondidinho Vegano de Grão-de-Bico | Lanche: Batido de Abacate Proteico,2045,143.0,130.0,106.5
mp_111,Hipertrofia - 2200 kcal,omnivore,6,5,Café da manhã: Omelete de Presunto e Queijo | Lanche: Pizza de Frigideira Low Carb | Almoço: Bife de Alcatra com Purê de Batata | Lanche: Batido de Abacate Proteico | Janta: Escondidinho Vegano de Grão-de-Bico | Lanche: Batido de Abacate Proteico,2045,143.0,130.0,106.5
mp_111,Hipertrofia - 2200 kcal,omnivore,6,6,Café da manhã: Omelete de Presunto e Queijo | Lanche: Pizza de Frigideira Low Carb | Almoço: Bife de Alcatra com Purê de Batata | Lanche: Batido de Abacate Proteico | Janta: Escondidinho Vegano de Grão-de-Bico | Lanche: Batido de Abacate Proteico,2045,143.0,130.0,106.5
mp_111,Hipertrofia - 2200 kcal,omnivore,6,7,Café da manhã: Omelete de Presunto e Queijo | Lanche: Pizza de Frigideira Low Carb | Almoço: Bife de Alcatra com Purê de Batata | Lanche: Batido de Abacate Proteico | Janta: Escondidinho Vegano de Grão-de-Bico | Lanche: Batido de Abacate Proteico,2045,143.0,130.0,106.5
mp_112,Emagrecimento - 1600 kcal,omnivore,4,1,Café da manhã: Mingau de Aveia com Banana | Almoço: Bife de Patinho com Arroz Integral | Janta: Almôndegas Caseiras de Patinho | Lanche: Batata Frita com Queijo e Bacon,1701.6,97.7,175.3,66.2
mp_112,Emagrecimento - 1600 kcal,omnivore,4,2,Café da manhã: Mingau de Aveia com Banana | Almoço: Bife de Patinho com Arroz Integral | Janta: Almôndegas Caseiras de Patinho | Lanche: Batata Frita com Queijo e Bacon,1701.6,97.7,175.3,66.2
mp_112,Emagrecimento - 1600 kcal,omnivore,4,3,Café da manhã: Mingau de Aveia com Banana | Almoço: Bife de Patinho com Arroz Integral | Janta: Almôndegas Caseiras de Patinho | Lanche: Batata Frita com Queijo e Bacon,1701.6,97.7,175.3,66.2
mp_112,Emagrecimento - 1600 kcal,omnivore,4,4,Café da manhã: Mingau de Aveia com Banana | Almoço: Bife de Patinho com Arroz Integral | Janta: Almôndegas Caseiras de Patinho | Lanche: Batata Frita com Queijo e Bacon,1701.6,97.7,175.3,66.2
mp_112,Emagrecimento - 1600 kcal,omnivore,4,5,Café da manhã: Mingau de Aveia com Banana | Almoço: Bife de Patinho com Arroz Integral | Janta: Almôndegas Caseiras de Patinho | Lanche: Batata Frita com Queijo e Bacon,1701.6,97.7,175.3,66.2
mp_112,Emagrecimento - 1600 kcal,omnivore,4,6,Café da manhã: Mingau de Aveia com Banana | Almoço: Bife de Patinho com Arroz Integral | Janta: Almôndegas Caseiras de Patinho | Lanche: Batata Frita com Queijo e Bacon,1701.6,97.7,175.3,66.2
mp_112,Emagrecimento - 1600 kcal,omnivore,4,7,Café da manhã: Mingau de Aveia com Banana | Almoço: Bife de Patinho com Arroz Integral | Janta: Almôndegas Caseiras de Patinho | Lanche: Batata Frita com Queijo e Bacon,1701.6,97.7,175.3,66.2
mp_113,Manutenção - 2000 kcal,omnivore,5,1,Café da manhã: Pão Integral com Pasta de Amendoim e Geleia | Lanche: Tapioca Doce de Amendoim e Morango | Almoço: Strogonoff de Carne Saudável | Lanche: Tapioca Doce de Amendoim e Morango | Janta: Frango ao Curry com Leite de Coco,1866,93.6,171.3,88.5
mp_113,Manutenção - 2000 kcal,omnivore,5,2,Café da manhã: Pão Integral com Pasta de Amendoim e Geleia | Lanche: Tapioca Doce de Amendoim e Morango | Almoço: Strogonoff de Carne Saudável | Lanche: Tapioca Doce de Amendoim e Morango | Janta: Frango ao Curry com Leite de Coco,1866,93.6,171.3,88.5
mp_113,Manutenção - 2000 kcal,omnivore,5,3,Café da manhã: Pão Integral com Pasta de Amendoim e Geleia | Lanche: Tapioca Doce de Amendoim e Morango | Almoço: Strogonoff de Carne Saudável | Lanche: Tapioca Doce de Amendoim e Morango | Janta: Frango ao Curry com Leite de Coco,1866,93.6,171.3,88.5
mp_113,Manutenção - 2000 kcal,omnivore,5,4,Café da manhã: Pão Integral com Pasta de Amendoim e Geleia | Lanche: Tapioca Doce de Amendoim e Morango | Almoço: Strogonoff de Carne Saudável | Lanche: Tapioca Doce de Amendoim e Morango | Janta: Frango ao Curry com Leite de Coco,1866,93.6,171.3,88.5
mp_113,Manutenção - 2000 kcal,omnivore,5,5,Café da manhã: Pão Integral com Pasta de Amendoim e Geleia | Lanche: Tapioca Doce de Amendoim e Morango | Almoço: Strogonoff de Carne Saudável | Lanche: Tapioca Doce de Amendoim e Morango | Janta: Frango ao Curry com Leite de Coco,1866,93.6,171.3,88.5
mp_113,Manutenção - 2000 kcal,omnivore,5,6,Café da manhã: Pão Integral com Pasta de Amendoim e Geleia | Lanche: Tapioca Doce de Amendoim e Morango | Almoço: Strogonoff de Carne Saudável | Lanche: Tapioca Doce de Amendoim e Morango | Janta: Frango ao Curry com Leite de Coco,1866,93.6,171.3,88.5
mp_113,Manutenção - 2000 kcal,omnivore,5,7,Café da manhã: Pão Integral com Pasta de Amendoim e Geleia | Lanche: Tapioca Doce de Amendoim e Morango | Almoço: Strogonoff de Carne Saudável | Lanche: Tapioca Doce de Amendoim e Morango | Janta: Frango ao Curry com Leite de Coco,1866,93.6,171.3,88.5
mp_114,Manutenção - 1800 kcal,omnivore,6,1,Café da manhã: Tapioca de Frango com Requeijão Light | Lanche: Bolo de Chocolate de Microondas Fit | Almoço: Cuscuz Marroquino com Grão-de-Bico | Lanche: Bolo de Chocolate de Microondas Fit | Janta: Sopa de Ervilha com Bacon de Peru | Lanche: Bolo de Chocolate de Microondas Fit,1691,95.5,207.7,47.7
mp_114,Manutenção - 1800 kcal,omnivore,6,2,Café da manhã: Tapioca de Frango com Requeijão Light | Lanche: Bolo de Chocolate de Microondas Fit | Almoço: Cuscuz Marroquino com Grão-de-Bico | Lanche: Bolo de Chocolate de Microondas Fit | Janta: Sopa de Ervilha com Bacon de Peru | Lanche: Bolo de Chocolate de Microondas Fit,1691,95.5,207.7,47.7
mp_114,Manutenção - 1800 kcal,omnivore,6,3,Café da manhã: Tapioca de Frango com Requeijão Light | Lanche: Bolo de Chocolate de Microondas Fit | Almoço: Cuscuz Marroquino com Grão-de-Bico | Lanche: Bolo de Chocolate de Microondas Fit | Janta: Sopa de Ervilha com Bacon de Peru | Lanche: Bolo de Chocolate de Microondas Fit,1691,95.5,207.7,47.7
mp_114,Manutenção - 1800 kcal,omnivore,6,4,Café da manhã: Tapioca de Frango com Requeijão Light | Lanche: Bolo de Chocolate de Microondas Fit | Almoço: Cuscuz Marroquino com Grão-de-Bico | Lanche: Bolo de Chocolate de Microondas Fit | Janta: Sopa de Ervilha com Bacon de Peru | Lanche: Bolo de Chocolate de Microondas Fit,1691,95.5,207.7,47.7
mp_114,Manutenção - 1800 kcal,omnivore,6,5,Café da manhã: Tapioca de Frango com Requeijão Light | Lanche: Bolo de Chocolate de Microondas Fit | Almoço: Cuscuz Marroquino com Grão-de-Bico | Lanche: Bolo de Chocolate de Microondas Fit | Janta: Sopa de Ervilha com Bacon de Peru | Lanche: Bolo de Chocolate de Microondas Fit,1691,95.5,207.7,47.7
mp_114,Manutenção - 1800 kcal,omnivore,6,6,Café da manhã: Tapioca de Frango com Requeijão Light | Lanche: Bolo de Chocolate de Microondas Fit | Almoço: Cuscuz Marroquino com Grão-de-Bico | Lanche: Bolo de Chocolate de Microondas Fit | Janta: Sopa de Ervilha com Bacon de Peru | Lanche: Bolo de Chocolate de Microondas Fit,1691,95.5,207.7,47.7
mp_114,Manutenção - 1800 kcal,omnivore,6,7,Café da manhã: Tapioca de Frango com Requeijão Light | Lanche: Bolo de Chocolate de Microondas Fit | Almoço: Cuscuz Marroquino com Grão-de-Bico | Lanche: Bolo de Chocolate de Microondas Fit | Janta: Sopa de Ervilha com Bacon de Peru | Lanche: Bolo de Chocolate de Microondas Fit,1691,95.5,207.7,47.7
mp_115,Manutenção - 2200 kcal,omnivore,4,1,Café da manhã: Pão Integral com Pasta de Amendoim e Geleia | Almoço: Prato Feito Turbinado (Ovo e Fritas) | Janta: Panqueca de Frango Desfiado | Lanche: Batata Frita com Queijo e Bacon,2165,98.1,222.3,99.6
mp_115,Manutenção - 2200 kcal,omnivore,4,2,Café da manhã: Pão Integral com Pasta de Amendoim e Geleia | Almoço: Prato Feito Turbinado (Ovo e Fritas) | Janta: Panqueca de Frango Desfiado | Lanche: Batata Frita com Queijo e Bacon,2165,98.1,222.3,99.6
mp_115,Manutenção - 2200 kcal,omnivore,4,3,Café da manhã: Pão Integral com Pasta de Amendoim e Geleia | Almoço: Prato Feito Turbinado (Ovo e Fritas) | Janta: Panqueca de Frango Desfiado | Lanche: Batata Frita com Queijo e Bacon,2165,98.1,222.3,99.6
mp_115,Manutenção - 2200 kcal,omnivore,4,4,Café da manhã: Pão Integral com Pasta de Amendoim e Geleia | Almoço: Prato Feito Turbinado (Ovo e Fritas) | Janta: Panqueca de Frango Desfiado | Lanche: Batata Frita com Queijo e Bacon,2165,98.1,222.3,99.6
mp_115,Manutenção - 2200 kcal,omnivore,4,5,Café da manhã: Pão Integral com Pasta de Amendoim e Geleia | Almoço: Prato Feito Turbinado (Ovo e Fritas) | Janta: Panqueca de Frango Desfiado | Lanche: Batata Frita com Queijo e Bacon,2165,98.1,222.3,99.6
mp_115,Manutenção - 2200 kcal,omnivore,4,6,Café da manhã: Pão Integral com Pasta de Amendoim e Geleia | Almoço: Prato Feito Turbinado (Ovo e Fritas) | Janta: Panqueca de Frango Desfiado | Lanche: Batata Frita com Queijo e Bacon,2165,98.1,222.3,99.6
mp_115,Manutenção - 2200 kcal,omnivore,4,7,Café da manhã: Pão Integral com Pasta de Amendoim e Geleia | Almoço: Prato Feito Turbinado (Ovo e Fritas) | Janta: Panqueca de Frango Desfiado | Lanche: Batata Frita com Queijo e Bacon,2165,98.1,222.3,99.6
mp_116,Emagrecimento - 1400 kcal,omnivore,3,1,Café da manhã: Tapioca de Frango com Requeijão Light | Almoço: Rolo de Carne Moída Recheado | Janta: Taco Mexicano Completo,1269,93,91.2,55.2
mp_116,Emagrecimento - 1400 kcal,omnivore,3,2,Café da manhã: Tapioca de Frango com Requeijão Light | Almoço: Rolo de Carne Moída Recheado | Janta: Taco Mexicano Completo,1269,93,91.2,55.2
mp_116,Emagrecimento - 1400 kcal,omnivore,3,3,Café da manhã: Tapioca de Frango com Requeijão Light | Almoço: Rolo de Carne Moída Recheado | Janta: Taco Mexicano Completo,1269,93,91.2,55.2
mp_116,Emagrecimento - 1400 kcal,omnivore,3,4,Café da manhã: Tapioca de Frango com Requeijão Light | Almoço: Rolo de Carne Moída Recheado | Janta: Taco Mexicano Completo,1269,93,91.2,55.2
mp_116,Emagrecimento - 1400 kcal,omnivore,3,5,Café da manhã: Tapioca de Frango com Requeijão Light | Almoço: Rolo de Carne Moída Recheado | Janta: Taco Mexicano Completo,1269,93,91.2,55.2
mp_116,Emagrecimento - 1400 kcal,omnivore,3,6,Café da manhã: Tapioca de Frango com Requeijão Light | Almoço: Rolo de Carne Moída Recheado | Janta: Taco Mexicano Completo,1269,93,91.2,55.2
mp_116,Emagrecimento - 1400 kcal,omnivore,3,7,Café da manhã: Tapioca de Frango com Requeijão Light | Almoço: Rolo de Carne Moída Recheado | Janta: Taco Mexicano Completo,1269,93,91.2,55.2
mp_117,Emagrecimento - 1400 kcal,omnivore,3,1,Café da manhã: Tapioca de Frango com Requeijão Light | Almoço: Escondidinho de Batata Doce e Carne | Janta: Taco Mexicano Completo,1229,83.5,127.7,40.2
mp_117,Emagrecimento - 1400 kcal,omnivore,3,2,Café da manhã: Tapioca de Frango com Requeijão Light | Almoço: Escondidinho de Batata Doce e Carne | Janta: Taco Mexicano Completo,1229,83.5,127.7,40.2
mp_117,Emagrecimento - 1400 kcal,omnivore,3,3,Café da manhã: Tapioca de Frango com Requeijão Light | Almoço: Escondidinho de Batata Doce e Carne | Janta: Taco Mexicano Completo,1229,83.5,127.7,40.2
mp_117,Emagrecimento - 1400 kcal,omnivore,3,4,Café da manhã: Tapioca de Frango com Requeijão Light | Almoço: Escondidinho de Batata Doce e Carne | Janta: Taco Mexicano Completo,1229,83.5,127.7,40.2
mp_117,Emagrecimento - 1400 kcal,omnivore,3,5,Café da manhã: Tapioca de Frango com Requeijão Light | Almoço: Escondidinho de Batata Doce e Carne | Janta: Taco Mexicano Completo,1229,83.5,127.7,40.2
mp_117,Emagrecimento - 1400 kcal,omnivore,3,6,Café da manhã: Tapioca de Frango com Requeijão Light | Almoço: Escondidinho de Batata Doce e Carne | Janta: Taco Mexicano Completo,1229,83.5,127.7,40.2
mp_117,Emagrecimento - 1400 kcal,omnivore,3,7,Café da manhã: Tapioca de Frango com Requeijão Light | Almoço: Escondidinho de Batata Doce e Carne | Janta: Taco Mexicano Completo,1229,83.5,127.7,40.2
mp_118,Emagrecimento - 1600 kcal,omnivore,3,1,Café da manhã: Tapioca de Frango com Requeijão Light | Almoço: Macarrão com Queijo Clássico (Mac & Cheese) | Janta: Hambúrguer Caseiro com Bacon,1357,83,118.7,55.2
mp_118,Emagrecimento - 1600 kcal,omnivore,3,2,Café da manhã: Tapioca de Frango com Requeijão Light | Almoço: Macarrão com Queijo Clássico (Mac & Cheese) | Janta: Hambúrguer Caseiro com Bacon,1357,83,118.7,55.2
mp_118,Emagrecimento - 1600 kcal,omnivore,3,3,Café da manhã: Tapioca de Frango com Requeijão Light | Almoço: Macarrão com Queijo Clássico (Mac & Cheese) | Janta: Hambúrguer Caseiro com Bacon,1357,83,118.7,55.2
mp_118,Emagrecimento - 1600 kcal,omnivore,3,4,Café da manhã: Tapioca de Frango com Requeijão Light | Almoço: Macarrão com Queijo Clássico (Mac & Cheese) | Janta: Hambúrguer Caseiro com Bacon,1357,83,118.7,55.2
mp_118,Emagrecimento - 1600 kcal,omnivore,3,5,Café da manhã: Tapioca de Frango com Requeijão Light | Almoço: Macarrão com Queijo Clássico (Mac & Cheese) | Janta: Hambúrguer Caseiro com Bacon,1357,83,118.7,55.2
mp_118,Emagrecimento - 1600 kcal,omnivore,3,6,Café da manhã: Tapioca de Frango com Requeijão Light | Almoço: Macarrão com Queijo Clássico (Mac & Cheese) | Janta: Hambúrguer Caseiro com Bacon,1357,83,118.7,55.2
mp_118,Emagrecimento - 1600 kcal,omnivore,3,7,Café da manhã: Tapioca de Frango com Requeijão Light | Almoço: Macarrão com Queijo Clássico (Mac & Cheese) | Janta: Hambúrguer Caseiro com Bacon,1357,83,118.7,55.2
mp_119,Emagrecimento - 2200 kcal,omnivore,6,1,"Café da manhã: Pão Integral com Pasta de Amendoim e Geleia | Lanche: Batido de Abacate Proteico | Almoço: Prato Feito (Arroz, Feijão e Bife) | Lanche: Batido de Abacate Proteico | Janta: Escondidinho Vegano de Grão-de-Bico | Lanche: Batido de Abacate Proteico",2123,143.1,182.4,94.8
mp_119,Emagrecimento - 2200 kcal,omnivore,6,2,"Café da manhã: Pão Integral com Pasta de Amendoim e Geleia | Lanche: Batido de Abacate Proteico | Almoço: Prato Feito (Arroz, Feijão e Bife) | Lanche: Batido de Abacate Proteico | Janta: Escondidinho Vegano de Grão-de-Bico | Lanche: Batido de Abacate Proteico",2123,143.1,182.4,94.8
mp_119,Emagrecimento - 2200 kcal,omnivore,6,3,"Café da manhã: Pão Integral com Pasta de Amendoim e Geleia | Lanche: Batido de Abacate Proteico | Almoço: Prato Feito (Arroz, Feijão e Bife) | Lanche: Batido de Abacate Proteico | Janta: Escondidinho Vegano de Grão-de-Bico | Lanche: Batido de Abacate Proteico",2123,143.1,182.4,94.8
mp_119,Emagrecimento - 2200 kcal,omnivore,6,4,"Café da manhã: Pão Integral com Pasta de Amendoim e Geleia | Lanche: Batido de Abacate Proteico | Almoço: Prato Feito (Arroz, Feijão e Bife) | Lanche: Batido de Abacate Proteico | Janta: Escondidinho Vegano de Grão-de-Bico | Lanche: Batido de Abacate Proteico",2123,143.1,182.4,94.8
mp_119,Emagrecimento - 2200 kcal,omnivore,6,5,"Café da manhã: Pão Integral com Pasta de Amendoim e Geleia | Lanche: Batido de Abacate Proteico | Almoço: Prato Feito (Arroz, Feijão e Bife) | Lanche: Batido de Abacate Proteico | Janta: Escondidinho Vegano de Grão-de-Bico | Lanche: Batido de Abacate Proteico",2123,143.1,182.4,94.8
mp_119,Emagrecimento - 2200 kcal,omnivore,6,6,"Café da manhã: Pão Integral com Pasta de Amendoim e Geleia | Lanche: Batido de Abacate Proteico | Almoço: Prato Feito (Arroz, Feijão e Bife) | Lanche: Batido de Abacate Proteico | Janta: Escondidinho Vegano de Grão-de-Bico | Lanche: Batido de Abacate Proteico",2123,143.1,182.4,94.8
mp_119,Emagrecimento - 2200 kcal,omnivore,6,7,"Café da manhã: Pão Integral com Pasta de Amendoim e Geleia | Lanche: Batido de Abacate Proteico | Almoço: Prato Feito (Arroz, Feijão e Bife) | Lanche: Batido de Abacate Proteico | Janta: Escondidinho Vegano de Grão-de-Bico | Lanche: Batido de Abacate Proteico",2123,143.1,182.4,94.8
mp_120,Emagrecimento - 2000 kcal,omnivore,5,1,Café da manhã: Pão Integral com Pasta de Amendoim e Geleia | Lanche: Tapioca Doce de Amendoim e Morango | Almoço: Macarrão com Sardinha e Molho de Tomate | Lanche: Tapioca Doce de Amendoim e Morango | Janta: Panqueca de Frango Desfiado,1886,79.1,220.3,76
mp_120,Emagrecimento - 2000 kcal,omnivore,5,2,Café da manhã: Pão Integral com Pasta de Amendoim e Geleia | Lanche: Tapioca Doce de Amendoim e Morango | Almoço: Macarrão com Sardinha e Molho de Tomate | Lanche: Tapioca Doce de Amendoim e Morango | Janta: Panqueca de Frango Desfiado,1886,79.1,220.3,76
mp_120,Emagrecimento - 2000 kcal,omnivore,5,3,Café da manhã: Pão Integral com Pasta de Amendoim e Geleia | Lanche: Tapioca Doce de Amendoim e Morango | Almoço: Macarrão com Sardinha e Molho de Tomate | Lanche: Tapioca Doce de Amendoim e Morango | Janta: Panqueca de Frango Desfiado,1886,79.1,220.3,76
mp_120,Emagrecimento - 2000 kcal,omnivore,5,4,Café da manhã: Pão Integral com Pasta de Amendoim e Geleia | Lanche: Tapioca Doce de Amendoim e Morango | Almoço: Macarrão com Sardinha e Molho de Tomate | Lanche: Tapioca Doce de Amendoim e Morango | Janta: Panqueca de Frango Desfiado,1886,79.1,220.3,76
mp_120,Emagrecimento - 2000 kcal,omnivore,5,5,Café da manhã: Pão Integral com Pasta de Amendoim e Geleia | Lanche: Tapioca Doce de Amendoim e Morango | Almoço: Macarrão com Sardinha e Molho de Tomate | Lanche: Tapioca Doce de Amendoim e Morango | Janta: Panqueca de Frango Desfiado,1886,79.1,220.3,76
mp_120,Emagrecimento - 2000 kcal,omnivore,5,6,Café da manhã: Pão Integral com Pasta de Amendoim e Geleia | Lanche: Tapioca Doce de Amendoim e Morango | Almoço: Macarrão com Sardinha e Molho de Tomate | Lanche: Tapioca Doce de Amendoim e Morango | Janta: Panqueca de Frango Desfiado,1886,79.1,220.3,76
mp_120,Emagrecimento - 2000 kcal,omnivore,5,7,Café da manhã: Pão Integral com Pasta de Amendoim e Geleia | Lanche: Tapioca Doce de Amendoim e Morango | Almoço: Macarrão com Sardinha e Molho de Tomate | Lanche: Tapioca Doce de Amendoim e Morango | Janta: Panqueca de Frango Desfiado,1886,79.1,220.3,76
mp_121,Manutenção - 2500 kcal,omnivore,5,1,Café da manhã: Pão Integral com Pasta de Amendoim e Geleia | Lanche: Batido Hipercalórico (Mass Gainer Caseiro) | Almoço: Espaguete à Bolonhesa com Parmesão | Lanche: Batido Hipercalórico (Mass Gainer Caseiro) | Janta: Wrap de Kebab de Carne,2415,159.4,260.1,80.7
mp_121,Manutenção - 2500 kcal,omnivore,5,2,Café da manhã: Pão Integral com Pasta de Amendoim e Geleia | Lanche: Batido Hipercalórico (Mass Gainer Caseiro) | Almoço: Espaguete à Bolonhesa com Parmesão | Lanche: Batido Hipercalórico (Mass Gainer Caseiro) | Janta: Wrap de Kebab de Carne,2415,159.4,260.1,80.7
mp_121,Manutenção - 2500 kcal,omnivore,5,3,Café da manhã: Pão Integral com Pasta de Amendoim e Geleia | Lanche: Batido Hipercalórico (Mass Gainer Caseiro) | Almoço: Espaguete à Bolonhesa com Parmesão | Lanche: Batido Hipercalórico (Mass Gainer Caseiro) | Janta: Wrap de Kebab de Carne,2415,159.4,260.1,80.7
mp_121,Manutenção - 2500 kcal,omnivore,5,4,Café da manhã: Pão Integral com Pasta de Amendoim e Geleia | Lanche: Batido Hipercalórico (Mass Gainer Caseiro) | Almoço: Espaguete à Bolonhesa com Parmesão | Lanche: Batido Hipercalórico (Mass Gainer Caseiro) | Janta: Wrap de Kebab de Carne,2415,159.4,260.1,80.7
mp_121,Manutenção - 2500 kcal,omnivore,5,5,Café da manhã: Pão Integral com Pasta de Amendoim e Geleia | Lanche: Batido Hipercalórico (Mass Gainer Caseiro) | Almoço: Espaguete à Bolonhesa com Parmesão | Lanche: Batido Hipercalórico (Mass Gainer Caseiro) | Janta: Wrap de Kebab de Carne,2415,159.4,260.1,80.7
mp_121,Manutenção - 2500 kcal,omnivore,5,6,Café da manhã: Pão Integral com Pasta de Amendoim e Geleia | Lanche: Batido Hipercalórico (Mass Gainer Caseiro) | Almoço: Espaguete à Bolonhesa com Parmesão | Lanche: Batido Hipercalórico (Mass Gainer Caseiro) | Janta: Wrap de Kebab de Carne,2415,159.4,260.1,80.7
mp_121,Manutenção - 2500 kcal,omnivore,5,7,Café da manhã: Pão Integral com Pasta de Amendoim e Geleia | Lanche: Batido Hipercalórico (Mass Gainer Caseiro) | Almoço: Espaguete à Bolonhesa com Parmesão | Lanche: Batido Hipercalórico (Mass Gainer Caseiro) | Janta: Wrap de Kebab de Carne,2415,159.4,260.1,80.7
mp_122,Manutenção - 2500 kcal,omnivore,5,1,Café da manhã: Pão Integral com Pasta de Amendoim e Geleia | Lanche: Batido Hipercalórico (Mass Gainer Caseiro) | Almoço: Macarrão com Queijo Clássico (Mac & Cheese) | Lanche: Batido Hipercalórico (Mass Gainer Caseiro) | Janta: Wrap de Kebab de Carne,2382,132.6,262.3,85.5
mp_122,Manutenção - 2500 kcal,omnivore,5,2,Café da manhã: Pão Integral com Pasta de Amendoim e Geleia | Lanche: Batido Hipercalórico (Mass Gainer Caseiro) | Almoço: Macarrão com Queijo Clássico (Mac & Cheese) | Lanche: Batido Hipercalórico (Mass Gainer Caseiro) | Janta: Wrap de Kebab de Carne,2382,132.6,262.3,85.5
mp_122,Manutenção - 2500 kcal,omnivore,5,3,Café da manhã: Pão Integral com Pasta de Amendoim e Geleia | Lanche: Batido Hipercalórico (Mass Gainer Caseiro) | Almoço: Macarrão com Queijo Clássico (Mac & Cheese) | Lanche: Batido Hipercalórico (Mass Gainer Caseiro) | Janta: Wrap de Kebab de Carne,2382,132.6,262.3,85.5
mp_122,Manutenção - 2500 kcal,omnivore,5,4,Café da manhã: Pão Integral com Pasta de Amendoim e Geleia | Lanche: Batido Hipercalórico (Mass Gainer Caseiro) | Almoço: Macarrão com Queijo Clássico (Mac & Cheese) | Lanche: Batido Hipercalórico (Mass Gainer Caseiro) | Janta: Wrap de Kebab de Carne,2382,132.6,262.3,85.5
mp_122,Manutenção - 2500 kcal,omnivore,5,5,Café da manhã: Pão Integral com Pasta de Amendoim e Geleia | Lanche: Batido Hipercalórico (Mass Gainer Caseiro) | Almoço: Macarrão com Queijo Clássico (Mac & Cheese) | Lanche: Batido Hipercalórico (Mass Gainer Caseiro) | Janta: Wrap de Kebab de Carne,2382,132.6,262.3,85.5
mp_122,Manutenção - 2500 kcal,omnivore,5,6,Café da manhã: Pão Integral com Pasta de Amendoim e Geleia | Lanche: Batido Hipercalórico (Mass Gainer Caseiro) | Almoço: Macarrão com Queijo Clássico (Mac & Cheese) | Lanche: Batido Hipercalórico (Mass Gainer Caseiro) | Janta: Wrap de Kebab de Carne,2382,132.6,262.3,85.5
mp_122,Manutenção - 2500 kcal,omnivore,5,7,Café da manhã: Pão Integral com Pasta de Amendoim e Geleia | Lanche: Batido Hipercalórico (Mass Gainer Caseiro) | Almoço: Macarrão com Queijo Clássico (Mac & Cheese) | Lanche: Batido Hipercalórico (Mass Gainer Caseiro) | Janta: Wrap de Kebab de Carne,2382,132.6,262.3,85.5
mp_123,Hipertrofia - 3200 kcal,omnivore,6,1,Café da manhã: Pão Integral com Pasta de Amendoim e Geleia | Lanche: Tapioca Doce de Amendoim e Morango | Almoço: Macarrão com Queijo Clássico (Mac & Cheese) | Lanche: Tapioca Doce de Amendoim e Morango | Janta: Pizza de Calabresa em Casa | Lanche: Batido Hipercalórico (Mass Gainer Caseiro),2637,103.0,312.9,105.2
mp_123,Hipertrofia - 3200 kcal,omnivore,6,2,Café da manhã: Pão Integral com Pasta de Amendoim e Geleia | Lanche: Tapioca Doce de Amendoim e Morango | Almoço: Macarrão com Queijo Clássico (Mac & Cheese) | Lanche: Tapioca Doce de Amendoim e Morango | Janta: Pizza de Calabresa em Casa | Lanche: Batido Hipercalórico (Mass Gainer Caseiro),2637,103.0,312.9,105.2
mp_123,Hipertrofia - 3200 kcal,omnivore,6,3,Café da manhã: Pão Integral com Pasta de Amendoim e Geleia | Lanche: Tapioca Doce de Amendoim e Morango | Almoço: Macarrão com Queijo Clássico (Mac & Cheese) | Lanche: Tapioca Doce de Amendoim e Morango | Janta: Pizza de Calabresa em Casa | Lanche: Batido Hipercalórico (Mass Gainer Caseiro),2637,103.0,312.9,105.2
mp_123,Hipertrofia - 3200 kcal,omnivore,6,4,Café da manhã: Pão Integral com Pasta de Amendoim e Geleia | Lanche: Tapioca Doce de Amendoim e Morango | Almoço: Macarrão com Queijo Clássico (Mac & Cheese) | Lanche: Tapioca Doce de Amendoim e Morango | Janta: Pizza de Calabresa em Casa | Lanche: Batido Hipercalórico (Mass Gainer Caseiro),2637,103.0,312.9,105.2
mp_123,Hipertrofia - 3200 kcal,omnivore,6,5,Café da manhã: Pão Integral com Pasta de Amendoim e Geleia | Lanche: Tapioca Doce de Amendoim e Morango | Almoço: Macarrão com Queijo Clássico (Mac & Cheese) | Lanche: Tapioca Doce de Amendoim e Morango | Janta: Pizza de Calabresa em Casa | Lanche: Batido Hipercalórico (Mass Gainer Caseiro),2637,103.0,312.9,105.2
mp_123,Hipertrofia - 3200 kcal,omnivore,6,6,Café da manhã: Pão Integral com Pasta de Amendoim e Geleia | Lanche: Tapioca Doce de Amendoim e Morango | Almoço: Macarrão com Queijo Clássico (Mac & Cheese) | Lanche: Tapioca Doce de Amendoim e Morango | Janta: Pizza de Calabresa em Casa | Lanche: Batido Hipercalórico (Mass Gainer Caseiro),2637,103.0,312.9,105.2
mp_123,Hipertrofia - 3200 kcal,omnivore,6,7,Café da manhã: Pão Integral com Pasta de Amendoim e Geleia | Lanche: Tapioca Doce de Amendoim e Morango | Almoço: Macarrão com Queijo Clássico (Mac & Cheese) | Lanche: Tapioca Doce de Amendoim e Morango | Janta: Pizza de Calabresa em Casa | Lanche: Batido Hipercalórico (Mass Gainer Caseiro),2637,103.0,312.9,105.2
mp_124,Hipertrofia - 2500 kcal,omnivore,5,1,Café da manhã: Pão Integral com Pasta de Amendoim e Geleia | Lanche: Batido Hipercalórico (Mass Gainer Caseiro) | Almoço: Bife a Cavalo com Batata Doce | Lanche: Batido Hipercalórico (Mass Gainer Caseiro) | Janta: Wrap de Kebab de Carne,2422,155.1,244.3,89.0
mp_124,Hipertrofia - 2500 kcal,omnivore,5,2,Café da manhã: Pão Integral com Pasta de Amendoim e Geleia | Lanche: Batido Hipercalórico (Mass Gainer Caseiro) | Almoço: Bife a Cavalo com Batata Doce | Lanche: Batido Hipercalórico (Mass Gainer Caseiro) | Janta: Wrap de Kebab de Carne,2422,155.1,244.3,89.0
mp_124,Hipertrofia - 2500 kcal,omnivore,5,3,Café da manhã: Pão Integral com Pasta de Amendoim e Geleia | Lanche: Batido Hipercalórico (Mass Gainer Caseiro) | Almoço: Bife a Cavalo com Batata Doce | Lanche: Batido Hipercalórico (Mass Gainer Caseiro) | Janta: Wrap de Kebab de Carne,2422,155.1,244.3,89.0
mp_124,Hipertrofia - 2500 kcal,omnivore,5,4,Café da manhã: Pão Integral com Pasta de Amendoim e Geleia | Lanche: Batido Hipercalórico (Mass Gainer Caseiro) | Almoço: Bife a Cavalo com Batata Doce | Lanche: Batido Hipercalórico (Mass Gainer Caseiro) | Janta: Wrap de Kebab de Carne,2422,155.1,244.3,89.0
mp_124,Hipertrofia - 2500 kcal,omnivore,5,5,Café da manhã: Pão Integral com Pasta de Amendoim e Geleia | Lanche: Batido Hipercalórico (Mass Gainer Caseiro) | Almoço: Bife a Cavalo com Batata Doce | Lanche: Batido Hipercalórico (Mass Gainer Caseiro) | Janta: Wrap de Kebab de Carne,2422,155.1,244.3,89.0
mp_124,Hipertrofia - 2500 kcal,omnivore,5,6,Café da manhã: Pão Integral com Pasta de Amendoim e Geleia | Lanche: Batido Hipercalórico (Mass Gainer Caseiro) | Almoço: Bife a Cavalo com Batata Doce | Lanche: Batido Hipercalórico (Mass Gainer Caseiro) | Janta: Wrap de Kebab de Carne,2422,155.1,244.3,89.0
mp_124,Hipertrofia - 2500 kcal,omnivore,5,7,Café da manhã: Pão Integral com Pasta de Amendoim e Geleia | Lanche: Batido Hipercalórico (Mass Gainer Caseiro) | Almoço: Bife a Cavalo com Batata Doce | Lanche: Batido Hipercalórico (Mass Gainer Caseiro) | Janta: Wrap de Kebab de Carne,2422,155.1,244.3,89.0
mp_125,Hipertrofia - 2200 kcal,omnivore,5,1,Café da manhã: Pão Integral com Pasta de Amendoim e Geleia | Lanche: Batata Frita com Queijo e Bacon | Almoço: Peito de Frango com Feijão e Quinoa | Lanche: Batido Hipercalórico (Mass Gainer Caseiro) | Janta: Escondidinho Vegano de Grão-de-Bico,2352,126.2,271.3,84.5
mp_125,Hipertrofia - 2200 kcal,omnivore,5,2,Café da manhã: Pão Integral com Pasta de Amendoim e Geleia | Lanche: Batata Frita com Queijo e Bacon | Almoço: Peito de Frango com Feijão e Quinoa | Lanche: Batido Hipercalórico (Mass Gainer Caseiro) | Janta: Escondidinho Vegano de Grão-de-Bico,2352,126.2,271.3,84.5
mp_125,Hipertrofia - 2200 kcal,omnivore,5,3,Café da manhã: Pão Integral com Pasta de Amendoim e Geleia | Lanche: Batata Frita com Queijo e Bacon | Almoço: Peito de Frango com Feijão e Quinoa | Lanche: Batido Hipercalórico (Mass Gainer Caseiro) | Janta: Escondidinho Vegano de Grão-de-Bico,2352,126.2,271.3,84.5
mp_125,Hipertrofia - 2200 kcal,omnivore,5,4,Café da manhã: Pão Integral com Pasta de Amendoim e Geleia | Lanche: Batata Frita com Queijo e Bacon | Almoço: Peito de Frango com Feijão e Quinoa | Lanche: Batido Hipercalórico (Mass Gainer Caseiro) | Janta: Escondidinho Vegano de Grão-de-Bico,2352,126.2,271.3,84.5
mp_125,Hipertrofia - 2200 kcal,omnivore,5,5,Café da manhã: Pão Integral com Pasta de Amendoim e Geleia | Lanche: Batata Frita com Queijo e Bacon | Almoço: Peito de Frango com Feijão e Quinoa | Lanche: Batido Hipercalórico (Mass Gainer Caseiro) | Janta: Escondidinho Vegano de Grão-de-Bico,2352,126.2,271.3,84.5
mp_125,Hipertrofia - 2200 kcal,omnivore,5,6,Café da manhã: Pão Integral com Pasta de Amendoim e Geleia | Lanche: Batata Frita com Queijo e Bacon | Almoço: Peito de Frango com Feijão e Quinoa | Lanche: Batido Hipercalórico (Mass Gainer Caseiro) | Janta: Escondidinho Vegano de Grão-de-Bico,2352,126.2,271.3,84.5
mp_125,Hipertrofia - 2200 kcal,omnivore,5,7,Café da manhã: Pão Integral com Pasta de Amendoim e Geleia | Lanche: Batata Frita com Queijo e Bacon | Almoço: Peito de Frango com Feijão e Quinoa | Lanche: Batido Hipercalórico (Mass Gainer Caseiro) | Janta: Escondidinho Vegano de Grão-de-Bico,2352,126.2,271.3,84.5
mp_126,Hipertrofia - 2500 kcal,omnivore,5,1,Café da manhã: Pão Integral com Pasta de Amendoim e Geleia | Lanche: Nachos com Carne e Guacamole | Almoço: Macarrão com Queijo Clássico (Mac & Cheese) | Lanche: Bruschetta Saudável de Tomate | Janta: Wrap de Kebab de Carne,2142,106.8,191.2,105.3
mp_126,Hipertrofia - 2500 kcal,omnivore,5,2,Café da manhã: Pão Integral com Pasta de Amendoim e Geleia | Lanche: Nachos com Carne e Guacamole | Almoço: Macarrão com Queijo Clássico (Mac & Cheese) | Lanche: Bruschetta Saudável de Tomate | Janta: Wrap de Kebab de Carne,2142,106.8,191.2,105.3
mp_126,Hipertrofia - 2500 kcal,omnivore,5,3,Café da manhã: Pão Integral com Pasta de Amendoim e Geleia | Lanche: Nachos com Carne e Guacamole | Almoço: Macarrão com Queijo Clássico (Mac & Cheese) | Lanche: Bruschetta Saudável de Tomate | Janta: Wrap de Kebab de Carne,2142,106.8,191.2,105.3
mp_126,Hipertrofia - 2500 kcal,omnivore,5,4,Café da manhã: Pão Integral com Pasta de Amendoim e Geleia | Lanche: Nachos com Carne e Guacamole | Almoço: Macarrão com Queijo Clássico (Mac & Cheese) | Lanche: Bruschetta Saudável de Tomate | Janta: Wrap de Kebab de Carne,2142,106.8,191.2,105.3
mp_126,Hipertrofia - 2500 kcal,omnivore,5,5,Café da manhã: Pão Integral com Pasta de Amendoim e Geleia | Lanche: Nachos com Carne e Guacamole | Almoço: Macarrão com Queijo Clássico (Mac & Cheese) | Lanche: Bruschetta Saudável de Tomate | Janta: Wrap de Kebab de Carne,2142,106.8,191.2,105.3
mp_126,Hipertrofia - 2500 kcal,omnivore,5,6,Café da manhã: Pão Integral com Pasta de Amendoim e Geleia | Lanche: Nachos com Carne e Guacamole | Almoço: Macarrão com Queijo Clássico (Mac & Cheese) | Lanche: Bruschetta Saudável de Tomate | Janta: Wrap de Kebab de Carne,2142,106.8,191.2,105.3
mp_126,Hipertrofia - 2500 kcal,omnivore,5,7,Café da manhã: Pão Integral com Pasta de Amendoim e Geleia | Lanche: Nachos com Carne e Guacamole | Almoço: Macarrão com Queijo Clássico (Mac & Cheese) | Lanche: Bruschetta Saudável de Tomate | Janta: Wrap de Kebab de Carne,2142,106.8,191.2,105.3
mp_127,Emagrecimento - 1200 kcal,vegetarian,6,1,Café da manhã: Smoothie Bowl de Açaí e Banana | Lanche: Suco Verde Detox Intenso | Almoço: Sanduíche de Ovo Cozido | Lanche: Pudim de Chia de Cacau | Janta: Creme de Espinafre com Tofu Defumado | Lanche: Iogurte Natural com Nozes e Mel,1289,54.6,142.9,56.1
mp_127,Emagrecimento - 1200 kcal,vegetarian,6,2,Café da manhã: Smoothie Bowl de Açaí e Banana | Lanche: Suco Verde Detox Intenso | Almoço: Sanduíche de Ovo Cozido | Lanche: Pudim de Chia de Cacau | Janta: Creme de Espinafre com Tofu Defumado | Lanche: Iogurte Natural com Nozes e Mel,1289,54.6,142.9,56.1
mp_127,Emagrecimento - 1200 kcal,vegetarian,6,3,Café da manhã: Smoothie Bowl de Açaí e Banana | Lanche: Suco Verde Detox Intenso | Almoço: Sanduíche de Ovo Cozido | Lanche: Pudim de Chia de Cacau | Janta: Creme de Espinafre com Tofu Defumado | Lanche: Iogurte Natural com Nozes e Mel,1289,54.6,142.9,56.1
mp_127,Emagrecimento - 1200 kcal,vegetarian,6,4,Café da manhã: Smoothie Bowl de Açaí e Banana | Lanche: Suco Verde Detox Intenso | Almoço: Sanduíche de Ovo Cozido | Lanche: Pudim de Chia de Cacau | Janta: Creme de Espinafre com Tofu Defumado | Lanche: Iogurte Natural com Nozes e Mel,1289,54.6,142.9,56.1
mp_127,Emagrecimento - 1200 kcal,vegetarian,6,5,Café da manhã: Smoothie Bowl de Açaí e Banana | Lanche: Suco Verde Detox Intenso | Almoço: Sanduíche de Ovo Cozido | Lanche: Pudim de Chia de Cacau | Janta: Creme de Espinafre com Tofu Defumado | Lanche: Iogurte Natural com Nozes e Mel,1289,54.6,142.9,56.1
mp_127,Emagrecimento - 1200 kcal,vegetarian,6,6,Café da manhã: Smoothie Bowl de Açaí e Banana | Lanche: Suco Verde Detox Intenso | Almoço: Sanduíche de Ovo Cozido | Lanche: Pudim de Chia de Cacau | Janta: Creme de Espinafre com Tofu Defumado | Lanche: Iogurte Natural com Nozes e Mel,1289,54.6,142.9,56.1
mp_127,Emagrecimento - 1200 kcal,vegetarian,6,7,Café da manhã: Smoothie Bowl de Açaí e Banana | Lanche: Suco Verde Detox Intenso | Almoço: Sanduíche de Ovo Cozido | Lanche: Pudim de Chia de Cacau | Janta: Creme de Espinafre com Tofu Defumado | Lanche: Iogurte Natural com Nozes e Mel,1289,54.6,142.9,56.1
mp_128,Emagrecimento - 1400 kcal,omnivore,6,1,Café da manhã: Proats (Mingau de Aveia com Whey) | Lanche: Brigadeiro de Colher (Sem Açúcar) | Almoço: Sanduíche de Ovo Cozido | Lanche: Brigadeiro de Colher (Sem Açúcar) | Janta: Sopa de Ervilha com Bacon de Peru | Lanche: Brigadeiro de Colher (Sem Açúcar),1379,79.5,125.0,61.0
mp_128,Emagrecimento - 1400 kcal,omnivore,6,2,Café da manhã: Proats (Mingau de Aveia com Whey) | Lanche: Brigadeiro de Colher (Sem Açúcar) | Almoço: Sanduíche de Ovo Cozido | Lanche: Brigadeiro de Colher (Sem Açúcar) | Janta: Sopa de Ervilha com Bacon de Peru | Lanche: Brigadeiro de Colher (Sem Açúcar),1379,79.5,125.0,61.0
mp_128,Emagrecimento - 1400 kcal,omnivore,6,3,Café da manhã: Proats (Mingau de Aveia com Whey) | Lanche: Brigadeiro de Colher (Sem Açúcar) | Almoço: Sanduíche de Ovo Cozido | Lanche: Brigadeiro de Colher (Sem Açúcar) | Janta: Sopa de Ervilha com Bacon de Peru | Lanche: Brigadeiro de Colher (Sem Açúcar),1379,79.5,125.0,61.0
mp_128,Emagrecimento - 1400 kcal,omnivore,6,4,Café da manhã: Proats (Mingau de Aveia com Whey) | Lanche: Brigadeiro de Colher (Sem Açúcar) | Almoço: Sanduíche de Ovo Cozido | Lanche: Brigadeiro de Colher (Sem Açúcar) | Janta: Sopa de Ervilha com Bacon de Peru | Lanche: Brigadeiro de Colher (Sem Açúcar),1379,79.5,125.0,61.0
mp_128,Emagrecimento - 1400 kcal,omnivore,6,5,Café da manhã: Proats (Mingau de Aveia com Whey) | Lanche: Brigadeiro de Colher (Sem Açúcar) | Almoço: Sanduíche de Ovo Cozido | Lanche: Brigadeiro de Colher (Sem Açúcar) | Janta: Sopa de Ervilha com Bacon de Peru | Lanche: Brigadeiro de Colher (Sem Açúcar),1379,79.5,125.0,61.0
mp_128,Emagrecimento - 1400 kcal,omnivore,6,6,Café da manhã: Proats (Mingau de Aveia com Whey) | Lanche: Brigadeiro de Colher (Sem Açúcar) | Almoço: Sanduíche de Ovo Cozido | Lanche: Brigadeiro de Colher (Sem Açúcar) | Janta: Sopa de Ervilha com Bacon de Peru | Lanche: Brigadeiro de Colher (Sem Açúcar),1379,79.5,125.0,61.0
mp_128,Emagrecimento - 1400 kcal,omnivore,6,7,Café da manhã: Proats (Mingau de Aveia com Whey) | Lanche: Brigadeiro de Colher (Sem Açúcar) | Almoço: Sanduíche de Ovo Cozido | Lanche: Brigadeiro de Colher (Sem Açúcar) | Janta: Sopa de Ervilha com Bacon de Peru | Lanche: Brigadeiro de Colher (Sem Açúcar),1379,79.5,125.0,61.0
mp_129,Manutenção - 2000 kcal,omnivore,4,1,Café da manhã: Pão Integral com Pasta de Amendoim e Geleia | Almoço: Macarrão com Sardinha e Molho de Tomate | Janta: Panqueca de Frango Desfiado | Lanche: Batata Frita com Queijo e Bacon,1852,86.2,191.3,81.5
mp_129,Manutenção - 2000 kcal,omnivore,4,2,Café da manhã: Pão Integral com Pasta de Amendoim e Geleia | Almoço: Macarrão com Sardinha e Molho de Tomate | Janta: Panqueca de Frango Desfiado | Lanche: Batata Frita com Queijo e Bacon,1852,86.2,191.3,81.5
mp_129,Manutenção - 2000 kcal,omnivore,4,3,Café da manhã: Pão Integral com Pasta de Amendoim e Geleia | Almoço: Macarrão com Sardinha e Molho de Tomate | Janta: Panqueca de Frango Desfiado | Lanche: Batata Frita com Queijo e Bacon,1852,86.2,191.3,81.5
mp_129,Manutenção - 2000 kcal,omnivore,4,4,Café da manhã: Pão Integral com Pasta de Amendoim e Geleia | Almoço: Macarrão com Sardinha e Molho de Tomate | Janta: Panqueca de Frango Desfiado | Lanche: Batata Frita com Queijo e Bacon,1852,86.2,191.3,81.5
mp_129,Manutenção - 2000 kcal,omnivore,4,5,Café da manhã: Pão Integral com Pasta de Amendoim e Geleia | Almoço: Macarrão com Sardinha e Molho de Tomate | Janta: Panqueca de Frango Desfiado | Lanche: Batata Frita com Queijo e Bacon,1852,86.2,191.3,81.5
mp_129,Manutenção - 2000 kcal,omnivore,4,6,Café da manhã: Pão Integral com Pasta de Amendoim e Geleia | Almoço: Macarrão com Sardinha e Molho de Tomate | Janta: Panqueca de Frango Desfiado | Lanche: Batata Frita com Queijo e Bacon,1852,86.2,191.3,81.5
mp_129,Manutenção - 2000 kcal,omnivore,4,7,Café da manhã: Pão Integral com Pasta de Amendoim e Geleia | Almoço: Macarrão com Sardinha e Molho de Tomate | Janta: Panqueca de Frango Desfiado | Lanche: Batata Frita com Queijo e Bacon,1852,86.2,191.3,81.5
mp_130,Manutenção - 1800 kcal,omnivore,6,1,Café da manhã: Tapioca de Frango com Requeijão Light | Lanche: Batido de Whey e Banana | Almoço: Cuscuz Marroquino com Grão-de-Bico | Lanche: Bolo de Chocolate de Microondas Fit | Janta: Pizza de Frigideira com Massa de Aveia | Lanche: Bolo de Chocolate de Microondas Fit,1801,112.4,219.5,49.0
mp_130,Manutenção - 1800 kcal,omnivore,6,2,Café da manhã: Tapioca de Frango com Requeijão Light | Lanche: Batido de Whey e Banana | Almoço: Cuscuz Marroquino com Grão-de-Bico | Lanche: Bolo de Chocolate de Microondas Fit | Janta: Pizza de Frigideira com Massa de Aveia | Lanche: Bolo de Chocolate de Microondas Fit,1801,112.4,219.5,49.0
mp_130,Manutenção - 1800 kcal,omnivore,6,3,Café da manhã: Tapioca de Frango com Requeijão Light | Lanche: Batido de Whey e Banana | Almoço: Cuscuz Marroquino com Grão-de-Bico | Lanche: Bolo de Chocolate de Microondas Fit | Janta: Pizza de Frigideira com Massa de Aveia | Lanche: Bolo de Chocolate de Microondas Fit,1801,112.4,219.5,49.0
mp_130,Manutenção - 1800 kcal,omnivore,6,4,Café da manhã: Tapioca de Frango com Requeijão Light | Lanche: Batido de Whey e Banana | Almoço: Cuscuz Marroquino com Grão-de-Bico | Lanche: Bolo de Chocolate de Microondas Fit | Janta: Pizza de Frigideira com Massa de Aveia | Lanche: Bolo de Chocolate de Microondas Fit,1801,112.4,219.5,49.0
mp_130,Manutenção - 1800 kcal,omnivore,6,5,Café da manhã: Tapioca de Frango com Requeijão Light | Lanche: Batido de Whey e Banana | Almoço: Cuscuz Marroquino com Grão-de-Bico | Lanche: Bolo de Chocolate de Microondas Fit | Janta: Pizza de Frigideira com Massa de Aveia | Lanche: Bolo de Chocolate de Microondas Fit,1801,112.4,219.5,49.0
mp_130,Manutenção - 1800 kcal,omnivore,6,6,Café da manhã: Tapioca de Frango com Requeijão Light | Lanche: Batido de Whey e Banana | Almoço: Cuscuz Marroquino com Grão-de-Bico | Lanche: Bolo de Chocolate de Microondas Fit | Janta: Pizza de Frigideira com Massa de Aveia | Lanche: Bolo de Chocolate de Microondas Fit,1801,112.4,219.5,49.0
mp_130,Manutenção - 1800 kcal,omnivore,6,7,Café da manhã: Tapioca de Frango com Requeijão Light | Lanche: Batido de Whey e Banana | Almoço: Cuscuz Marroquino com Grão-de-Bico | Lanche: Bolo de Chocolate de Microondas Fit | Janta: Pizza de Frigideira com Massa de Aveia | Lanche: Bolo de Chocolate de Microondas Fit,1801,112.4,219.5,49.0
mp_131,Hipertrofia - 2800 kcal,omnivore,6,1,Café da manhã: Pão Integral com Pasta de Amendoim e Geleia | Lanche: Tapioca Doce de Amendoim e Morango | Almoço: Macarrão com Queijo Clássico (Mac & Cheese) | Lanche: Tapioca Doce de Amendoim e Morango | Janta: Pizza de Calabresa em Casa | Lanche: Tapioca Doce de Amendoim e Morango,2459,74.0,293.9,108.2
mp_131,Hipertrofia - 2800 kcal,omnivore,6,2,Café da manhã: Pão Integral com Pasta de Amendoim e Geleia | Lanche: Tapioca Doce de Amendoim e Morango | Almoço: Macarrão com Queijo Clássico (Mac & Cheese) | Lanche: Tapioca Doce de Amendoim e Morango | Janta: Pizza de Calabresa em Casa | Lanche: Tapioca Doce de Amendoim e Morango,2459,74.0,293.9,108.2
mp_131,Hipertrofia - 2800 kcal,omnivore,6,3,Café da manhã: Pão Integral com Pasta de Amendoim e Geleia | Lanche: Tapioca Doce de Amendoim e Morango | Almoço: Macarrão com Queijo Clássico (Mac & Cheese) | Lanche: Tapioca Doce de Amendoim e Morango | Janta: Pizza de Calabresa em Casa | Lanche: Tapioca Doce de Amendoim e Morango,2459,74.0,293.9,108.2
mp_131,Hipertrofia - 2800 kcal,omnivore,6,4,Café da manhã: Pão Integral com Pasta de Amendoim e Geleia | Lanche: Tapioca Doce de Amendoim e Morango | Almoço: Macarrão com Queijo Clássico (Mac & Cheese) | Lanche: Tapioca Doce de Amendoim e Morango | Janta: Pizza de Calabresa em Casa | Lanche: Tapioca Doce de Amendoim e Morango,2459,74.0,293.9,108.2
mp_131,Hipertrofia - 2800 kcal,omnivore,6,5,Café da manhã: Pão Integral com Pasta de Amendoim e Geleia | Lanche: Tapioca Doce de Amendoim e Morango | Almoço: Macarrão com Queijo Clássico (Mac & Cheese) | Lanche: Tapioca Doce de Amendoim e Morango | Janta: Pizza de Calabresa em Casa | Lanche: Tapioca Doce de Amendoim e Morango,2459,74.0,293.9,108.2
mp_131,Hipertrofia - 2800 kcal,omnivore,6,6,Café da manhã: Pão Integral com Pasta de Amendoim e Geleia | Lanche: Tapioca Doce de Amendoim e Morango | Almoço: Macarrão com Queijo Clássico (Mac & Cheese) | Lanche: Tapioca Doce de Amendoim e Morango | Janta: Pizza de Calabresa em Casa | Lanche: Tapioca Doce de Amendoim e Morango,2459,74.0,293.9,108.2
mp_131,Hipertrofia - 2800 kcal,omnivore,6,7,Café da manhã: Pão Integral com Pasta de Amendoim e Geleia | Lanche: Tapioca Doce de Amendoim e Morango | Almoço: Macarrão com Queijo Clássico (Mac & Cheese) | Lanche: Tapioca Doce de Amendoim e Morango | Janta: Pizza de Calabresa em Casa | Lanche: Tapioca Doce de Amendoim e Morango,2459,74.0,293.9,108.2
mp_132,Manutenção - 2000 kcal,omnivore,5,1,Café da manhã: Pão Integral com Pasta de Amendoim e Geleia | Lanche: Tapioca Doce de Amendoim e Morango | Almoço: Massa Integral com Pesto e Tomate | Lanche: Tapioca Doce de Amendoim e Morango | Janta: Panqueca de Frango Desfiado,1868,66.6,220.3,82
mp_132,Manutenção - 2000 kcal,omnivore,5,2,Café da manhã: Pão Integral com Pasta de Amendoim e Geleia | Lanche: Tapioca Doce de Amendoim e Morango | Almoço: Massa Integral com Pesto e Tomate | Lanche: Tapioca Doce de Amendoim e Morango | Janta: Panqueca de Frango Desfiado,1868,66.6,220.3,82
mp_132,Manutenção - 2000 kcal,omnivore,5,3,Café da manhã: Pão Integral com Pasta de Amendoim e Geleia | Lanche: Tapioca Doce de Amendoim e Morango | Almoço: Massa Integral com Pesto e Tomate | Lanche: Tapioca Doce de Amendoim e Morango | Janta: Panqueca de Frango Desfiado,1868,66.6,220.3,82
mp_132,Manutenção - 2000 kcal,omnivore,5,4,Café da manhã: Pão Integral com Pasta de Amendoim e Geleia | Lanche: Tapioca Doce de Amendoim e Morango | Almoço: Massa Integral com Pesto e Tomate | Lanche: Tapioca Doce de Amendoim e Morango | Janta: Panqueca de Frango Desfiado,1868,66.6,220.3,82
mp_132,Manutenção - 2000 kcal,omnivore,5,5,Café da manhã: Pão Integral com Pasta de Amendoim e Geleia | Lanche: Tapioca Doce de Amendoim e Morango | Almoço: Massa Integral com Pesto e Tomate | Lanche: Tapioca Doce de Amendoim e Morango | Janta: Panqueca de Frango Desfiado,1868,66.6,220.3,82
mp_132,Manutenção - 2000 kcal,omnivore,5,6,Café da manhã: Pão Integral com Pasta de Amendoim e Geleia | Lanche: Tapioca Doce de Amendoim e Morango | Almoço: Massa Integral com Pesto e Tomate | Lanche: Tapioca Doce de Amendoim e Morango | Janta: Panqueca de Frango Desfiado,1868,66.6,220.3,82
mp_132,Manutenção - 2000 kcal,omnivore,5,7,Café da manhã: Pão Integral com Pasta de Amendoim e Geleia | Lanche: Tapioca Doce de Amendoim e Morango | Almoço: Massa Integral com Pesto e Tomate | Lanche: Tapioca Doce de Amendoim e Morango | Janta: Panqueca de Frango Desfiado,1868,66.6,220.3,82
mp_133,Emagrecimento - 1200 kcal,omnivore,5,1,Café da manhã: Panqueca Fit de Banana e Aveia | Lanche: Bolo de Chocolate de Microondas Fit | Almoço: Salada de Frango Rápida | Lanche: Bolo de Chocolate de Microondas Fit | Janta: Frango Desfiado com Purê de Abóbora,1214.3,97.9,105,44.1
mp_133,Emagrecimento - 1200 kcal,omnivore,5,2,Café da manhã: Panqueca Fit de Banana e Aveia | Lanche: Bolo de Chocolate de Microondas Fit | Almoço: Salada de Frango Rápida | Lanche: Bolo de Chocolate de Microondas Fit | Janta: Frango Desfiado com Purê de Abóbora,1214.3,97.9,105,44.1
mp_133,Emagrecimento - 1200 kcal,omnivore,5,3,Café da manhã: Panqueca Fit de Banana e Aveia | Lanche: Bolo de Chocolate de Microondas Fit | Almoço: Salada de Frango Rápida | Lanche: Bolo de Chocolate de Microondas Fit | Janta: Frango Desfiado com Purê de Abóbora,1214.3,97.9,105,44.1
mp_133,Emagrecimento - 1200 kcal,omnivore,5,4,Café da manhã: Panqueca Fit de Banana e Aveia | Lanche: Bolo de Chocolate de Microondas Fit | Almoço: Salada de Frango Rápida | Lanche: Bolo de Chocolate de Microondas Fit | Janta: Frango Desfiado com Purê de Abóbora,1214.3,97.9,105,44.1
mp_133,Emagrecimento - 1200 kcal,omnivore,5,5,Café da manhã: Panqueca Fit de Banana e Aveia | Lanche: Bolo de Chocolate de Microondas Fit | Almoço: Salada de Frango Rápida | Lanche: Bolo de Chocolate de Microondas Fit | Janta: Frango Desfiado com Purê de Abóbora,1214.3,97.9,105,44.1
mp_133,Emagrecimento - 1200 kcal,omnivore,5,6,Café da manhã: Panqueca Fit de Banana e Aveia | Lanche: Bolo de Chocolate de Microondas Fit | Almoço: Salada de Frango Rápida | Lanche: Bolo de Chocolate de Microondas Fit | Janta: Frango Desfiado com Purê de Abóbora,1214.3,97.9,105,44.1
mp_133,Emagrecimento - 1200 kcal,omnivore,5,7,Café da manhã: Panqueca Fit de Banana e Aveia | Lanche: Bolo de Chocolate de Microondas Fit | Almoço: Salada de Frango Rápida | Lanche: Bolo de Chocolate de Microondas Fit | Janta: Frango Desfiado com Purê de Abóbora,1214.3,97.9,105,44.1
mp_134,Emagrecimento - 1600 kcal,omnivore,3,1,Café da manhã: Tapioca de Frango com Requeijão Light | Almoço: Bife Acebolado com Mandioca Cozida | Janta: Hambúrguer Caseiro com Bacon,1347,97,110.7,51.2
mp_134,Emagrecimento - 1600 kcal,omnivore,3,2,Café da manhã: Tapioca de Frango com Requeijão Light | Almoço: Bife Acebolado com Mandioca Cozida | Janta: Hambúrguer Caseiro com Bacon,1347,97,110.7,51.2
mp_134,Emagrecimento - 1600 kcal,omnivore,3,3,Café da manhã: Tapioca de Frango com Requeijão Light | Almoço: Bife Acebolado com Mandioca Cozida | Janta: Hambúrguer Caseiro com Bacon,1347,97,110.7,51.2
mp_134,Emagrecimento - 1600 kcal,omnivore,3,4,Café da manhã: Tapioca de Frango com Requeijão Light | Almoço: Bife Acebolado com Mandioca Cozida | Janta: Hambúrguer Caseiro com Bacon,1347,97,110.7,51.2
mp_134,Emagrecimento - 1600 kcal,omnivore,3,5,Café da manhã: Tapioca de Frango com Requeijão Light | Almoço: Bife Acebolado com Mandioca Cozida | Janta: Hambúrguer Caseiro com Bacon,1347,97,110.7,51.2
mp_134,Emagrecimento - 1600 kcal,omnivore,3,6,Café da manhã: Tapioca de Frango com Requeijão Light | Almoço: Bife Acebolado com Mandioca Cozida | Janta: Hambúrguer Caseiro com Bacon,1347,97,110.7,51.2
mp_134,Emagrecimento - 1600 kcal,omnivore,3,7,Café da manhã: Tapioca de Frango com Requeijão Light | Almoço: Bife Acebolado com Mandioca Cozida | Janta: Hambúrguer Caseiro com Bacon,1347,97,110.7,51.2
mp_135,Emagrecimento - 2000 kcal,omnivore,5,1,Café da manhã: Pão Integral com Pasta de Amendoim e Geleia | Lanche: Tapioca Doce de Amendoim e Morango | Almoço: Escondidinho de Batata Doce e Carne | Lanche: Tapioca Doce de Amendoim e Morango | Janta: Panqueca de Frango Desfiado,1856,86.6,213.3,74
mp_135,Emagrecimento - 2000 kcal,omnivore,5,2,Café da manhã: Pão Integral com Pasta de Amendoim e Geleia | Lanche: Tapioca Doce de Amendoim e Morango | Almoço: Escondidinho de Batata Doce e Carne | Lanche: Tapioca Doce de Amendoim e Morango | Janta: Panqueca de Frango Desfiado,1856,86.6,213.3,74
mp_135,Emagrecimento - 2000 kcal,omnivore,5,3,Café da manhã: Pão Integral com Pasta de Amendoim e Geleia | Lanche: Tapioca Doce de Amendoim e Morango | Almoço: Escondidinho de Batata Doce e Carne | Lanche: Tapioca Doce de Amendoim e Morango | Janta: Panqueca de Frango Desfiado,1856,86.6,213.3,74
mp_135,Emagrecimento - 2000 kcal,omnivore,5,4,Café da manhã: Pão Integral com Pasta de Amendoim e Geleia | Lanche: Tapioca Doce de Amendoim e Morango | Almoço: Escondidinho de Batata Doce e Carne | Lanche: Tapioca Doce de Amendoim e Morango | Janta: Panqueca de Frango Desfiado,1856,86.6,213.3,74
mp_135,Emagrecimento - 2000 kcal,omnivore,5,5,Café da manhã: Pão Integral com Pasta de Amendoim e Geleia | Lanche: Tapioca Doce de Amendoim e Morango | Almoço: Escondidinho de Batata Doce e Carne | Lanche: Tapioca Doce de Amendoim e Morango | Janta: Panqueca de Frango Desfiado,1856,86.6,213.3,74
mp_135,Emagrecimento - 2000 kcal,omnivore,5,6,Café da manhã: Pão Integral com Pasta de Amendoim e Geleia | Lanche: Tapioca Doce de Amendoim e Morango | Almoço: Escondidinho de Batata Doce e Carne | Lanche: Tapioca Doce de Amendoim e Morango | Janta: Panqueca de Frango Desfiado,1856,86.6,213.3,74
mp_135,Emagrecimento - 2000 kcal,omnivore,5,7,Café da manhã: Pão Integral com Pasta de Amendoim e Geleia | Lanche: Tapioca Doce de Amendoim e Morango | Almoço: Escondidinho de Batata Doce e Carne | Lanche: Tapioca Doce de Amendoim e Morango | Janta: Panqueca de Frango Desfiado,1856,86.6,213.3,74
mp_136,Emagrecimento - 1200 kcal,omnivore,5,1,Café da manhã: Crepioca de Ricota | Lanche: Pizza de Frigideira Low Carb | Almoço: Carne de Panela com Mandioca | Lanche: Biscoito de Arroz com Requeijão | Janta: Frango Desfiado com Purê de Abóbora,1370,102,96,61.5
mp_136,Emagrecimento - 1200 kcal,omnivore,5,2,Café da manhã: Crepioca de Ricota | Lanche: Pizza de Frigideira Low Carb | Almoço: Carne de Panela com Mandioca | Lanche: Biscoito de Arroz com Requeijão | Janta: Frango Desfiado com Purê de Abóbora,1370,102,96,61.5
mp_136,Emagrecimento - 1200 kcal,omnivore,5,3,Café da manhã: Crepioca de Ricota | Lanche: Pizza de Frigideira Low Carb | Almoço: Carne de Panela com Mandioca | Lanche: Biscoito de Arroz com Requeijão | Janta: Frango Desfiado com Purê de Abóbora,1370,102,96,61.5
mp_136,Emagrecimento - 1200 kcal,omnivore,5,4,Café da manhã: Crepioca de Ricota | Lanche: Pizza de Frigideira Low Carb | Almoço: Carne de Panela com Mandioca | Lanche: Biscoito de Arroz com Requeijão | Janta: Frango Desfiado com Purê de Abóbora,1370,102,96,61.5
mp_136,Emagrecimento - 1200 kcal,omnivore,5,5,Café da manhã: Crepioca de Ricota | Lanche: Pizza de Frigideira Low Carb | Almoço: Carne de Panela com Mandioca | Lanche: Biscoito de Arroz com Requeijão | Janta: Frango Desfiado com Purê de Abóbora,1370,102,96,61.5
mp_136,Emagrecimento - 1200 kcal,omnivore,5,6,Café da manhã: Crepioca de Ricota | Lanche: Pizza de Frigideira Low Carb | Almoço: Carne de Panela com Mandioca | Lanche: Biscoito de Arroz com Requeijão | Janta: Frango Desfiado com Purê de Abóbora,1370,102,96,61.5
mp_136,Emagrecimento - 1200 kcal,omnivore,5,7,Café da manhã: Crepioca de Ricota | Lanche: Pizza de Frigideira Low Carb | Almoço: Carne de Panela com Mandioca | Lanche: Biscoito de Arroz com Requeijão | Janta: Frango Desfiado com Purê de Abóbora,1370,102,96,61.5
mp_137,Emagrecimento - 2000 kcal,omnivore,4,1,Café da manhã: Pão Integral com Pasta de Amendoim e Geleia | Almoço: Rolo de Carne Moída Recheado | Janta: Escondidinho Vegano de Grão-de-Bico | Lanche: Batata Frita com Queijo e Bacon,1897,91.2,174.8,93.5
mp_137,Emagrecimento - 2000 kcal,omnivore,4,2,Café da manhã: Pão Integral com Pasta de Amendoim e Geleia | Almoço: Rolo de Carne Moída Recheado | Janta: Escondidinho Vegano de Grão-de-Bico | Lanche: Batata Frita com Queijo e Bacon,1897,91.2,174.8,93.5
mp_137,Emagrecimento - 2000 kcal,omnivore,4,3,Café da manhã: Pão Integral com Pasta de Amendoim e Geleia | Almoço: Rolo de Carne Moída Recheado | Janta: Escondidinho Vegano de Grão-de-Bico | Lanche: Batata Frita com Queijo e Bacon,1897,91.2,174.8,93.5
mp_137,Emagrecimento - 2000 kcal,omnivore,4,4,Café da manhã: Pão Integral com Pasta de Amendoim e Geleia | Almoço: Rolo de Carne Moída Recheado | Janta: Escondidinho Vegano de Grão-de-Bico | Lanche: Batata Frita com Queijo e Bacon,1897,91.2,174.8,93.5
mp_137,Emagrecimento - 2000 kcal,omnivore,4,5,Café da manhã: Pão Integral com Pasta de Amendoim e Geleia | Almoço: Rolo de Carne Moída Recheado | Janta: Escondidinho Vegano de Grão-de-Bico | Lanche: Batata Frita com Queijo e Bacon,1897,91.2,174.8,93.5
mp_137,Emagrecimento - 2000 kcal,omnivore,4,6,Café da manhã: Pão Integral com Pasta de Amendoim e Geleia | Almoço: Rolo de Carne Moída Recheado | Janta: Escondidinho Vegano de Grão-de-Bico | Lanche: Batata Frita com Queijo e Bacon,1897,91.2,174.8,93.5
mp_137,Emagrecimento - 2000 kcal,omnivore,4,7,Café da manhã: Pão Integral com Pasta de Amendoim e Geleia | Almoço: Rolo de Carne Moída Recheado | Janta: Escondidinho Vegano de Grão-de-Bico | Lanche: Batata Frita com Queijo e Bacon,1897,91.2,174.8,93.5
mp_138,Emagrecimento - 1200 kcal,omnivore,3,1,Café da manhã: Tapioca de Frango com Requeijão Light | Almoço: Strogonoff de Carne Saudável | Janta: Hambúrguer Caseiro Magro,1162,99,98.7,35.7
mp_138,Emagrecimento - 1200 kcal,omnivore,3,2,Café da manhã: Tapioca de Frango com Requeijão Light | Almoço: Strogonoff de Carne Saudável | Janta: Hambúrguer Caseiro Magro,1162,99,98.7,35.7
mp_138,Emagrecimento - 1200 kcal,omnivore,3,3,Café da manhã: Tapioca de Frango com Requeijão Light | Almoço: Strogonoff de Carne Saudável | Janta: Hambúrguer Caseiro Magro,1162,99,98.7,35.7
mp_138,Emagrecimento - 1200 kcal,omnivore,3,4,Café da manhã: Tapioca de Frango com Requeijão Light | Almoço: Strogonoff de Carne Saudável | Janta: Hambúrguer Caseiro Magro,1162,99,98.7,35.7
mp_138,Emagrecimento - 1200 kcal,omnivore,3,5,Café da manhã: Tapioca de Frango com Requeijão Light | Almoço: Strogonoff de Carne Saudável | Janta: Hambúrguer Caseiro Magro,1162,99,98.7,35.7
mp_138,Emagrecimento - 1200 kcal,omnivore,3,6,Café da manhã: Tapioca de Frango com Requeijão Light | Almoço: Strogonoff de Carne Saudável | Janta: Hambúrguer Caseiro Magro,1162,99,98.7,35.7
mp_138,Emagrecimento - 1200 kcal,omnivore,3,7,Café da manhã: Tapioca de Frango com Requeijão Light | Almoço: Strogonoff de Carne Saudável | Janta: Hambúrguer Caseiro Magro,1162,99,98.7,35.7
mp_139,Emagrecimento - 1800 kcal,omnivore,4,1,Café da manhã: Ovo Cozido com Batata Doce Amassada | Almoço: Cuscuz Marroquino com Grão-de-Bico | Janta: Pizza de Calabresa em Casa | Lanche: Nachos com Carne e Guacamole,1771,83.6,187.5,74.0
mp_139,Emagrecimento - 1800 kcal,omnivore,4,2,Café da manhã: Ovo Cozido com Batata Doce Amassada | Almoço: Cuscuz Marroquino com Grão-de-Bico | Janta: Pizza de Calabresa em Casa | Lanche: Nachos com Carne e Guacamole,1771,83.6,187.5,74.0
mp_139,Emagrecimento - 1800 kcal,omnivore,4,3,Café da manhã: Ovo Cozido com Batata Doce Amassada | Almoço: Cuscuz Marroquino com Grão-de-Bico | Janta: Pizza de Calabresa em Casa | Lanche: Nachos com Carne e Guacamole,1771,83.6,187.5,74.0
mp_139,Emagrecimento - 1800 kcal,omnivore,4,4,Café da manhã: Ovo Cozido com Batata Doce Amassada | Almoço: Cuscuz Marroquino com Grão-de-Bico | Janta: Pizza de Calabresa em Casa | Lanche: Nachos com Carne e Guacamole,1771,83.6,187.5,74.0
mp_139,Emagrecimento - 1800 kcal,omnivore,4,5,Café da manhã: Ovo Cozido com Batata Doce Amassada | Almoço: Cuscuz Marroquino com Grão-de-Bico | Janta: Pizza de Calabresa em Casa | Lanche: Nachos com Carne e Guacamole,1771,83.6,187.5,74.0
mp_139,Emagrecimento - 1800 kcal,omnivore,4,6,Café da manhã: Ovo Cozido com Batata Doce Amassada | Almoço: Cuscuz Marroquino com Grão-de-Bico | Janta: Pizza de Calabresa em Casa | Lanche: Nachos com Carne e Guacamole,1771,83.6,187.5,74.0
mp_139,Emagrecimento - 1800 kcal,omnivore,4,7,Café da manhã: Ovo Cozido com Batata Doce Amassada | Almoço: Cuscuz Marroquino com Grão-de-Bico | Janta: Pizza de Calabresa em Casa | Lanche: Nachos com Carne e Guacamole,1771,83.6,187.5,74.0
mp_140,Emagrecimento - 1800 kcal,omnivore,3,1,Café da manhã: Tapioca de Frango com Requeijão Light | Almoço: Macarrão com Queijo Clássico (Mac & Cheese) | Janta: Pizza de Calabresa em Casa,1433,69.4,157.3,51.4
mp_140,Emagrecimento - 1800 kcal,omnivore,3,2,Café da manhã: Tapioca de Frango com Requeijão Light | Almoço: Macarrão com Queijo Clássico (Mac & Cheese) | Janta: Pizza de Calabresa em Casa,1433,69.4,157.3,51.4
mp_140,Emagrecimento - 1800 kcal,omnivore,3,3,Café da manhã: Tapioca de Frango com Requeijão Light | Almoço: Macarrão com Queijo Clássico (Mac & Cheese) | Janta: Pizza de Calabresa em Casa,1433,69.4,157.3,51.4
mp_140,Emagrecimento - 1800 kcal,omnivore,3,4,Café da manhã: Tapioca de Frango com Requeijão Light | Almoço: Macarrão com Queijo Clássico (Mac & Cheese) | Janta: Pizza de Calabresa em Casa,1433,69.4,157.3,51.4
mp_140,Emagrecimento - 1800 kcal,omnivore,3,5,Café da manhã: Tapioca de Frango com Requeijão Light | Almoço: Macarrão com Queijo Clássico (Mac & Cheese) | Janta: Pizza de Calabresa em Casa,1433,69.4,157.3,51.4
mp_140,Emagrecimento - 1800 kcal,omnivore,3,6,Café da manhã: Tapioca de Frango com Requeijão Light | Almoço: Macarrão com Queijo Clássico (Mac & Cheese) | Janta: Pizza de Calabresa em Casa,1433,69.4,157.3,51.4
mp_140,Emagrecimento - 1800 kcal,omnivore,3,7,Café da manhã: Tapioca de Frango com Requeijão Light | Almoço: Macarrão com Queijo Clássico (Mac & Cheese) | Janta: Pizza de Calabresa em Casa,1433,69.4,157.3,51.4
mp_141,Emagrecimento - 1600 kcal,omnivore,4,1,Café da manhã: Mingau de Aveia com Banana | Almoço: Bife a Cavalo com Batata Doce | Janta: Almôndegas Caseiras de Patinho | Lanche: Batata Frita com Queijo e Bacon,1826.6,106.2,167.3,80.7
mp_141,Emagrecimento - 1600 kcal,omnivore,4,2,Café da manhã: Mingau de Aveia com Banana | Almoço: Bife a Cavalo com Batata Doce | Janta: Almôndegas Caseiras de Patinho | Lanche: Batata Frita com Queijo e Bacon,1826.6,106.2,167.3,80.7
mp_141,Emagrecimento - 1600 kcal,omnivore,4,3,Café da manhã: Mingau de Aveia com Banana | Almoço: Bife a Cavalo com Batata Doce | Janta: Almôndegas Caseiras de Patinho | Lanche: Batata Frita com Queijo e Bacon,1826.6,106.2,167.3,80.7
mp_141,Emagrecimento - 1600 kcal,omnivore,4,4,Café da manhã: Mingau de Aveia com Banana | Almoço: Bife a Cavalo com Batata Doce | Janta: Almôndegas Caseiras de Patinho | Lanche: Batata Frita com Queijo e Bacon,1826.6,106.2,167.3,80.7
mp_141,Emagrecimento - 1600 kcal,omnivore,4,5,Café da manhã: Mingau de Aveia com Banana | Almoço: Bife a Cavalo com Batata Doce | Janta: Almôndegas Caseiras de Patinho | Lanche: Batata Frita com Queijo e Bacon,1826.6,106.2,167.3,80.7
mp_141,Emagrecimento - 1600 kcal,omnivore,4,6,Café da manhã: Mingau de Aveia com Banana | Almoço: Bife a Cavalo com Batata Doce | Janta: Almôndegas Caseiras de Patinho | Lanche: Batata Frita com Queijo e Bacon,1826.6,106.2,167.3,80.7
mp_141,Emagrecimento - 1600 kcal,omnivore,4,7,Café da manhã: Mingau de Aveia com Banana | Almoço: Bife a Cavalo com Batata Doce | Janta: Almôndegas Caseiras de Patinho | Lanche: Batata Frita com Queijo e Bacon,1826.6,106.2,167.3,80.7
mp_142,Hipertrofia - 2200 kcal,omnivore,6,1,Café da manhã: Pão Integral com Pasta de Amendoim e Geleia | Lanche: Batido de Abacate Proteico | Almoço: Bife de Alcatra com Purê de Batata | Lanche: Batido de Abacate Proteico | Janta: Escondidinho Vegano de Grão-de-Bico | Lanche: Batido de Abacate Proteico,2107,140.6,175.8,97.5
mp_142,Hipertrofia - 2200 kcal,omnivore,6,2,Café da manhã: Pão Integral com Pasta de Amendoim e Geleia | Lanche: Batido de Abacate Proteico | Almoço: Bife de Alcatra com Purê de Batata | Lanche: Batido de Abacate Proteico | Janta: Escondidinho Vegano de Grão-de-Bico | Lanche: Batido de Abacate Proteico,2107,140.6,175.8,97.5
mp_142,Hipertrofia - 2200 kcal,omnivore,6,3,Café da manhã: Pão Integral com Pasta de Amendoim e Geleia | Lanche: Batido de Abacate Proteico | Almoço: Bife de Alcatra com Purê de Batata | Lanche: Batido de Abacate Proteico | Janta: Escondidinho Vegano de Grão-de-Bico | Lanche: Batido de Abacate Proteico,2107,140.6,175.8,97.5
mp_142,Hipertrofia - 2200 kcal,omnivore,6,4,Café da manhã: Pão Integral com Pasta de Amendoim e Geleia | Lanche: Batido de Abacate Proteico | Almoço: Bife de Alcatra com Purê de Batata | Lanche: Batido de Abacate Proteico | Janta: Escondidinho Vegano de Grão-de-Bico | Lanche: Batido de Abacate Proteico,2107,140.6,175.8,97.5
mp_142,Hipertrofia - 2200 kcal,omnivore,6,5,Café da manhã: Pão Integral com Pasta de Amendoim e Geleia | Lanche: Batido de Abacate Proteico | Almoço: Bife de Alcatra com Purê de Batata | Lanche: Batido de Abacate Proteico | Janta: Escondidinho Vegano de Grão-de-Bico | Lanche: Batido de Abacate Proteico,2107,140.6,175.8,97.5
mp_142,Hipertrofia - 2200 kcal,omnivore,6,6,Café da manhã: Pão Integral com Pasta de Amendoim e Geleia | Lanche: Batido de Abacate Proteico | Almoço: Bife de Alcatra com Purê de Batata | Lanche: Batido de Abacate Proteico | Janta: Escondidinho Vegano de Grão-de-Bico | Lanche: Batido de Abacate Proteico,2107,140.6,175.8,97.5
mp_142,Hipertrofia - 2200 kcal,omnivore,6,7,Café da manhã: Pão Integral com Pasta de Amendoim e Geleia | Lanche: Batido de Abacate Proteico | Almoço: Bife de Alcatra com Purê de Batata | Lanche: Batido de Abacate Proteico | Janta: Escondidinho Vegano de Grão-de-Bico | Lanche: Batido de Abacate Proteico,2107,140.6,175.8,97.5
mp_143,Hipertrofia - 2500 kcal,omnivore,5,1,Café da manhã: Pão Integral com Pasta de Amendoim e Geleia | Lanche: Batido Hipercalórico (Mass Gainer Caseiro) | Almoço: Macarrão com Queijo Clássico (Mac & Cheese) | Lanche: Batido Hipercalórico (Mass Gainer Caseiro) | Janta: Wrap de Kebab de Carne,2382,132.6,262.3,85.5
mp_143,Hipertrofia - 2500 kcal,omnivore,5,2,Café da manhã: Pão Integral com Pasta de Amendoim e Geleia | Lanche: Batido Hipercalórico (Mass Gainer Caseiro) | Almoço: Macarrão com Queijo Clássico (Mac & Cheese) | Lanche: Batido Hipercalórico (Mass Gainer Caseiro) | Janta: Wrap de Kebab de Carne,2382,132.6,262.3,85.5
mp_143,Hipertrofia - 2500 kcal,omnivore,5,3,Café da manhã: Pão Integral com Pasta de Amendoim e Geleia | Lanche: Batido Hipercalórico (Mass Gainer Caseiro) | Almoço: Macarrão com Queijo Clássico (Mac & Cheese) | Lanche: Batido Hipercalórico (Mass Gainer Caseiro) | Janta: Wrap de Kebab de Carne,2382,132.6,262.3,85.5
mp_143,Hipertrofia - 2500 kcal,omnivore,5,4,Café da manhã: Pão Integral com Pasta de Amendoim e Geleia | Lanche: Batido Hipercalórico (Mass Gainer Caseiro) | Almoço: Macarrão com Queijo Clássico (Mac & Cheese) | Lanche: Batido Hipercalórico (Mass Gainer Caseiro) | Janta: Wrap de Kebab de Carne,2382,132.6,262.3,85.5
mp_143,Hipertrofia - 2500 kcal,omnivore,5,5,Café da manhã: Pão Integral com Pasta de Amendoim e Geleia | Lanche: Batido Hipercalórico (Mass Gainer Caseiro) | Almoço: Macarrão com Queijo Clássico (Mac & Cheese) | Lanche: Batido Hipercalórico (Mass Gainer Caseiro) | Janta: Wrap de Kebab de Carne,2382,132.6,262.3,85.5
mp_143,Hipertrofia - 2500 kcal,omnivore,5,6,Café da manhã: Pão Integral com Pasta de Amendoim e Geleia | Lanche: Batido Hipercalórico (Mass Gainer Caseiro) | Almoço: Macarrão com Queijo Clássico (Mac & Cheese) | Lanche: Batido Hipercalórico (Mass Gainer Caseiro) | Janta: Wrap de Kebab de Carne,2382,132.6,262.3,85.5
mp_143,Hipertrofia - 2500 kcal,omnivore,5,7,Café da manhã: Pão Integral com Pasta de Amendoim e Geleia | Lanche: Batido Hipercalórico (Mass Gainer Caseiro) | Almoço: Macarrão com Queijo Clássico (Mac & Cheese) | Lanche: Batido Hipercalórico (Mass Gainer Caseiro) | Janta: Wrap de Kebab de Carne,2382,132.6,262.3,85.5
mp_144,Manutenção - 2800 kcal,omnivore,5,1,Café da manhã: Pão Integral com Pasta de Amendoim e Geleia | Lanche: Nachos com Carne e Guacamole | Almoço: Macarrão com Sardinha e Molho de Tomate | Lanche: Nachos com Carne e Guacamole | Janta: Taco Mexicano Completo,2441,135.0,199.1,125.6
mp_144,Manutenção - 2800 kcal,omnivore,5,2,Café da manhã: Pão Integral com Pasta de Amendoim e Geleia | Lanche: Nachos com Carne e Guacamole | Almoço: Macarrão com Sardinha e Molho de Tomate | Lanche: Nachos com Carne e Guacamole | Janta: Taco Mexicano Completo,2441,135.0,199.1,125.6
mp_144,Manutenção - 2800 kcal,omnivore,5,3,Café da manhã: Pão Integral com Pasta de Amendoim e Geleia | Lanche: Nachos com Carne e Guacamole | Almoço: Macarrão com Sardinha e Molho de Tomate | Lanche: Nachos com Carne e Guacamole | Janta: Taco Mexicano Completo,2441,135.0,199.1,125.6
mp_144,Manutenção - 2800 kcal,omnivore,5,4,Café da manhã: Pão Integral com Pasta de Amendoim e Geleia | Lanche: Nachos com Carne e Guacamole | Almoço: Macarrão com Sardinha e Molho de Tomate | Lanche: Nachos com Carne e Guacamole | Janta: Taco Mexicano Completo,2441,135.0,199.1,125.6
mp_144,Manutenção - 2800 kcal,omnivore,5,5,Café da manhã: Pão Integral com Pasta de Amendoim e Geleia | Lanche: Nachos com Carne e Guacamole | Almoço: Macarrão com Sardinha e Molho de Tomate | Lanche: Nachos com Carne e Guacamole | Janta: Taco Mexicano Completo,2441,135.0,199.1,125.6
mp_144,Manutenção - 2800 kcal,omnivore,5,6,Café da manhã: Pão Integral com Pasta de Amendoim e Geleia | Lanche: Nachos com Carne e Guacamole | Almoço: Macarrão com Sardinha e Molho de Tomate | Lanche: Nachos com Carne e Guacamole | Janta: Taco Mexicano Completo,2441,135.0,199.1,125.6
mp_144,Manutenção - 2800 kcal,omnivore,5,7,Café da manhã: Pão Integral com Pasta de Amendoim e Geleia | Lanche: Nachos com Carne e Guacamole | Almoço: Macarrão com Sardinha e Molho de Tomate | Lanche: Nachos com Carne e Guacamole | Janta: Taco Mexicano Completo,2441,135.0,199.1,125.6
mp_145,Manutenção - 1800 kcal,omnivore,4,1,Café da manhã: Tapioca de Frango com Requeijão Light | Almoço: Cachorro-Quente Especial | Janta: Pizza de Frigideira com Massa de Aveia | Lanche: Batata Frita com Queijo e Bacon,1802,77.6,185.7,79.7
mp_145,Manutenção - 1800 kcal,omnivore,4,2,Café da manhã: Tapioca de Frango com Requeijão Light | Almoço: Cachorro-Quente Especial | Janta: Pizza de Frigideira com Massa de Aveia | Lanche: Batata Frita com Queijo e Bacon,1802,77.6,185.7,79.7
mp_145,Manutenção - 1800 kcal,omnivore,4,3,Café da manhã: Tapioca de Frango com Requeijão Light | Almoço: Cachorro-Quente Especial | Janta: Pizza de Frigideira com Massa de Aveia | Lanche: Batata Frita com Queijo e Bacon,1802,77.6,185.7,79.7
mp_145,Manutenção - 1800 kcal,omnivore,4,4,Café da manhã: Tapioca de Frango com Requeijão Light | Almoço: Cachorro-Quente Especial | Janta: Pizza de Frigideira com Massa de Aveia | Lanche: Batata Frita com Queijo e Bacon,1802,77.6,185.7,79.7
mp_145,Manutenção - 1800 kcal,omnivore,4,5,Café da manhã: Tapioca de Frango com Requeijão Light | Almoço: Cachorro-Quente Especial | Janta: Pizza de Frigideira com Massa de Aveia | Lanche: Batata Frita com Queijo e Bacon,1802,77.6,185.7,79.7
mp_145,Manutenção - 1800 kcal,omnivore,4,6,Café da manhã: Tapioca de Frango com Requeijão Light | Almoço: Cachorro-Quente Especial | Janta: Pizza de Frigideira com Massa de Aveia | Lanche: Batata Frita com Queijo e Bacon,1802,77.6,185.7,79.7
mp_145,Manutenção - 1800 kcal,omnivore,4,7,Café da manhã: Tapioca de Frango com Requeijão Light | Almoço: Cachorro-Quente Especial | Janta: Pizza de Frigideira com Massa de Aveia | Lanche: Batata Frita com Queijo e Bacon,1802,77.6,185.7,79.7
mp_146,Emagrecimento - 1400 kcal,omnivore,3,1,Café da manhã: Tapioca de Frango com Requeijão Light | Almoço: Moqueca Leve de Cação e Banana-da-Terra | Janta: Taco Mexicano Completo,1229,79,117.7,47.7
mp_146,Emagrecimento - 1400 kcal,omnivore,3,2,Café da manhã: Tapioca de Frango com Requeijão Light | Almoço: Moqueca Leve de Cação e Banana-da-Terra | Janta: Taco Mexicano Completo,1229,79,117.7,47.7
mp_146,Emagrecimento - 1400 kcal,omnivore,3,3,Café da manhã: Tapioca de Frango com Requeijão Light | Almoço: Moqueca Leve de Cação e Banana-da-Terra | Janta: Taco Mexicano Completo,1229,79,117.7,47.7
mp_146,Emagrecimento - 1400 kcal,omnivore,3,4,Café da manhã: Tapioca de Frango com Requeijão Light | Almoço: Moqueca Leve de Cação e Banana-da-Terra | Janta: Taco Mexicano Completo,1229,79,117.7,47.7
mp_146,Emagrecimento - 1400 kcal,omnivore,3,5,Café da manhã: Tapioca de Frango com Requeijão Light | Almoço: Moqueca Leve de Cação e Banana-da-Terra | Janta: Taco Mexicano Completo,1229,79,117.7,47.7
mp_146,Emagrecimento - 1400 kcal,omnivore,3,6,Café da manhã: Tapioca de Frango com Requeijão Light | Almoço: Moqueca Leve de Cação e Banana-da-Terra | Janta: Taco Mexicano Completo,1229,79,117.7,47.7
mp_146,Emagrecimento - 1400 kcal,omnivore,3,7,Café da manhã: Tapioca de Frango com Requeijão Light | Almoço: Moqueca Leve de Cação e Banana-da-Terra | Janta: Taco Mexicano Completo,1229,79,117.7,47.7
mp_147,Emagrecimento - 2000 kcal,omnivore,6,1,Café da manhã: Pão Integral com Pasta de Amendoim e Geleia | Lanche: Batido de Morango e Pasta de Amendoim | Almoço: Cachorro-Quente Especial | Lanche: Batido de Whey e Banana | Janta: Filé de Pescada com Brócolis | Lanche: Crepioca Doce (Pré-Treino),1852,108.8,190.6,78.5
mp_147,Emagrecimento - 2000 kcal,omnivore,6,2,Café da manhã: Pão Integral com Pasta de Amendoim e Geleia | Lanche: Batido de Morango e Pasta de Amendoim | Almoço: Cachorro-Quente Especial | Lanche: Batido de Whey e Banana | Janta: Filé de Pescada com Brócolis | Lanche: Crepioca Doce (Pré-Treino),1852,108.8,190.6,78.5
mp_147,Emagrecimento - 2000 kcal,omnivore,6,3,Café da manhã: Pão Integral com Pasta de Amendoim e Geleia | Lanche: Batido de Morango e Pasta de Amendoim | Almoço: Cachorro-Quente Especial | Lanche: Batido de Whey e Banana | Janta: Filé de Pescada com Brócolis | Lanche: Crepioca Doce (Pré-Treino),1852,108.8,190.6,78.5
mp_147,Emagrecimento - 2000 kcal,omnivore,6,4,Café da manhã: Pão Integral com Pasta de Amendoim e Geleia | Lanche: Batido de Morango e Pasta de Amendoim | Almoço: Cachorro-Quente Especial | Lanche: Batido de Whey e Banana | Janta: Filé de Pescada com Brócolis | Lanche: Crepioca Doce (Pré-Treino),1852,108.8,190.6,78.5
mp_147,Emagrecimento - 2000 kcal,omnivore,6,5,Café da manhã: Pão Integral com Pasta de Amendoim e Geleia | Lanche: Batido de Morango e Pasta de Amendoim | Almoço: Cachorro-Quente Especial | Lanche: Batido de Whey e Banana | Janta: Filé de Pescada com Brócolis | Lanche: Crepioca Doce (Pré-Treino),1852,108.8,190.6,78.5
mp_147,Emagrecimento - 2000 kcal,omnivore,6,6,Café da manhã: Pão Integral com Pasta de Amendoim e Geleia | Lanche: Batido de Morango e Pasta de Amendoim | Almoço: Cachorro-Quente Especial | Lanche: Batido de Whey e Banana | Janta: Filé de Pescada com Brócolis | Lanche: Crepioca Doce (Pré-Treino),1852,108.8,190.6,78.5
mp_147,Emagrecimento - 2000 kcal,omnivore,6,7,Café da manhã: Pão Integral com Pasta de Amendoim e Geleia | Lanche: Batido de Morango e Pasta de Amendoim | Almoço: Cachorro-Quente Especial | Lanche: Batido de Whey e Banana | Janta: Filé de Pescada com Brócolis | Lanche: Crepioca Doce (Pré-Treino),1852,108.8,190.6,78.5
mp_148,Emagrecimento - 1400 kcal,omnivore,6,1,Café da manhã: Smoothie Bowl de Açaí e Banana | Lanche: Pudim de Chia de Cacau | Almoço: Frango Desfiado com Tapioca | Lanche: Brigadeiro de Colher (Sem Açúcar) | Janta: Sopa de Ervilha com Bacon de Peru | Lanche: Milkshake de Cacau e Aveia (Vegan),1285,58.6,170.8,38.7
mp_148,Emagrecimento - 1400 kcal,omnivore,6,2,Café da manhã: Smoothie Bowl de Açaí e Banana | Lanche: Pudim de Chia de Cacau | Almoço: Frango Desfiado com Tapioca | Lanche: Brigadeiro de Colher (Sem Açúcar) | Janta: Sopa de Ervilha com Bacon de Peru | Lanche: Milkshake de Cacau e Aveia (Vegan),1285,58.6,170.8,38.7
mp_148,Emagrecimento - 1400 kcal,omnivore,6,3,Café da manhã: Smoothie Bowl de Açaí e Banana | Lanche: Pudim de Chia de Cacau | Almoço: Frango Desfiado com Tapioca | Lanche: Brigadeiro de Colher (Sem Açúcar) | Janta: Sopa de Ervilha com Bacon de Peru | Lanche: Milkshake de Cacau e Aveia (Vegan),1285,58.6,170.8,38.7
mp_148,Emagrecimento - 1400 kcal,omnivore,6,4,Café da manhã: Smoothie Bowl de Açaí e Banana | Lanche: Pudim de Chia de Cacau | Almoço: Frango Desfiado com Tapioca | Lanche: Brigadeiro de Colher (Sem Açúcar) | Janta: Sopa de Ervilha com Bacon de Peru | Lanche: Milkshake de Cacau e Aveia (Vegan),1285,58.6,170.8,38.7
mp_148,Emagrecimento - 1400 kcal,omnivore,6,5,Café da manhã: Smoothie Bowl de Açaí e Banana | Lanche: Pudim de Chia de Cacau | Almoço: Frango Desfiado com Tapioca | Lanche: Brigadeiro de Colher (Sem Açúcar) | Janta: Sopa de Ervilha com Bacon de Peru | Lanche: Milkshake de Cacau e Aveia (Vegan),1285,58.6,170.8,38.7
mp_148,Emagrecimento - 1400 kcal,omnivore,6,6,Café da manhã: Smoothie Bowl de Açaí e Banana | Lanche: Pudim de Chia de Cacau | Almoço: Frango Desfiado com Tapioca | Lanche: Brigadeiro de Colher (Sem Açúcar) | Janta: Sopa de Ervilha com Bacon de Peru | Lanche: Milkshake de Cacau e Aveia (Vegan),1285,58.6,170.8,38.7
mp_148,Emagrecimento - 1400 kcal,omnivore,6,7,Café da manhã: Smoothie Bowl de Açaí e Banana | Lanche: Pudim de Chia de Cacau | Almoço: Frango Desfiado com Tapioca | Lanche: Brigadeiro de Colher (Sem Açúcar) | Janta: Sopa de Ervilha com Bacon de Peru | Lanche: Milkshake de Cacau e Aveia (Vegan),1285,58.6,170.8,38.7
mp_149,Emagrecimento - 1800 kcal,omnivore,4,1,Café da manhã: Tapioca de Frango com Requeijão Light | Almoço: Cuscuz Marroquino com Grão-de-Bico | Janta: Pizza de Calabresa em Casa | Lanche: Batata Frita com Queijo e Bacon,1957,85.0,230.3,71.4
mp_149,Emagrecimento - 1800 kcal,omnivore,4,2,Café da manhã: Tapioca de Frango com Requeijão Light | Almoço: Cuscuz Marroquino com Grão-de-Bico | Janta: Pizza de Calabresa em Casa | Lanche: Batata Frita com Queijo e Bacon,1957,85.0,230.3,71.4
mp_149,Emagrecimento - 1800 kcal,omnivore,4,3,Café da manhã: Tapioca de Frango com Requeijão Light | Almoço: Cuscuz Marroquino com Grão-de-Bico | Janta: Pizza de Calabresa em Casa | Lanche: Batata Frita com Queijo e Bacon,1957,85.0,230.3,71.4
mp_149,Emagrecimento - 1800 kcal,omnivore,4,4,Café da manhã: Tapioca de Frango com Requeijão Light | Almoço: Cuscuz Marroquino com Grão-de-Bico | Janta: Pizza de Calabresa em Casa | Lanche: Batata Frita com Queijo e Bacon,1957,85.0,230.3,71.4
mp_149,Emagrecimento - 1800 kcal,omnivore,4,5,Café da manhã: Tapioca de Frango com Requeijão Light | Almoço: Cuscuz Marroquino com Grão-de-Bico | Janta: Pizza de Calabresa em Casa | Lanche: Batata Frita com Queijo e Bacon,1957,85.0,230.3,71.4
mp_149,Emagrecimento - 1800 kcal,omnivore,4,6,Café da manhã: Tapioca de Frango com Requeijão Light | Almoço: Cuscuz Marroquino com Grão-de-Bico | Janta: Pizza de Calabresa em Casa | Lanche: Batata Frita com Queijo e Bacon,1957,85.0,230.3,71.4
mp_149,Emagrecimento - 1800 kcal,omnivore,4,7,Café da manhã: Tapioca de Frango com Requeijão Light | Almoço: Cuscuz Marroquino com Grão-de-Bico | Janta: Pizza de Calabresa em Casa | Lanche: Batata Frita com Queijo e Bacon,1957,85.0,230.3,71.4
mp_150,Emagrecimento - 1800 kcal,omnivore,5,1,Café da manhã: Tapioca de Frango com Requeijão Light | Lanche: Tapioca Doce de Amendoim e Morango | Almoço: Bacalhau com Batata e Ovo | Lanche: Tapioca Doce de Amendoim e Morango | Janta: Pizza de Frigideira com Massa de Aveia,1743.9,86.7,190.3,66.7
mp_150,Emagrecimento - 1800 kcal,omnivore,5,2,Café da manhã: Tapioca de Frango com Requeijão Light | Lanche: Tapioca Doce de Amendoim e Morango | Almoço: Bacalhau com Batata e Ovo | Lanche: Tapioca Doce de Amendoim e Morango | Janta: Pizza de Frigideira com Massa de Aveia,1743.9,86.7,190.3,66.7
mp_150,Emagrecimento - 1800 kcal,omnivore,5,3,Café da manhã: Tapioca de Frango com Requeijão Light | Lanche: Tapioca Doce de Amendoim e Morango | Almoço: Bacalhau com Batata e Ovo | Lanche: Tapioca Doce de Amendoim e Morango | Janta: Pizza de Frigideira com Massa de Aveia,1743.9,86.7,190.3,66.7
mp_150,Emagrecimento - 1800 kcal,omnivore,5,4,Café da manhã: Tapioca de Frango com Requeijão Light | Lanche: Tapioca Doce de Amendoim e Morango | Almoço: Bacalhau com Batata e Ovo | Lanche: Tapioca Doce de Amendoim e Morango | Janta: Pizza de Frigideira com Massa de Aveia,1743.9,86.7,190.3,66.7
mp_150,Emagrecimento - 1800 kcal,omnivore,5,5,Café da manhã: Tapioca de Frango com Requeijão Light | Lanche: Tapioca Doce de Amendoim e Morango | Almoço: Bacalhau com Batata e Ovo | Lanche: Tapioca Doce de Amendoim e Morango | Janta: Pizza de Frigideira com Massa de Aveia,1743.9,86.7,190.3,66.7
mp_150,Emagrecimento - 1800 kcal,omnivore,5,6,Café da manhã: Tapioca de Frango com Requeijão Light | Lanche: Tapioca Doce de Amendoim e Morango | Almoço: Bacalhau com Batata e Ovo | Lanche: Tapioca Doce de Amendoim e Morango | Janta: Pizza de Frigideira com Massa de Aveia,1743.9,86.7,190.3,66.7
mp_150,Emagrecimento - 1800 kcal,omnivore,5,7,Café da manhã: Tapioca de Frango com Requeijão Light | Lanche: Tapioca Doce de Amendoim e Morango | Almoço: Bacalhau com Batata e Ovo | Lanche: Tapioca Doce de Amendoim e Morango | Janta: Pizza de Frigideira com Massa de Aveia,1743.9,86.7,190.3,66.7
mp_151,Hipertrofia - 2800 kcal,omnivore,6,1,Café da manhã: Pão Integral com Pasta de Amendoim e Geleia | Lanche: Tapioca Doce de Amendoim e Morango | Almoço: Prato Feito Turbinado (Ovo e Fritas) | Lanche: Tapioca Doce de Amendoim e Morango | Janta: Wrap de Kebab de Carne | Lanche: Tapioca Doce de Amendoim e Morango,2651,99.5,305.3,116.6
mp_151,Hipertrofia - 2800 kcal,omnivore,6,2,Café da manhã: Pão Integral com Pasta de Amendoim e Geleia | Lanche: Tapioca Doce de Amendoim e Morango | Almoço: Prato Feito Turbinado (Ovo e Fritas) | Lanche: Tapioca Doce de Amendoim e Morango | Janta: Wrap de Kebab de Carne | Lanche: Tapioca Doce de Amendoim e Morango,2651,99.5,305.3,116.6
mp_151,Hipertrofia - 2800 kcal,omnivore,6,3,Café da manhã: Pão Integral com Pasta de Amendoim e Geleia | Lanche: Tapioca Doce de Amendoim e Morango | Almoço: Prato Feito Turbinado (Ovo e Fritas) | Lanche: Tapioca Doce de Amendoim e Morango | Janta: Wrap de Kebab de Carne | Lanche: Tapioca Doce de Amendoim e Morango,2651,99.5,305.3,116.6
mp_151,Hipertrofia - 2800 kcal,omnivore,6,4,Café da manhã: Pão Integral com Pasta de Amendoim e Geleia | Lanche: Tapioca Doce de Amendoim e Morango | Almoço: Prato Feito Turbinado (Ovo e Fritas) | Lanche: Tapioca Doce de Amendoim e Morango | Janta: Wrap de Kebab de Carne | Lanche: Tapioca Doce de Amendoim e Morango,2651,99.5,305.3,116.6
mp_151,Hipertrofia - 2800 kcal,omnivore,6,5,Café da manhã: Pão Integral com Pasta de Amendoim e Geleia | Lanche: Tapioca Doce de Amendoim e Morango | Almoço: Prato Feito Turbinado (Ovo e Fritas) | Lanche: Tapioca Doce de Amendoim e Morango | Janta: Wrap de Kebab de Carne | Lanche: Tapioca Doce de Amendoim e Morango,2651,99.5,305.3,116.6
mp_151,Hipertrofia - 2800 kcal,omnivore,6,6,Café da manhã: Pão Integral com Pasta de Amendoim e Geleia | Lanche: Tapioca Doce de Amendoim e Morango | Almoço: Prato Feito Turbinado (Ovo e Fritas) | Lanche: Tapioca Doce de Amendoim e Morango | Janta: Wrap de Kebab de Carne | Lanche: Tapioca Doce de Amendoim e Morango,2651,99.5,305.3,116.6
mp_151,Hipertrofia - 2800 kcal,omnivore,6,7,Café da manhã: Pão Integral com Pasta de Amendoim e Geleia | Lanche: Tapioca Doce de Amendoim e Morango | Almoço: Prato Feito Turbinado (Ovo e Fritas) | Lanche: Tapioca Doce de Amendoim e Morango | Janta: Wrap de Kebab de Carne | Lanche: Tapioca Doce de Amendoim e Morango,2651,99.5,305.3,116.6
mp_152,Emagrecimento - 1200 kcal,omnivore,6,1,Café da manhã: Crepioca de Ricota | Lanche: Suco Verde Detox Intenso | Almoço: Salada de Frango Rápida | Lanche: Pudim de Chia de Cacau | Janta: Frango Desfiado com Purê de Abóbora | Lanche: Pudim de Chia de Cacau,1145,85.5,83,49.5
mp_152,Emagrecimento - 1200 kcal,omnivore,6,2,Café da manhã: Crepioca de Ricota | Lanche: Suco Verde Detox Intenso | Almoço: Salada de Frango Rápida | Lanche: Pudim de Chia de Cacau | Janta: Frango Desfiado com Purê de Abóbora | Lanche: Pudim de Chia de Cacau,1145,85.5,83,49.5
mp_152,Emagrecimento - 1200 kcal,omnivore,6,3,Café da manhã: Crepioca de Ricota | Lanche: Suco Verde Detox Intenso | Almoço: Salada de Frango Rápida | Lanche: Pudim de Chia de Cacau | Janta: Frango Desfiado com Purê de Abóbora | Lanche: Pudim de Chia de Cacau,1145,85.5,83,49.5
mp_152,Emagrecimento - 1200 kcal,omnivore,6,4,Café da manhã: Crepioca de Ricota | Lanche: Suco Verde Detox Intenso | Almoço: Salada de Frango Rápida | Lanche: Pudim de Chia de Cacau | Janta: Frango Desfiado com Purê de Abóbora | Lanche: Pudim de Chia de Cacau,1145,85.5,83,49.5
mp_152,Emagrecimento - 1200 kcal,omnivore,6,5,Café da manhã: Crepioca de Ricota | Lanche: Suco Verde Detox Intenso | Almoço: Salada de Frango Rápida | Lanche: Pudim de Chia de Cacau | Janta: Frango Desfiado com Purê de Abóbora | Lanche: Pudim de Chia de Cacau,1145,85.5,83,49.5
mp_152,Emagrecimento - 1200 kcal,omnivore,6,6,Café da manhã: Crepioca de Ricota | Lanche: Suco Verde Detox Intenso | Almoço: Salada de Frango Rápida | Lanche: Pudim de Chia de Cacau | Janta: Frango Desfiado com Purê de Abóbora | Lanche: Pudim de Chia de Cacau,1145,85.5,83,49.5
mp_152,Emagrecimento - 1200 kcal,omnivore,6,7,Café da manhã: Crepioca de Ricota | Lanche: Suco Verde Detox Intenso | Almoço: Salada de Frango Rápida | Lanche: Pudim de Chia de Cacau | Janta: Frango Desfiado com Purê de Abóbora | Lanche: Pudim de Chia de Cacau,1145,85.5,83,49.5
mp_153,Manutenção - 2000 kcal,omnivore,6,1,Café da manhã: Pão Integral com Pasta de Amendoim e Geleia | Lanche: Bolo de Caneca de Aveia e Cacau | Almoço: Cuscuz Marroquino com Grão-de-Bico | Lanche: Batido de Morango e Pasta de Amendoim | Janta: Panqueca de Frango Desfiado | Lanche: Batido de Morango e Pasta de Amendoim,1857,87.1,200.3,80.3
mp_153,Manutenção - 2000 kcal,omnivore,6,2,Café da manhã: Pão Integral com Pasta de Amendoim e Geleia | Lanche: Bolo de Caneca de Aveia e Cacau | Almoço: Cuscuz Marroquino com Grão-de-Bico | Lanche: Batido de Morango e Pasta de Amendoim | Janta: Panqueca de Frango Desfiado | Lanche: Batido de Morango e Pasta de Amendoim,1857,87.1,200.3,80.3
mp_153,Manutenção - 2000 kcal,omnivore,6,3,Café da manhã: Pão Integral com Pasta de Amendoim e Geleia | Lanche: Bolo de Caneca de Aveia e Cacau | Almoço: Cuscuz Marroquino com Grão-de-Bico | Lanche: Batido de Morango e Pasta de Amendoim | Janta: Panqueca de Frango Desfiado | Lanche: Batido de Morango e Pasta de Amendoim,1857,87.1,200.3,80.3
mp_153,Manutenção - 2000 kcal,omnivore,6,4,Café da manhã: Pão Integral com Pasta de Amendoim e Geleia | Lanche: Bolo de Caneca de Aveia e Cacau | Almoço: Cuscuz Marroquino com Grão-de-Bico | Lanche: Batido de Morango e Pasta de Amendoim | Janta: Panqueca de Frango Desfiado | Lanche: Batido de Morango e Pasta de Amendoim,1857,87.1,200.3,80.3
mp_153,Manutenção - 2000 kcal,omnivore,6,5,Café da manhã: Pão Integral com Pasta de Amendoim e Geleia | Lanche: Bolo de Caneca de Aveia e Cacau | Almoço: Cuscuz Marroquino com Grão-de-Bico | Lanche: Batido de Morango e Pasta de Amendoim | Janta: Panqueca de Frango Desfiado | Lanche: Batido de Morango e Pasta de Amendoim,1857,87.1,200.3,80.3
mp_153,Manutenção - 2000 kcal,omnivore,6,6,Café da manhã: Pão Integral com Pasta de Amendoim e Geleia | Lanche: Bolo de Caneca de Aveia e Cacau | Almoço: Cuscuz Marroquino com Grão-de-Bico | Lanche: Batido de Morango e Pasta de Amendoim | Janta: Panqueca de Frango Desfiado | Lanche: Batido de Morango e Pasta de Amendoim,1857,87.1,200.3,80.3
mp_153,Manutenção - 2000 kcal,omnivore,6,7,Café da manhã: Pão Integral com Pasta de Amendoim e Geleia | Lanche: Bolo de Caneca de Aveia e Cacau | Almoço: Cuscuz Marroquino com Grão-de-Bico | Lanche: Batido de Morango e Pasta de Amendoim | Janta: Panqueca de Frango Desfiado | Lanche: Batido de Morango e Pasta de Amendoim,1857,87.1,200.3,80.3
mp_154,Manutenção - 1800 kcal,omnivore,3,1,Café da manhã: Tapioca de Frango com Requeijão Light | Almoço: Macarrão com Queijo Clássico (Mac & Cheese) | Janta: Pizza de Calabresa em Casa,1433,69.4,157.3,51.4
mp_154,Manutenção - 1800 kcal,omnivore,3,2,Café da manhã: Tapioca de Frango com Requeijão Light | Almoço: Macarrão com Queijo Clássico (Mac & Cheese) | Janta: Pizza de Calabresa em Casa,1433,69.4,157.3,51.4
mp_154,Manutenção - 1800 kcal,omnivore,3,3,Café da manhã: Tapioca de Frango com Requeijão Light | Almoço: Macarrão com Queijo Clássico (Mac & Cheese) | Janta: Pizza de Calabresa em Casa,1433,69.4,157.3,51.4
mp_154,Manutenção - 1800 kcal,omnivore,3,4,Café da manhã: Tapioca de Frango com Requeijão Light | Almoço: Macarrão com Queijo Clássico (Mac & Cheese) | Janta: Pizza de Calabresa em Casa,1433,69.4,157.3,51.4
mp_154,Manutenção - 1800 kcal,omnivore,3,5,Café da manhã: Tapioca de Frango com Requeijão Light | Almoço: Macarrão com Queijo Clássico (Mac & Cheese) | Janta: Pizza de Calabresa em Casa,1433,69.4,157.3,51.4
mp_154,Manutenção - 1800 kcal,omnivore,3,6,Café da manhã: Tapioca de Frango com Requeijão Light | Almoço: Macarrão com Queijo Clássico (Mac & Cheese) | Janta: Pizza de Calabresa em Casa,1433,69.4,157.3,51.4
mp_154,Manutenção - 1800 kcal,omnivore,3,7,Café da manhã: Tapioca de Frango com Requeijão Light | Almoço: Macarrão com Queijo Clássico (Mac & Cheese) | Janta: Pizza de Calabresa em Casa,1433,69.4,157.3,51.4
mp_155,Emagrecimento - 2200 kcal,omnivore,5,1,Café da manhã: Pão Integral com Pasta de Amendoim e Geleia | Lanche: Batido Hipercalórico (Mass Gainer Caseiro) | Almoço: Prato Feito Turbinado (Ovo e Fritas) | Lanche: Batido Hipercalórico (Mass Gainer Caseiro) | Janta: Escondidinho Vegano de Grão-de-Bico,2590,137.0,316.3,87.1
mp_155,Emagrecimento - 2200 kcal,omnivore,5,2,Café da manhã: Pão Integral com Pasta de Amendoim e Geleia | Lanche: Batido Hipercalórico (Mass Gainer Caseiro) | Almoço: Prato Feito Turbinado (Ovo e Fritas) | Lanche: Batido Hipercalórico (Mass Gainer Caseiro) | Janta: Escondidinho Vegano de Grão-de-Bico,2590,137.0,316.3,87.1
mp_155,Emagrecimento - 2200 kcal,omnivore,5,3,Café da manhã: Pão Integral com Pasta de Amendoim e Geleia | Lanche: Batido Hipercalórico (Mass Gainer Caseiro) | Almoço: Prato Feito Turbinado (Ovo e Fritas) | Lanche: Batido Hipercalórico (Mass Gainer Caseiro) | Janta: Escondidinho Vegano de Grão-de-Bico,2590,137.0,316.3,87.1
mp_155,Emagrecimento - 2200 kcal,omnivore,5,4,Café da manhã: Pão Integral com Pasta de Amendoim e Geleia | Lanche: Batido Hipercalórico (Mass Gainer Caseiro) | Almoço: Prato Feito Turbinado (Ovo e Fritas) | Lanche: Batido Hipercalórico (Mass Gainer Caseiro) | Janta: Escondidinho Vegano de Grão-de-Bico,2590,137.0,316.3,87.1
mp_155,Emagrecimento - 2200 kcal,omnivore,5,5,Café da manhã: Pão Integral com Pasta de Amendoim e Geleia | Lanche: Batido Hipercalórico (Mass Gainer Caseiro) | Almoço: Prato Feito Turbinado (Ovo e Fritas) | Lanche: Batido Hipercalórico (Mass Gainer Caseiro) | Janta: Escondidinho Vegano de Grão-de-Bico,2590,137.0,316.3,87.1
mp_155,Emagrecimento - 2200 kcal,omnivore,5,6,Café da manhã: Pão Integral com Pasta de Amendoim e Geleia | Lanche: Batido Hipercalórico (Mass Gainer Caseiro) | Almoço: Prato Feito Turbinado (Ovo e Fritas) | Lanche: Batido Hipercalórico (Mass Gainer Caseiro) | Janta: Escondidinho Vegano de Grão-de-Bico,2590,137.0,316.3,87.1
mp_155,Emagrecimento - 2200 kcal,omnivore,5,7,Café da manhã: Pão Integral com Pasta de Amendoim e Geleia | Lanche: Batido Hipercalórico (Mass Gainer Caseiro) | Almoço: Prato Feito Turbinado (Ovo e Fritas) | Lanche: Batido Hipercalórico (Mass Gainer Caseiro) | Janta: Escondidinho Vegano de Grão-de-Bico,2590,137.0,316.3,87.1
mp_156,Manutenção - 2000 kcal,omnivore,4,1,Café da manhã: Pão Integral com Pasta de Amendoim e Geleia | Almoço: Risoto Falso de Quinoa e Funghi | Janta: Panqueca de Frango Desfiado | Lanche: Batata Frita com Queijo e Bacon,1747,75.7,187.3,79.0
mp_156,Manutenção - 2000 kcal,omnivore,4,2,Café da manhã: Pão Integral com Pasta de Amendoim e Geleia | Almoço: Risoto Falso de Quinoa e Funghi | Janta: Panqueca de Frango Desfiado | Lanche: Batata Frita com Queijo e Bacon,1747,75.7,187.3,79.0
mp_156,Manutenção - 2000 kcal,omnivore,4,3,Café da manhã: Pão Integral com Pasta de Amendoim e Geleia | Almoço: Risoto Falso de Quinoa e Funghi | Janta: Panqueca de Frango Desfiado | Lanche: Batata Frita com Queijo e Bacon,1747,75.7,187.3,79.0
mp_156,Manutenção - 2000 kcal,omnivore,4,4,Café da manhã: Pão Integral com Pasta de Amendoim e Geleia | Almoço: Risoto Falso de Quinoa e Funghi | Janta: Panqueca de Frango Desfiado | Lanche: Batata Frita com Queijo e Bacon,1747,75.7,187.3,79.0
mp_156,Manutenção - 2000 kcal,omnivore,4,5,Café da manhã: Pão Integral com Pasta de Amendoim e Geleia | Almoço: Risoto Falso de Quinoa e Funghi | Janta: Panqueca de Frango Desfiado | Lanche: Batata Frita com Queijo e Bacon,1747,75.7,187.3,79.0
mp_156,Manutenção - 2000 kcal,omnivore,4,6,Café da manhã: Pão Integral com Pasta de Amendoim e Geleia | Almoço: Risoto Falso de Quinoa e Funghi | Janta: Panqueca de Frango Desfiado | Lanche: Batata Frita com Queijo e Bacon,1747,75.7,187.3,79.0
mp_156,Manutenção - 2000 kcal,omnivore,4,7,Café da manhã: Pão Integral com Pasta de Amendoim e Geleia | Almoço: Risoto Falso de Quinoa e Funghi | Janta: Panqueca de Frango Desfiado | Lanche: Batata Frita com Queijo e Bacon,1747,75.7,187.3,79.0
mp_157,Emagrecimento - 1400 kcal,vegetarian,6,1,Café da manhã: Ovo Cozido com Batata Doce Amassada | Lanche: Sorvete Caseiro de Banana e Morango | Almoço: Sanduíche de Ovo Cozido | Lanche: Brigadeiro de Colher (Sem Açúcar) | Janta: Pizza de Frigideira com Massa de Aveia | Lanche: Brigadeiro de Colher (Sem Açúcar),1351,54.3,147.0,61.0
mp_157,Emagrecimento - 1400 kcal,vegetarian,6,2,Café da manhã: Ovo Cozido com Batata Doce Amassada | Lanche: Sorvete Caseiro de Banana e Morango | Almoço: Sanduíche de Ovo Cozido | Lanche: Brigadeiro de Colher (Sem Açúcar) | Janta: Pizza de Frigideira com Massa de Aveia | Lanche: Brigadeiro de Colher (Sem Açúcar),1351,54.3,147.0,61.0
mp_157,Emagrecimento - 1400 kcal,vegetarian,6,3,Café da manhã: Ovo Cozido com Batata Doce Amassada | Lanche: Sorvete Caseiro de Banana e Morango | Almoço: Sanduíche de Ovo Cozido | Lanche: Brigadeiro de Colher (Sem Açúcar) | Janta: Pizza de Frigideira com Massa de Aveia | Lanche: Brigadeiro de Colher (Sem Açúcar),1351,54.3,147.0,61.0
mp_157,Emagrecimento - 1400 kcal,vegetarian,6,4,Café da manhã: Ovo Cozido com Batata Doce Amassada | Lanche: Sorvete Caseiro de Banana e Morango | Almoço: Sanduíche de Ovo Cozido | Lanche: Brigadeiro de Colher (Sem Açúcar) | Janta: Pizza de Frigideira com Massa de Aveia | Lanche: Brigadeiro de Colher (Sem Açúcar),1351,54.3,147.0,61.0
mp_157,Emagrecimento - 1400 kcal,vegetarian,6,5,Café da manhã: Ovo Cozido com Batata Doce Amassada | Lanche: Sorvete Caseiro de Banana e Morango | Almoço: Sanduíche de Ovo Cozido | Lanche: Brigadeiro de Colher (Sem Açúcar) | Janta: Pizza de Frigideira com Massa de Aveia | Lanche: Brigadeiro de Colher (Sem Açúcar),1351,54.3,147.0,61.0
mp_157,Emagrecimento - 1400 kcal,vegetarian,6,6,Café da manhã: Ovo Cozido com Batata Doce Amassada | Lanche: Sorvete Caseiro de Banana e Morango | Almoço: Sanduíche de Ovo Cozido | Lanche: Brigadeiro de Colher (Sem Açúcar) | Janta: Pizza de Frigideira com Massa de Aveia | Lanche: Brigadeiro de Colher (Sem Açúcar),1351,54.3,147.0,61.0
mp_157,Emagrecimento - 1400 kcal,vegetarian,6,7,Café da manhã: Ovo Cozido com Batata Doce Amassada | Lanche: Sorvete Caseiro de Banana e Morango | Almoço: Sanduíche de Ovo Cozido | Lanche: Brigadeiro de Colher (Sem Açúcar) | Janta: Pizza de Frigideira com Massa de Aveia | Lanche: Brigadeiro de Colher (Sem Açúcar),1351,54.3,147.0,61.0
mp_158,Hipertrofia - 2200 kcal,omnivore,6,1,Café da manhã: Omelete de Presunto e Queijo | Lanche: Kombucha de Morango Caseira | Almoço: Macarrão com Queijo Clássico (Mac & Cheese) | Lanche: Batido de Abacate Proteico | Janta: Escondidinho Vegano de Grão-de-Bico | Lanche: Batata Frita com Queijo e Bacon,2210,105.1,198.5,109.5
mp_158,Hipertrofia - 2200 kcal,omnivore,6,2,Café da manhã: Omelete de Presunto e Queijo | Lanche: Kombucha de Morango Caseira | Almoço: Macarrão com Queijo Clássico (Mac & Cheese) | Lanche: Batido de Abacate Proteico | Janta: Escondidinho Vegano de Grão-de-Bico | Lanche: Batata Frita com Queijo e Bacon,2210,105.1,198.5,109.5
mp_158,Hipertrofia - 2200 kcal,omnivore,6,3,Café da manhã: Omelete de Presunto e Queijo | Lanche: Kombucha de Morango Caseira | Almoço: Macarrão com Queijo Clássico (Mac & Cheese) | Lanche: Batido de Abacate Proteico | Janta: Escondidinho Vegano de Grão-de-Bico | Lanche: Batata Frita com Queijo e Bacon,2210,105.1,198.5,109.5
mp_158,Hipertrofia - 2200 kcal,omnivore,6,4,Café da manhã: Omelete de Presunto e Queijo | Lanche: Kombucha de Morango Caseira | Almoço: Macarrão com Queijo Clássico (Mac & Cheese) | Lanche: Batido de Abacate Proteico | Janta: Escondidinho Vegano de Grão-de-Bico | Lanche: Batata Frita com Queijo e Bacon,2210,105.1,198.5,109.5
mp_158,Hipertrofia - 2200 kcal,omnivore,6,5,Café da manhã: Omelete de Presunto e Queijo | Lanche: Kombucha de Morango Caseira | Almoço: Macarrão com Queijo Clássico (Mac & Cheese) | Lanche: Batido de Abacate Proteico | Janta: Escondidinho Vegano de Grão-de-Bico | Lanche: Batata Frita com Queijo e Bacon,2210,105.1,198.5,109.5
mp_158,Hipertrofia - 2200 kcal,omnivore,6,6,Café da manhã: Omelete de Presunto e Queijo | Lanche: Kombucha de Morango Caseira | Almoço: Macarrão com Queijo Clássico (Mac & Cheese) | Lanche: Batido de Abacate Proteico | Janta: Escondidinho Vegano de Grão-de-Bico | Lanche: Batata Frita com Queijo e Bacon,2210,105.1,198.5,109.5
mp_158,Hipertrofia - 2200 kcal,omnivore,6,7,Café da manhã: Omelete de Presunto e Queijo | Lanche: Kombucha de Morango Caseira | Almoço: Macarrão com Queijo Clássico (Mac & Cheese) | Lanche: Batido de Abacate Proteico | Janta: Escondidinho Vegano de Grão-de-Bico | Lanche: Batata Frita com Queijo e Bacon,2210,105.1,198.5,109.5
mp_159,Emagrecimento - 2200 kcal,omnivore,6,1,Café da manhã: Pão Integral com Pasta de Amendoim e Geleia | Lanche: Batido de Abacate Proteico | Almoço: Iscas de Mignon com Shoyu e Brócolis | Lanche: Batido de Abacate Proteico | Janta: Escondidinho Vegano de Grão-de-Bico | Lanche: Batido Hipercalórico (Mass Gainer Caseiro),2217,153.1,203.3,89.5
mp_159,Emagrecimento - 2200 kcal,omnivore,6,2,Café da manhã: Pão Integral com Pasta de Amendoim e Geleia | Lanche: Batido de Abacate Proteico | Almoço: Iscas de Mignon com Shoyu e Brócolis | Lanche: Batido de Abacate Proteico | Janta: Escondidinho Vegano de Grão-de-Bico | Lanche: Batido Hipercalórico (Mass Gainer Caseiro),2217,153.1,203.3,89.5
mp_159,Emagrecimento - 2200 kcal,omnivore,6,3,Café da manhã: Pão Integral com Pasta de Amendoim e Geleia | Lanche: Batido de Abacate Proteico | Almoço: Iscas de Mignon com Shoyu e Brócolis | Lanche: Batido de Abacate Proteico | Janta: Escondidinho Vegano de Grão-de-Bico | Lanche: Batido Hipercalórico (Mass Gainer Caseiro),2217,153.1,203.3,89.5
mp_159,Emagrecimento - 2200 kcal,omnivore,6,4,Café da manhã: Pão Integral com Pasta de Amendoim e Geleia | Lanche: Batido de Abacate Proteico | Almoço: Iscas de Mignon com Shoyu e Brócolis | Lanche: Batido de Abacate Proteico | Janta: Escondidinho Vegano de Grão-de-Bico | Lanche: Batido Hipercalórico (Mass Gainer Caseiro),2217,153.1,203.3,89.5
mp_159,Emagrecimento - 2200 kcal,omnivore,6,5,Café da manhã: Pão Integral com Pasta de Amendoim e Geleia | Lanche: Batido de Abacate Proteico | Almoço: Iscas de Mignon com Shoyu e Brócolis | Lanche: Batido de Abacate Proteico | Janta: Escondidinho Vegano de Grão-de-Bico | Lanche: Batido Hipercalórico (Mass Gainer Caseiro),2217,153.1,203.3,89.5
mp_159,Emagrecimento - 2200 kcal,omnivore,6,6,Café da manhã: Pão Integral com Pasta de Amendoim e Geleia | Lanche: Batido de Abacate Proteico | Almoço: Iscas de Mignon com Shoyu e Brócolis | Lanche: Batido de Abacate Proteico | Janta: Escondidinho Vegano de Grão-de-Bico | Lanche: Batido Hipercalórico (Mass Gainer Caseiro),2217,153.1,203.3,89.5
mp_159,Emagrecimento - 2200 kcal,omnivore,6,7,Café da manhã: Pão Integral com Pasta de Amendoim e Geleia | Lanche: Batido de Abacate Proteico | Almoço: Iscas de Mignon com Shoyu e Brócolis | Lanche: Batido de Abacate Proteico | Janta: Escondidinho Vegano de Grão-de-Bico | Lanche: Batido Hipercalórico (Mass Gainer Caseiro),2217,153.1,203.3,89.5
mp_160,Emagrecimento - 1600 kcal,omnivore,5,1,Café da manhã: Mingau de Aveia com Banana | Lanche: Sanduíche de Pasta de Amendoim Quente | Almoço: Bife a Cavalo com Batata Doce | Lanche: Sanduíche de Pasta de Amendoim Quente | Janta: Almôndegas Caseiras de Patinho,1836.6,111.1,188.3,73.2
mp_160,Emagrecimento - 1600 kcal,omnivore,5,2,Café da manhã: Mingau de Aveia com Banana | Lanche: Sanduíche de Pasta de Amendoim Quente | Almoço: Bife a Cavalo com Batata Doce | Lanche: Sanduíche de Pasta de Amendoim Quente | Janta: Almôndegas Caseiras de Patinho,1836.6,111.1,188.3,73.2
mp_160,Emagrecimento - 1600 kcal,omnivore,5,3,Café da manhã: Mingau de Aveia com Banana | Lanche: Sanduíche de Pasta de Amendoim Quente | Almoço: Bife a Cavalo com Batata Doce | Lanche: Sanduíche de Pasta de Amendoim Quente | Janta: Almôndegas Caseiras de Patinho,1836.6,111.1,188.3,73.2
mp_160,Emagrecimento - 1600 kcal,omnivore,5,4,Café da manhã: Mingau de Aveia com Banana | Lanche: Sanduíche de Pasta de Amendoim Quente | Almoço: Bife a Cavalo com Batata Doce | Lanche: Sanduíche de Pasta de Amendoim Quente | Janta: Almôndegas Caseiras de Patinho,1836.6,111.1,188.3,73.2
mp_160,Emagrecimento - 1600 kcal,omnivore,5,5,Café da manhã: Mingau de Aveia com Banana | Lanche: Sanduíche de Pasta de Amendoim Quente | Almoço: Bife a Cavalo com Batata Doce | Lanche: Sanduíche de Pasta de Amendoim Quente | Janta: Almôndegas Caseiras de Patinho,1836.6,111.1,188.3,73.2
mp_160,Emagrecimento - 1600 kcal,omnivore,5,6,Café da manhã: Mingau de Aveia com Banana | Lanche: Sanduíche de Pasta de Amendoim Quente | Almoço: Bife a Cavalo com Batata Doce | Lanche: Sanduíche de Pasta de Amendoim Quente | Janta: Almôndegas Caseiras de Patinho,1836.6,111.1,188.3,73.2
mp_160,Emagrecimento - 1600 kcal,omnivore,5,7,Café da manhã: Mingau de Aveia com Banana | Lanche: Sanduíche de Pasta de Amendoim Quente | Almoço: Bife a Cavalo com Batata Doce | Lanche: Sanduíche de Pasta de Amendoim Quente | Janta: Almôndegas Caseiras de Patinho,1836.6,111.1,188.3,73.2
mp_161,Manutenção - 2200 kcal,omnivore,5,1,Café da manhã: Pão Integral com Pasta de Amendoim e Geleia | Lanche: Batido Hipercalórico (Mass Gainer Caseiro) | Almoço: Bife a Cavalo com Batata Doce | Lanche: Batido Hipercalórico (Mass Gainer Caseiro) | Janta: Frango ao Curry com Leite de Coco,2332,156.1,211.3,93.0
mp_161,Manutenção - 2200 kcal,omnivore,5,2,Café da manhã: Pão Integral com Pasta de Amendoim e Geleia | Lanche: Batido Hipercalórico (Mass Gainer Caseiro) | Almoço: Bife a Cavalo com Batata Doce | Lanche: Batido Hipercalórico (Mass Gainer Caseiro) | Janta: Frango ao Curry com Leite de Coco,2332,156.1,211.3,93.0
mp_161,Manutenção - 2200 kcal,omnivore,5,3,Café da manhã: Pão Integral com Pasta de Amendoim e Geleia | Lanche: Batido Hipercalórico (Mass Gainer Caseiro) | Almoço: Bife a Cavalo com Batata Doce | Lanche: Batido Hipercalórico (Mass Gainer Caseiro) | Janta: Frango ao Curry com Leite de Coco,2332,156.1,211.3,93.0
mp_161,Manutenção - 2200 kcal,omnivore,5,4,Café da manhã: Pão Integral com Pasta de Amendoim e Geleia | Lanche: Batido Hipercalórico (Mass Gainer Caseiro) | Almoço: Bife a Cavalo com Batata Doce | Lanche: Batido Hipercalórico (Mass Gainer Caseiro) | Janta: Frango ao Curry com Leite de Coco,2332,156.1,211.3,93.0
mp_161,Manutenção - 2200 kcal,omnivore,5,5,Café da manhã: Pão Integral com Pasta de Amendoim e Geleia | Lanche: Batido Hipercalórico (Mass Gainer Caseiro) | Almoço: Bife a Cavalo com Batata Doce | Lanche: Batido Hipercalórico (Mass Gainer Caseiro) | Janta: Frango ao Curry com Leite de Coco,2332,156.1,211.3,93.0
mp_161,Manutenção - 2200 kcal,omnivore,5,6,Café da manhã: Pão Integral com Pasta de Amendoim e Geleia | Lanche: Batido Hipercalórico (Mass Gainer Caseiro) | Almoço: Bife a Cavalo com Batata Doce | Lanche: Batido Hipercalórico (Mass Gainer Caseiro) | Janta: Frango ao Curry com Leite de Coco,2332,156.1,211.3,93.0
mp_161,Manutenção - 2200 kcal,omnivore,5,7,Café da manhã: Pão Integral com Pasta de Amendoim e Geleia | Lanche: Batido Hipercalórico (Mass Gainer Caseiro) | Almoço: Bife a Cavalo com Batata Doce | Lanche: Batido Hipercalórico (Mass Gainer Caseiro) | Janta: Frango ao Curry com Leite de Coco,2332,156.1,211.3,93.0
mp_162,Emagrecimento - 1200 kcal,omnivore,5,1,Café da manhã: Crepioca de Ricota | Lanche: Torrada Integral com Requeijão e Orégano | Almoço: Nuggets Vegetais com Purê de Batata | Lanche: Bolo de Chocolate de Microondas Fit | Janta: Peixe Assado no Papelote com Cenoura,1250,70.5,121,51.5
mp_162,Emagrecimento - 1200 kcal,omnivore,5,2,Café da manhã: Crepioca de Ricota | Lanche: Torrada Integral com Requeijão e Orégano | Almoço: Nuggets Vegetais com Purê de Batata | Lanche: Bolo de Chocolate de Microondas Fit | Janta: Peixe Assado no Papelote com Cenoura,1250,70.5,121,51.5
mp_162,Emagrecimento - 1200 kcal,omnivore,5,3,Café da manhã: Crepioca de Ricota | Lanche: Torrada Integral com Requeijão e Orégano | Almoço: Nuggets Vegetais com Purê de Batata | Lanche: Bolo de Chocolate de Microondas Fit | Janta: Peixe Assado no Papelote com Cenoura,1250,70.5,121,51.5
mp_162,Emagrecimento - 1200 kcal,omnivore,5,4,Café da manhã: Crepioca de Ricota | Lanche: Torrada Integral com Requeijão e Orégano | Almoço: Nuggets Vegetais com Purê de Batata | Lanche: Bolo de Chocolate de Microondas Fit | Janta: Peixe Assado no Papelote com Cenoura,1250,70.5,121,51.5
mp_162,Emagrecimento - 1200 kcal,omnivore,5,5,Café da manhã: Crepioca de Ricota | Lanche: Torrada Integral com Requeijão e Orégano | Almoço: Nuggets Vegetais com Purê de Batata | Lanche: Bolo de Chocolate de Microondas Fit | Janta: Peixe Assado no Papelote com Cenoura,1250,70.5,121,51.5
mp_162,Emagrecimento - 1200 kcal,omnivore,5,6,Café da manhã: Crepioca de Ricota | Lanche: Torrada Integral com Requeijão e Orégano | Almoço: Nuggets Vegetais com Purê de Batata | Lanche: Bolo de Chocolate de Microondas Fit | Janta: Peixe Assado no Papelote com Cenoura,1250,70.5,121,51.5
mp_162,Emagrecimento - 1200 kcal,omnivore,5,7,Café da manhã: Crepioca de Ricota | Lanche: Torrada Integral com Requeijão e Orégano | Almoço: Nuggets Vegetais com Purê de Batata | Lanche: Bolo de Chocolate de Microondas Fit | Janta: Peixe Assado no Papelote com Cenoura,1250,70.5,121,51.5
mp_163,Emagrecimento - 1200 kcal,omnivore,6,1,Café da manhã: Crepioca de Ricota | Lanche: Pudim de Chia de Cacau | Almoço: Salada de Frango Rápida | Lanche: Pudim de Chia de Cacau | Janta: Frango Desfiado com Purê de Abóbora | Lanche: Pudim de Chia de Cacau,1220,87,77,59
mp_163,Emagrecimento - 1200 kcal,omnivore,6,2,Café da manhã: Crepioca de Ricota | Lanche: Pudim de Chia de Cacau | Almoço: Salada de Frango Rápida | Lanche: Pudim de Chia de Cacau | Janta: Frango Desfiado com Purê de Abóbora | Lanche: Pudim de Chia de Cacau,1220,87,77,59
mp_163,Emagrecimento - 1200 kcal,omnivore,6,3,Café da manhã: Crepioca de Ricota | Lanche: Pudim de Chia de Cacau | Almoço: Salada de Frango Rápida | Lanche: Pudim de Chia de Cacau | Janta: Frango Desfiado com Purê de Abóbora | Lanche: Pudim de Chia de Cacau,1220,87,77,59
mp_163,Emagrecimento - 1200 kcal,omnivore,6,4,Café da manhã: Crepioca de Ricota | Lanche: Pudim de Chia de Cacau | Almoço: Salada de Frango Rápida | Lanche: Pudim de Chia de Cacau | Janta: Frango Desfiado com Purê de Abóbora | Lanche: Pudim de Chia de Cacau,1220,87,77,59
mp_163,Emagrecimento - 1200 kcal,omnivore,6,5,Café da manhã: Crepioca de Ricota | Lanche: Pudim de Chia de Cacau | Almoço: Salada de Frango Rápida | Lanche: Pudim de Chia de Cacau | Janta: Frango Desfiado com Purê de Abóbora | Lanche: Pudim de Chia de Cacau,1220,87,77,59
mp_163,Emagrecimento - 1200 kcal,omnivore,6,6,Café da manhã: Crepioca de Ricota | Lanche: Pudim de Chia de Cacau | Almoço: Salada de Frango Rápida | Lanche: Pudim de Chia de Cacau | Janta: Frango Desfiado com Purê de Abóbora | Lanche: Pudim de Chia de Cacau,1220,87,77,59
mp_163,Emagrecimento - 1200 kcal,omnivore,6,7,Café da manhã: Crepioca de Ricota | Lanche: Pudim de Chia de Cacau | Almoço: Salada de Frango Rápida | Lanche: Pudim de Chia de Cacau | Janta: Frango Desfiado com Purê de Abóbora | Lanche: Pudim de Chia de Cacau,1220,87,77,59
mp_164,Manutenção - 2200 kcal,omnivore,5,1,Café da manhã: Pão Integral com Pasta de Amendoim e Geleia | Lanche: Batido Hipercalórico (Mass Gainer Caseiro) | Almoço: Prato Feito Turbinado (Ovo e Fritas) | Lanche: Batido Hipercalórico (Mass Gainer Caseiro) | Janta: Escondidinho Vegano de Grão-de-Bico,2590,137.0,316.3,87.1
mp_164,Manutenção - 2200 kcal,omnivore,5,2,Café da manhã: Pão Integral com Pasta de Amendoim e Geleia | Lanche: Batido Hipercalórico (Mass Gainer Caseiro) | Almoço: Prato Feito Turbinado (Ovo e Fritas) | Lanche: Batido Hipercalórico (Mass Gainer Caseiro) | Janta: Escondidinho Vegano de Grão-de-Bico,2590,137.0,316.3,87.1
mp_164,Manutenção - 2200 kcal,omnivore,5,3,Café da manhã: Pão Integral com Pasta de Amendoim e Geleia | Lanche: Batido Hipercalórico (Mass Gainer Caseiro) | Almoço: Prato Feito Turbinado (Ovo e Fritas) | Lanche: Batido Hipercalórico (Mass Gainer Caseiro) | Janta: Escondidinho Vegano de Grão-de-Bico,2590,137.0,316.3,87.1
mp_164,Manutenção - 2200 kcal,omnivore,5,4,Café da manhã: Pão Integral com Pasta de Amendoim e Geleia | Lanche: Batido Hipercalórico (Mass Gainer Caseiro) | Almoço: Prato Feito Turbinado (Ovo e Fritas) | Lanche: Batido Hipercalórico (Mass Gainer Caseiro) | Janta: Escondidinho Vegano de Grão-de-Bico,2590,137.0,316.3,87.1
mp_164,Manutenção - 2200 kcal,omnivore,5,5,Café da manhã: Pão Integral com Pasta de Amendoim e Geleia | Lanche: Batido Hipercalórico (Mass Gainer Caseiro) | Almoço: Prato Feito Turbinado (Ovo e Fritas) | Lanche: Batido Hipercalórico (Mass Gainer Caseiro) | Janta: Escondidinho Vegano de Grão-de-Bico,2590,137.0,316.3,87.1
mp_164,Manutenção - 2200 kcal,omnivore,5,6,Café da manhã: Pão Integral com Pasta de Amendoim e Geleia | Lanche: Batido Hipercalórico (Mass Gainer Caseiro) | Almoço: Prato Feito Turbinado (Ovo e Fritas) | Lanche: Batido Hipercalórico (Mass Gainer Caseiro) | Janta: Escondidinho Vegano de Grão-de-Bico,2590,137.0,316.3,87.1
mp_164,Manutenção - 2200 kcal,omnivore,5,7,Café da manhã: Pão Integral com Pasta de Amendoim e Geleia | Lanche: Batido Hipercalórico (Mass Gainer Caseiro) | Almoço: Prato Feito Turbinado (Ovo e Fritas) | Lanche: Batido Hipercalórico (Mass Gainer Caseiro) | Janta: Escondidinho Vegano de Grão-de-Bico,2590,137.0,316.3,87.1
mp_165,Emagrecimento - 2000 kcal,omnivore,5,1,Café da manhã: Pão Integral com Pasta de Amendoim e Geleia | Lanche: Tapioca Doce de Amendoim e Morango | Almoço: Salada Caesar com Salmão | Lanche: Tapioca Doce de Amendoim e Morango | Janta: Frango ao Curry com Leite de Coco,1846,89.6,151.3,97.5
mp_165,Emagrecimento - 2000 kcal,omnivore,5,2,Café da manhã: Pão Integral com Pasta de Amendoim e Geleia | Lanche: Tapioca Doce de Amendoim e Morango | Almoço: Salada Caesar com Salmão | Lanche: Tapioca Doce de Amendoim e Morango | Janta: Frango ao Curry com Leite de Coco,1846,89.6,151.3,97.5
mp_165,Emagrecimento - 2000 kcal,omnivore,5,3,Café da manhã: Pão Integral com Pasta de Amendoim e Geleia | Lanche: Tapioca Doce de Amendoim e Morango | Almoço: Salada Caesar com Salmão | Lanche: Tapioca Doce de Amendoim e Morango | Janta: Frango ao Curry com Leite de Coco,1846,89.6,151.3,97.5
mp_165,Emagrecimento - 2000 kcal,omnivore,5,4,Café da manhã: Pão Integral com Pasta de Amendoim e Geleia | Lanche: Tapioca Doce de Amendoim e Morango | Almoço: Salada Caesar com Salmão | Lanche: Tapioca Doce de Amendoim e Morango | Janta: Frango ao Curry com Leite de Coco,1846,89.6,151.3,97.5
mp_165,Emagrecimento - 2000 kcal,omnivore,5,5,Café da manhã: Pão Integral com Pasta de Amendoim e Geleia | Lanche: Tapioca Doce de Amendoim e Morango | Almoço: Salada Caesar com Salmão | Lanche: Tapioca Doce de Amendoim e Morango | Janta: Frango ao Curry com Leite de Coco,1846,89.6,151.3,97.5
mp_165,Emagrecimento - 2000 kcal,omnivore,5,6,Café da manhã: Pão Integral com Pasta de Amendoim e Geleia | Lanche: Tapioca Doce de Amendoim e Morango | Almoço: Salada Caesar com Salmão | Lanche: Tapioca Doce de Amendoim e Morango | Janta: Frango ao Curry com Leite de Coco,1846,89.6,151.3,97.5
mp_165,Emagrecimento - 2000 kcal,omnivore,5,7,Café da manhã: Pão Integral com Pasta de Amendoim e Geleia | Lanche: Tapioca Doce de Amendoim e Morango | Almoço: Salada Caesar com Salmão | Lanche: Tapioca Doce de Amendoim e Morango | Janta: Frango ao Curry com Leite de Coco,1846,89.6,151.3,97.5
mp_166,Manutenção - 2200 kcal,omnivore,4,1,Café da manhã: Pão Integral com Pasta de Amendoim e Geleia | Almoço: Salada Caesar com Salmão | Janta: Escondidinho Vegano de Grão-de-Bico | Lanche: Batata Frita com Queijo e Bacon,1827,81.2,174.3,90.5
mp_166,Manutenção - 2200 kcal,omnivore,4,2,Café da manhã: Pão Integral com Pasta de Amendoim e Geleia | Almoço: Salada Caesar com Salmão | Janta: Escondidinho Vegano de Grão-de-Bico | Lanche: Batata Frita com Queijo e Bacon,1827,81.2,174.3,90.5
mp_166,Manutenção - 2200 kcal,omnivore,4,3,Café da manhã: Pão Integral com Pasta de Amendoim e Geleia | Almoço: Salada Caesar com Salmão | Janta: Escondidinho Vegano de Grão-de-Bico | Lanche: Batata Frita com Queijo e Bacon,1827,81.2,174.3,90.5
mp_166,Manutenção - 2200 kcal,omnivore,4,4,Café da manhã: Pão Integral com Pasta de Amendoim e Geleia | Almoço: Salada Caesar com Salmão | Janta: Escondidinho Vegano de Grão-de-Bico | Lanche: Batata Frita com Queijo e Bacon,1827,81.2,174.3,90.5
mp_166,Manutenção - 2200 kcal,omnivore,4,5,Café da manhã: Pão Integral com Pasta de Amendoim e Geleia | Almoço: Salada Caesar com Salmão | Janta: Escondidinho Vegano de Grão-de-Bico | Lanche: Batata Frita com Queijo e Bacon,1827,81.2,174.3,90.5
mp_166,Manutenção - 2200 kcal,omnivore,4,6,Café da manhã: Pão Integral com Pasta de Amendoim e Geleia | Almoço: Salada Caesar com Salmão | Janta: Escondidinho Vegano de Grão-de-Bico | Lanche: Batata Frita com Queijo e Bacon,1827,81.2,174.3,90.5
mp_166,Manutenção - 2200 kcal,omnivore,4,7,Café da manhã: Pão Integral com Pasta de Amendoim e Geleia | Almoço: Salada Caesar com Salmão | Janta: Escondidinho Vegano de Grão-de-Bico | Lanche: Batata Frita com Queijo e Bacon,1827,81.2,174.3,90.5
mp_167,Manutenção - 2500 kcal,omnivore,6,1,Café da manhã: Pão Integral com Pasta de Amendoim e Geleia | Lanche: Sanduíche de Pasta de Amendoim Quente | Almoço: Macarrão com Queijo Clássico (Mac & Cheese) | Lanche: Sanduíche de Pasta de Amendoim Quente | Janta: Wrap de Kebab de Carne | Lanche: Sanduíche de Pasta de Amendoim Quente,2332,98.6,258.3,103.5
mp_167,Manutenção - 2500 kcal,omnivore,6,2,Café da manhã: Pão Integral com Pasta de Amendoim e Geleia | Lanche: Sanduíche de Pasta de Amendoim Quente | Almoço: Macarrão com Queijo Clássico (Mac & Cheese) | Lanche: Sanduíche de Pasta de Amendoim Quente | Janta: Wrap de Kebab de Carne | Lanche: Sanduíche de Pasta de Amendoim Quente,2332,98.6,258.3,103.5
mp_167,Manutenção - 2500 kcal,omnivore,6,3,Café da manhã: Pão Integral com Pasta de Amendoim e Geleia | Lanche: Sanduíche de Pasta de Amendoim Quente | Almoço: Macarrão com Queijo Clássico (Mac & Cheese) | Lanche: Sanduíche de Pasta de Amendoim Quente | Janta: Wrap de Kebab de Carne | Lanche: Sanduíche de Pasta de Amendoim Quente,2332,98.6,258.3,103.5
mp_167,Manutenção - 2500 kcal,omnivore,6,4,Café da manhã: Pão Integral com Pasta de Amendoim e Geleia | Lanche: Sanduíche de Pasta de Amendoim Quente | Almoço: Macarrão com Queijo Clássico (Mac & Cheese) | Lanche: Sanduíche de Pasta de Amendoim Quente | Janta: Wrap de Kebab de Carne | Lanche: Sanduíche de Pasta de Amendoim Quente,2332,98.6,258.3,103.5
mp_167,Manutenção - 2500 kcal,omnivore,6,5,Café da manhã: Pão Integral com Pasta de Amendoim e Geleia | Lanche: Sanduíche de Pasta de Amendoim Quente | Almoço: Macarrão com Queijo Clássico (Mac & Cheese) | Lanche: Sanduíche de Pasta de Amendoim Quente | Janta: Wrap de Kebab de Carne | Lanche: Sanduíche de Pasta de Amendoim Quente,2332,98.6,258.3,103.5
mp_167,Manutenção - 2500 kcal,omnivore,6,6,Café da manhã: Pão Integral com Pasta de Amendoim e Geleia | Lanche: Sanduíche de Pasta de Amendoim Quente | Almoço: Macarrão com Queijo Clássico (Mac & Cheese) | Lanche: Sanduíche de Pasta de Amendoim Quente | Janta: Wrap de Kebab de Carne | Lanche: Sanduíche de Pasta de Amendoim Quente,2332,98.6,258.3,103.5
mp_167,Manutenção - 2500 kcal,omnivore,6,7,Café da manhã: Pão Integral com Pasta de Amendoim e Geleia | Lanche: Sanduíche de Pasta de Amendoim Quente | Almoço: Macarrão com Queijo Clássico (Mac & Cheese) | Lanche: Sanduíche de Pasta de Amendoim Quente | Janta: Wrap de Kebab de Carne | Lanche: Sanduíche de Pasta de Amendoim Quente,2332,98.6,258.3,103.5
mp_168,Hipertrofia - 2200 kcal,omnivore,4,1,Café da manhã: Pão Integral com Pasta de Amendoim e Geleia | Almoço: Bife de Alcatra com Purê de Batata | Janta: Escondidinho Vegano de Grão-de-Bico | Lanche: Batata Frita com Queijo e Bacon,1872,80.2,201.3,85.0
mp_168,Hipertrofia - 2200 kcal,omnivore,4,2,Café da manhã: Pão Integral com Pasta de Amendoim e Geleia | Almoço: Bife de Alcatra com Purê de Batata | Janta: Escondidinho Vegano de Grão-de-Bico | Lanche: Batata Frita com Queijo e Bacon,1872,80.2,201.3,85.0
mp_168,Hipertrofia - 2200 kcal,omnivore,4,3,Café da manhã: Pão Integral com Pasta de Amendoim e Geleia | Almoço: Bife de Alcatra com Purê de Batata | Janta: Escondidinho Vegano de Grão-de-Bico | Lanche: Batata Frita com Queijo e Bacon,1872,80.2,201.3,85.0
mp_168,Hipertrofia - 2200 kcal,omnivore,4,4,Café da manhã: Pão Integral com Pasta de Amendoim e Geleia | Almoço: Bife de Alcatra com Purê de Batata | Janta: Escondidinho Vegano de Grão-de-Bico | Lanche: Batata Frita com Queijo e Bacon,1872,80.2,201.3,85.0
mp_168,Hipertrofia - 2200 kcal,omnivore,4,5,Café da manhã: Pão Integral com Pasta de Amendoim e Geleia | Almoço: Bife de Alcatra com Purê de Batata | Janta: Escondidinho Vegano de Grão-de-Bico | Lanche: Batata Frita com Queijo e Bacon,1872,80.2,201.3,85.0
mp_168,Hipertrofia - 2200 kcal,omnivore,4,6,Café da manhã: Pão Integral com Pasta de Amendoim e Geleia | Almoço: Bife de Alcatra com Purê de Batata | Janta: Escondidinho Vegano de Grão-de-Bico | Lanche: Batata Frita com Queijo e Bacon,1872,80.2,201.3,85.0
mp_168,Hipertrofia - 2200 kcal,omnivore,4,7,Café da manhã: Pão Integral com Pasta de Amendoim e Geleia | Almoço: Bife de Alcatra com Purê de Batata | Janta: Escondidinho Vegano de Grão-de-Bico | Lanche: Batata Frita com Queijo e Bacon,1872,80.2,201.3,85.0
mp_169,Emagrecimento - 1400 kcal,omnivore,5,1,Café da manhã: Banana Amassada com Aveia | Lanche: Pizza de Frigideira Low Carb | Almoço: Frango Desfiado com Tapioca | Lanche: Sanduíche de Peru e Cottage | Janta: Sopa de Ervilha com Bacon de Peru,1191,77.3,136,34.3
mp_169,Emagrecimento - 1400 kcal,omnivore,5,2,Café da manhã: Banana Amassada com Aveia | Lanche: Pizza de Frigideira Low Carb | Almoço: Frango Desfiado com Tapioca | Lanche: Sanduíche de Peru e Cottage | Janta: Sopa de Ervilha com Bacon de Peru,1191,77.3,136,34.3
mp_169,Emagrecimento - 1400 kcal,omnivore,5,3,Café da manhã: Banana Amassada com Aveia | Lanche: Pizza de Frigideira Low Carb | Almoço: Frango Desfiado com Tapioca | Lanche: Sanduíche de Peru e Cottage | Janta: Sopa de Ervilha com Bacon de Peru,1191,77.3,136,34.3
mp_169,Emagrecimento - 1400 kcal,omnivore,5,4,Café da manhã: Banana Amassada com Aveia | Lanche: Pizza de Frigideira Low Carb | Almoço: Frango Desfiado com Tapioca | Lanche: Sanduíche de Peru e Cottage | Janta: Sopa de Ervilha com Bacon de Peru,1191,77.3,136,34.3
mp_169,Emagrecimento - 1400 kcal,omnivore,5,5,Café da manhã: Banana Amassada com Aveia | Lanche: Pizza de Frigideira Low Carb | Almoço: Frango Desfiado com Tapioca | Lanche: Sanduíche de Peru e Cottage | Janta: Sopa de Ervilha com Bacon de Peru,1191,77.3,136,34.3
mp_169,Emagrecimento - 1400 kcal,omnivore,5,6,Café da manhã: Banana Amassada com Aveia | Lanche: Pizza de Frigideira Low Carb | Almoço: Frango Desfiado com Tapioca | Lanche: Sanduíche de Peru e Cottage | Janta: Sopa de Ervilha com Bacon de Peru,1191,77.3,136,34.3
mp_169,Emagrecimento - 1400 kcal,omnivore,5,7,Café da manhã: Banana Amassada com Aveia | Lanche: Pizza de Frigideira Low Carb | Almoço: Frango Desfiado com Tapioca | Lanche: Sanduíche de Peru e Cottage | Janta: Sopa de Ervilha com Bacon de Peru,1191,77.3,136,34.3
mp_170,Hipertrofia - 3000 kcal,omnivore,6,1,Café da manhã: Pão Integral com Pasta de Amendoim e Geleia | Lanche: Tapioca Doce de Amendoim e Morango | Almoço: Carne de Panela com Mandioca | Lanche: Tapioca Doce de Amendoim e Morango | Janta: Pizza de Calabresa em Casa | Lanche: Tapioca Doce de Amendoim e Morango,2464,92.0,283.9,106.2
mp_170,Hipertrofia - 3000 kcal,omnivore,6,2,Café da manhã: Pão Integral com Pasta de Amendoim e Geleia | Lanche: Tapioca Doce de Amendoim e Morango | Almoço: Carne de Panela com Mandioca | Lanche: Tapioca Doce de Amendoim e Morango | Janta: Pizza de Calabresa em Casa | Lanche: Tapioca Doce de Amendoim e Morango,2464,92.0,283.9,106.2
mp_170,Hipertrofia - 3000 kcal,omnivore,6,3,Café da manhã: Pão Integral com Pasta de Amendoim e Geleia | Lanche: Tapioca Doce de Amendoim e Morango | Almoço: Carne de Panela com Mandioca | Lanche: Tapioca Doce de Amendoim e Morango | Janta: Pizza de Calabresa em Casa | Lanche: Tapioca Doce de Amendoim e Morango,2464,92.0,283.9,106.2
mp_170,Hipertrofia - 3000 kcal,omnivore,6,4,Café da manhã: Pão Integral com Pasta de Amendoim e Geleia | Lanche: Tapioca Doce de Amendoim e Morango | Almoço: Carne de Panela com Mandioca | Lanche: Tapioca Doce de Amendoim e Morango | Janta: Pizza de Calabresa em Casa | Lanche: Tapioca Doce de Amendoim e Morango,2464,92.0,283.9,106.2
mp_170,Hipertrofia - 3000 kcal,omnivore,6,5,Café da manhã: Pão Integral com Pasta de Amendoim e Geleia | Lanche: Tapioca Doce de Amendoim e Morango | Almoço: Carne de Panela com Mandioca | Lanche: Tapioca Doce de Amendoim e Morango | Janta: Pizza de Calabresa em Casa | Lanche: Tapioca Doce de Amendoim e Morango,2464,92.0,283.9,106.2
mp_170,Hipertrofia - 3000 kcal,omnivore,6,6,Café da manhã: Pão Integral com Pasta de Amendoim e Geleia | Lanche: Tapioca Doce de Amendoim e Morango | Almoço: Carne de Panela com Mandioca | Lanche: Tapioca Doce de Amendoim e Morango | Janta: Pizza de Calabresa em Casa | Lanche: Tapioca Doce de Amendoim e Morango,2464,92.0,283.9,106.2
mp_170,Hipertrofia - 3000 kcal,omnivore,6,7,Café da manhã: Pão Integral com Pasta de Amendoim e Geleia | Lanche: Tapioca Doce de Amendoim e Morango | Almoço: Carne de Panela com Mandioca | Lanche: Tapioca Doce de Amendoim e Morango | Janta: Pizza de Calabresa em Casa | Lanche: Tapioca Doce de Amendoim e Morango,2464,92.0,283.9,106.2
mp_171,Emagrecimento - 1400 kcal,omnivore,5,1,Café da manhã: Avocado Toast com Ovo (Pão com Abacate) | Lanche: Iogurte Natural com Nozes e Mel | Almoço: Frango Desfiado com Tapioca | Lanche: Pizza de Frigideira Low Carb | Janta: Sopa de Ervilha com Bacon de Peru,1397.5,85.5,118.7,62.3
mp_171,Emagrecimento - 1400 kcal,omnivore,5,2,Café da manhã: Avocado Toast com Ovo (Pão com Abacate) | Lanche: Iogurte Natural com Nozes e Mel | Almoço: Frango Desfiado com Tapioca | Lanche: Pizza de Frigideira Low Carb | Janta: Sopa de Ervilha com Bacon de Peru,1397.5,85.5,118.7,62.3
mp_171,Emagrecimento - 1400 kcal,omnivore,5,3,Café da manhã: Avocado Toast com Ovo (Pão com Abacate) | Lanche: Iogurte Natural com Nozes e Mel | Almoço: Frango Desfiado com Tapioca | Lanche: Pizza de Frigideira Low Carb | Janta: Sopa de Ervilha com Bacon de Peru,1397.5,85.5,118.7,62.3
mp_171,Emagrecimento - 1400 kcal,omnivore,5,4,Café da manhã: Avocado Toast com Ovo (Pão com Abacate) | Lanche: Iogurte Natural com Nozes e Mel | Almoço: Frango Desfiado com Tapioca | Lanche: Pizza de Frigideira Low Carb | Janta: Sopa de Ervilha com Bacon de Peru,1397.5,85.5,118.7,62.3
mp_171,Emagrecimento - 1400 kcal,omnivore,5,5,Café da manhã: Avocado Toast com Ovo (Pão com Abacate) | Lanche: Iogurte Natural com Nozes e Mel | Almoço: Frango Desfiado com Tapioca | Lanche: Pizza de Frigideira Low Carb | Janta: Sopa de Ervilha com Bacon de Peru,1397.5,85.5,118.7,62.3
mp_171,Emagrecimento - 1400 kcal,omnivore,5,6,Café da manhã: Avocado Toast com Ovo (Pão com Abacate) | Lanche: Iogurte Natural com Nozes e Mel | Almoço: Frango Desfiado com Tapioca | Lanche: Pizza de Frigideira Low Carb | Janta: Sopa de Ervilha com Bacon de Peru,1397.5,85.5,118.7,62.3
mp_171,Emagrecimento - 1400 kcal,omnivore,5,7,Café da manhã: Avocado Toast com Ovo (Pão com Abacate) | Lanche: Iogurte Natural com Nozes e Mel | Almoço: Frango Desfiado com Tapioca | Lanche: Pizza de Frigideira Low Carb | Janta: Sopa de Ervilha com Bacon de Peru,1397.5,85.5,118.7,62.3
mp_172,Emagrecimento - 1800 kcal,omnivore,6,1,Café da manhã: Tapioca de Frango com Requeijão Light | Lanche: Wrap Doce de Pasta de Amendoim | Almoço: Cuscuz Marroquino com Grão-de-Bico | Lanche: Bolo de Chocolate de Microondas Fit | Janta: Sopa Clara de Cenoura e Batata | Lanche: Pizza de Berinjela (Low Carb),1496,73.5,185.7,46.2
mp_172,Emagrecimento - 1800 kcal,omnivore,6,2,Café da manhã: Tapioca de Frango com Requeijão Light | Lanche: Wrap Doce de Pasta de Amendoim | Almoço: Cuscuz Marroquino com Grão-de-Bico | Lanche: Bolo de Chocolate de Microondas Fit | Janta: Sopa Clara de Cenoura e Batata | Lanche: Pizza de Berinjela (Low Carb),1496,73.5,185.7,46.2
mp_172,Emagrecimento - 1800 kcal,omnivore,6,3,Café da manhã: Tapioca de Frango com Requeijão Light | Lanche: Wrap Doce de Pasta de Amendoim | Almoço: Cuscuz Marroquino com Grão-de-Bico | Lanche: Bolo de Chocolate de Microondas Fit | Janta: Sopa Clara de Cenoura e Batata | Lanche: Pizza de Berinjela (Low Carb),1496,73.5,185.7,46.2
mp_172,Emagrecimento - 1800 kcal,omnivore,6,4,Café da manhã: Tapioca de Frango com Requeijão Light | Lanche: Wrap Doce de Pasta de Amendoim | Almoço: Cuscuz Marroquino com Grão-de-Bico | Lanche: Bolo de Chocolate de Microondas Fit | Janta: Sopa Clara de Cenoura e Batata | Lanche: Pizza de Berinjela (Low Carb),1496,73.5,185.7,46.2
mp_172,Emagrecimento - 1800 kcal,omnivore,6,5,Café da manhã: Tapioca de Frango com Requeijão Light | Lanche: Wrap Doce de Pasta de Amendoim | Almoço: Cuscuz Marroquino com Grão-de-Bico | Lanche: Bolo de Chocolate de Microondas Fit | Janta: Sopa Clara de Cenoura e Batata | Lanche: Pizza de Berinjela (Low Carb),1496,73.5,185.7,46.2
mp_172,Emagrecimento - 1800 kcal,omnivore,6,6,Café da manhã: Tapioca de Frango com Requeijão Light | Lanche: Wrap Doce de Pasta de Amendoim | Almoço: Cuscuz Marroquino com Grão-de-Bico | Lanche: Bolo de Chocolate de Microondas Fit | Janta: Sopa Clara de Cenoura e Batata | Lanche: Pizza de Berinjela (Low Carb),1496,73.5,185.7,46.2
mp_172,Emagrecimento - 1800 kcal,omnivore,6,7,Café da manhã: Tapioca de Frango com Requeijão Light | Lanche: Wrap Doce de Pasta de Amendoim | Almoço: Cuscuz Marroquino com Grão-de-Bico | Lanche: Bolo de Chocolate de Microondas Fit | Janta: Sopa Clara de Cenoura e Batata | Lanche: Pizza de Berinjela (Low Carb),1496,73.5,185.7,46.2
mp_173,Emagrecimento - 1400 kcal,omnivore,5,1,Café da manhã: Avocado Toast com Ovo (Pão com Abacate) | Lanche: Milkshake de Cacau e Aveia (Vegan) | Almoço: Frango Desfiado com Tapioca | Lanche: Sanduíche de Pasta de Amendoim Quente | Janta: Sopa de Ervilha com Bacon de Peru,1352.5,71.5,169.7,42.8
mp_173,Emagrecimento - 1400 kcal,omnivore,5,2,Café da manhã: Avocado Toast com Ovo (Pão com Abacate) | Lanche: Milkshake de Cacau e Aveia (Vegan) | Almoço: Frango Desfiado com Tapioca | Lanche: Sanduíche de Pasta de Amendoim Quente | Janta: Sopa de Ervilha com Bacon de Peru,1352.5,71.5,169.7,42.8
mp_173,Emagrecimento - 1400 kcal,omnivore,5,3,Café da manhã: Avocado Toast com Ovo (Pão com Abacate) | Lanche: Milkshake de Cacau e Aveia (Vegan) | Almoço: Frango Desfiado com Tapioca | Lanche: Sanduíche de Pasta de Amendoim Quente | Janta: Sopa de Ervilha com Bacon de Peru,1352.5,71.5,169.7,42.8
mp_173,Emagrecimento - 1400 kcal,omnivore,5,4,Café da manhã: Avocado Toast com Ovo (Pão com Abacate) | Lanche: Milkshake de Cacau e Aveia (Vegan) | Almoço: Frango Desfiado com Tapioca | Lanche: Sanduíche de Pasta de Amendoim Quente | Janta: Sopa de Ervilha com Bacon de Peru,1352.5,71.5,169.7,42.8
mp_173,Emagrecimento - 1400 kcal,omnivore,5,5,Café da manhã: Avocado Toast com Ovo (Pão com Abacate) | Lanche: Milkshake de Cacau e Aveia (Vegan) | Almoço: Frango Desfiado com Tapioca | Lanche: Sanduíche de Pasta de Amendoim Quente | Janta: Sopa de Ervilha com Bacon de Peru,1352.5,71.5,169.7,42.8
mp_173,Emagrecimento - 1400 kcal,omnivore,5,6,Café da manhã: Avocado Toast com Ovo (Pão com Abacate) | Lanche: Milkshake de Cacau e Aveia (Vegan) | Almoço: Frango Desfiado com Tapioca | Lanche: Sanduíche de Pasta de Amendoim Quente | Janta: Sopa de Ervilha com Bacon de Peru,1352.5,71.5,169.7,42.8
mp_173,Emagrecimento - 1400 kcal,omnivore,5,7,Café da manhã: Avocado Toast com Ovo (Pão com Abacate) | Lanche: Milkshake de Cacau e Aveia (Vegan) | Almoço: Frango Desfiado com Tapioca | Lanche: Sanduíche de Pasta de Amendoim Quente | Janta: Sopa de Ervilha com Bacon de Peru,1352.5,71.5,169.7,42.8
mp_174,Emagrecimento - 1600 kcal,omnivore,4,1,Café da manhã: Mingau de Aveia com Banana | Almoço: Hambúrguer Vegetal com Purê de Abóbora | Janta: Almôndegas Caseiras de Patinho | Lanche: Batata Frita com Queijo e Bacon,1616.6,82.5,159.8,73.5
mp_174,Emagrecimento - 1600 kcal,omnivore,4,2,Café da manhã: Mingau de Aveia com Banana | Almoço: Hambúrguer Vegetal com Purê de Abóbora | Janta: Almôndegas Caseiras de Patinho | Lanche: Batata Frita com Queijo e Bacon,1616.6,82.5,159.8,73.5
mp_174,Emagrecimento - 1600 kcal,omnivore,4,3,Café da manhã: Mingau de Aveia com Banana | Almoço: Hambúrguer Vegetal com Purê de Abóbora | Janta: Almôndegas Caseiras de Patinho | Lanche: Batata Frita com Queijo e Bacon,1616.6,82.5,159.8,73.5
mp_174,Emagrecimento - 1600 kcal,omnivore,4,4,Café da manhã: Mingau de Aveia com Banana | Almoço: Hambúrguer Vegetal com Purê de Abóbora | Janta: Almôndegas Caseiras de Patinho | Lanche: Batata Frita com Queijo e Bacon,1616.6,82.5,159.8,73.5
mp_174,Emagrecimento - 1600 kcal,omnivore,4,5,Café da manhã: Mingau de Aveia com Banana | Almoço: Hambúrguer Vegetal com Purê de Abóbora | Janta: Almôndegas Caseiras de Patinho | Lanche: Batata Frita com Queijo e Bacon,1616.6,82.5,159.8,73.5
mp_174,Emagrecimento - 1600 kcal,omnivore,4,6,Café da manhã: Mingau de Aveia com Banana | Almoço: Hambúrguer Vegetal com Purê de Abóbora | Janta: Almôndegas Caseiras de Patinho | Lanche: Batata Frita com Queijo e Bacon,1616.6,82.5,159.8,73.5
mp_174,Emagrecimento - 1600 kcal,omnivore,4,7,Café da manhã: Mingau de Aveia com Banana | Almoço: Hambúrguer Vegetal com Purê de Abóbora | Janta: Almôndegas Caseiras de Patinho | Lanche: Batata Frita com Queijo e Bacon,1616.6,82.5,159.8,73.5
mp_175,Emagrecimento - 1800 kcal,omnivore,3,1,Café da manhã: Tapioca de Frango com Requeijão Light | Almoço: Macarrão com Queijo Clássico (Mac & Cheese) | Janta: Pizza de Calabresa em Casa,1433,69.4,157.3,51.4
mp_175,Emagrecimento - 1800 kcal,omnivore,3,2,Café da manhã: Tapioca de Frango com Requeijão Light | Almoço: Macarrão com Queijo Clássico (Mac & Cheese) | Janta: Pizza de Calabresa em Casa,1433,69.4,157.3,51.4
mp_175,Emagrecimento - 1800 kcal,omnivore,3,3,Café da manhã: Tapioca de Frango com Requeijão Light | Almoço: Macarrão com Queijo Clássico (Mac & Cheese) | Janta: Pizza de Calabresa em Casa,1433,69.4,157.3,51.4
mp_175,Emagrecimento - 1800 kcal,omnivore,3,4,Café da manhã: Tapioca de Frango com Requeijão Light | Almoço: Macarrão com Queijo Clássico (Mac & Cheese) | Janta: Pizza de Calabresa em Casa,1433,69.4,157.3,51.4
mp_175,Emagrecimento - 1800 kcal,omnivore,3,5,Café da manhã: Tapioca de Frango com Requeijão Light | Almoço: Macarrão com Queijo Clássico (Mac & Cheese) | Janta: Pizza de Calabresa em Casa,1433,69.4,157.3,51.4
mp_175,Emagrecimento - 1800 kcal,omnivore,3,6,Café da manhã: Tapioca de Frango com Requeijão Light | Almoço: Macarrão com Queijo Clássico (Mac & Cheese) | Janta: Pizza de Calabresa em Casa,1433,69.4,157.3,51.4
mp_175,Emagrecimento - 1800 kcal,omnivore,3,7,Café da manhã: Tapioca de Frango com Requeijão Light | Almoço: Macarrão com Queijo Clássico (Mac & Cheese) | Janta: Pizza de Calabresa em Casa,1433,69.4,157.3,51.4
mp_176,Manutenção - 2200 kcal,omnivore,5,1,Café da manhã: Ovo Cozido com Batata Doce Amassada | Lanche: Batido Hipercalórico (Mass Gainer Caseiro) | Almoço: Prato Feito Turbinado (Ovo e Fritas) | Lanche: Batido Hipercalórico (Mass Gainer Caseiro) | Janta: Frango ao Curry com Leite de Coco,2448,147.4,253,90.1
mp_176,Manutenção - 2200 kcal,omnivore,5,2,Café da manhã: Ovo Cozido com Batata Doce Amassada | Lanche: Batido Hipercalórico (Mass Gainer Caseiro) | Almoço: Prato Feito Turbinado (Ovo e Fritas) | Lanche: Batido Hipercalórico (Mass Gainer Caseiro) | Janta: Frango ao Curry com Leite de Coco,2448,147.4,253,90.1
mp_176,Manutenção - 2200 kcal,omnivore,5,3,Café da manhã: Ovo Cozido com Batata Doce Amassada | Lanche: Batido Hipercalórico (Mass Gainer Caseiro) | Almoço: Prato Feito Turbinado (Ovo e Fritas) | Lanche: Batido Hipercalórico (Mass Gainer Caseiro) | Janta: Frango ao Curry com Leite de Coco,2448,147.4,253,90.1
mp_176,Manutenção - 2200 kcal,omnivore,5,4,Café da manhã: Ovo Cozido com Batata Doce Amassada | Lanche: Batido Hipercalórico (Mass Gainer Caseiro) | Almoço: Prato Feito Turbinado (Ovo e Fritas) | Lanche: Batido Hipercalórico (Mass Gainer Caseiro) | Janta: Frango ao Curry com Leite de Coco,2448,147.4,253,90.1
mp_176,Manutenção - 2200 kcal,omnivore,5,5,Café da manhã: Ovo Cozido com Batata Doce Amassada | Lanche: Batido Hipercalórico (Mass Gainer Caseiro) | Almoço: Prato Feito Turbinado (Ovo e Fritas) | Lanche: Batido Hipercalórico (Mass Gainer Caseiro) | Janta: Frango ao Curry com Leite de Coco,2448,147.4,253,90.1
mp_176,Manutenção - 2200 kcal,omnivore,5,6,Café da manhã: Ovo Cozido com Batata Doce Amassada | Lanche: Batido Hipercalórico (Mass Gainer Caseiro) | Almoço: Prato Feito Turbinado (Ovo e Fritas) | Lanche: Batido Hipercalórico (Mass Gainer Caseiro) | Janta: Frango ao Curry com Leite de Coco,2448,147.4,253,90.1
mp_176,Manutenção - 2200 kcal,omnivore,5,7,Café da manhã: Ovo Cozido com Batata Doce Amassada | Lanche: Batido Hipercalórico (Mass Gainer Caseiro) | Almoço: Prato Feito Turbinado (Ovo e Fritas) | Lanche: Batido Hipercalórico (Mass Gainer Caseiro) | Janta: Frango ao Curry com Leite de Coco,2448,147.4,253,90.1
mp_177,Manutenção - 2200 kcal,omnivore,4,1,Café da manhã: Pão Integral com Pasta de Amendoim e Geleia | Almoço: Moqueca Leve de Cação e Banana-da-Terra | Janta: Escondidinho Vegano de Grão-de-Bico | Lanche: Batata Frita com Queijo e Bacon,1857,77.2,201.3,86.0
mp_177,Manutenção - 2200 kcal,omnivore,4,2,Café da manhã: Pão Integral com Pasta de Amendoim e Geleia | Almoço: Moqueca Leve de Cação e Banana-da-Terra | Janta: Escondidinho Vegano de Grão-de-Bico | Lanche: Batata Frita com Queijo e Bacon,1857,77.2,201.3,86.0
mp_177,Manutenção - 2200 kcal,omnivore,4,3,Café da manhã: Pão Integral com Pasta de Amendoim e Geleia | Almoço: Moqueca Leve de Cação e Banana-da-Terra | Janta: Escondidinho Vegano de Grão-de-Bico | Lanche: Batata Frita com Queijo e Bacon,1857,77.2,201.3,86.0
mp_177,Manutenção - 2200 kcal,omnivore,4,4,Café da manhã: Pão Integral com Pasta de Amendoim e Geleia | Almoço: Moqueca Leve de Cação e Banana-da-Terra | Janta: Escondidinho Vegano de Grão-de-Bico | Lanche: Batata Frita com Queijo e Bacon,1857,77.2,201.3,86.0
mp_177,Manutenção - 2200 kcal,omnivore,4,5,Café da manhã: Pão Integral com Pasta de Amendoim e Geleia | Almoço: Moqueca Leve de Cação e Banana-da-Terra | Janta: Escondidinho Vegano de Grão-de-Bico | Lanche: Batata Frita com Queijo e Bacon,1857,77.2,201.3,86.0
mp_177,Manutenção - 2200 kcal,omnivore,4,6,Café da manhã: Pão Integral com Pasta de Amendoim e Geleia | Almoço: Moqueca Leve de Cação e Banana-da-Terra | Janta: Escondidinho Vegano de Grão-de-Bico | Lanche: Batata Frita com Queijo e Bacon,1857,77.2,201.3,86.0
mp_177,Manutenção - 2200 kcal,omnivore,4,7,Café da manhã: Pão Integral com Pasta de Amendoim e Geleia | Almoço: Moqueca Leve de Cação e Banana-da-Terra | Janta: Escondidinho Vegano de Grão-de-Bico | Lanche: Batata Frita com Queijo e Bacon,1857,77.2,201.3,86.0
mp_178,Hipertrofia - 2500 kcal,omnivore,6,1,Café da manhã: Pão Integral com Pasta de Amendoim e Geleia | Lanche: Sanduíche de Pasta de Amendoim Quente | Almoço: Rolo de Carne Moída Recheado | Lanche: Batido Hipercalórico (Mass Gainer Caseiro) | Janta: Wrap de Kebab de Carne | Lanche: Sanduíche de Pasta de Amendoim Quente,2502,145.6,241.8,106.5
mp_178,Hipertrofia - 2500 kcal,omnivore,6,2,Café da manhã: Pão Integral com Pasta de Amendoim e Geleia | Lanche: Sanduíche de Pasta de Amendoim Quente | Almoço: Rolo de Carne Moída Recheado | Lanche: Batido Hipercalórico (Mass Gainer Caseiro) | Janta: Wrap de Kebab de Carne | Lanche: Sanduíche de Pasta de Amendoim Quente,2502,145.6,241.8,106.5
mp_178,Hipertrofia - 2500 kcal,omnivore,6,3,Café da manhã: Pão Integral com Pasta de Amendoim e Geleia | Lanche: Sanduíche de Pasta de Amendoim Quente | Almoço: Rolo de Carne Moída Recheado | Lanche: Batido Hipercalórico (Mass Gainer Caseiro) | Janta: Wrap de Kebab de Carne | Lanche: Sanduíche de Pasta de Amendoim Quente,2502,145.6,241.8,106.5
mp_178,Hipertrofia - 2500 kcal,omnivore,6,4,Café da manhã: Pão Integral com Pasta de Amendoim e Geleia | Lanche: Sanduíche de Pasta de Amendoim Quente | Almoço: Rolo de Carne Moída Recheado | Lanche: Batido Hipercalórico (Mass Gainer Caseiro) | Janta: Wrap de Kebab de Carne | Lanche: Sanduíche de Pasta de Amendoim Quente,2502,145.6,241.8,106.5
mp_178,Hipertrofia - 2500 kcal,omnivore,6,5,Café da manhã: Pão Integral com Pasta de Amendoim e Geleia | Lanche: Sanduíche de Pasta de Amendoim Quente | Almoço: Rolo de Carne Moída Recheado | Lanche: Batido Hipercalórico (Mass Gainer Caseiro) | Janta: Wrap de Kebab de Carne | Lanche: Sanduíche de Pasta de Amendoim Quente,2502,145.6,241.8,106.5
mp_178,Hipertrofia - 2500 kcal,omnivore,6,6,Café da manhã: Pão Integral com Pasta de Amendoim e Geleia | Lanche: Sanduíche de Pasta de Amendoim Quente | Almoço: Rolo de Carne Moída Recheado | Lanche: Batido Hipercalórico (Mass Gainer Caseiro) | Janta: Wrap de Kebab de Carne | Lanche: Sanduíche de Pasta de Amendoim Quente,2502,145.6,241.8,106.5
mp_178,Hipertrofia - 2500 kcal,omnivore,6,7,Café da manhã: Pão Integral com Pasta de Amendoim e Geleia | Lanche: Sanduíche de Pasta de Amendoim Quente | Almoço: Rolo de Carne Moída Recheado | Lanche: Batido Hipercalórico (Mass Gainer Caseiro) | Janta: Wrap de Kebab de Carne | Lanche: Sanduíche de Pasta de Amendoim Quente,2502,145.6,241.8,106.5
mp_179,Emagrecimento - 2200 kcal,omnivore,4,1,Café da manhã: Pão Integral com Pasta de Amendoim e Geleia | Almoço: Prato Feito Turbinado (Ovo e Fritas) | Janta: Escondidinho Vegano de Grão-de-Bico | Lanche: Batata Frita com Queijo e Bacon,2200,86.1,249.3,98.6
mp_179,Emagrecimento - 2200 kcal,omnivore,4,2,Café da manhã: Pão Integral com Pasta de Amendoim e Geleia | Almoço: Prato Feito Turbinado (Ovo e Fritas) | Janta: Escondidinho Vegano de Grão-de-Bico | Lanche: Batata Frita com Queijo e Bacon,2200,86.1,249.3,98.6
mp_179,Emagrecimento - 2200 kcal,omnivore,4,3,Café da manhã: Pão Integral com Pasta de Amendoim e Geleia | Almoço: Prato Feito Turbinado (Ovo e Fritas) | Janta: Escondidinho Vegano de Grão-de-Bico | Lanche: Batata Frita com Queijo e Bacon,2200,86.1,249.3,98.6
mp_179,Emagrecimento - 2200 kcal,omnivore,4,4,Café da manhã: Pão Integral com Pasta de Amendoim e Geleia | Almoço: Prato Feito Turbinado (Ovo e Fritas) | Janta: Escondidinho Vegano de Grão-de-Bico | Lanche: Batata Frita com Queijo e Bacon,2200,86.1,249.3,98.6
mp_179,Emagrecimento - 2200 kcal,omnivore,4,5,Café da manhã: Pão Integral com Pasta de Amendoim e Geleia | Almoço: Prato Feito Turbinado (Ovo e Fritas) | Janta: Escondidinho Vegano de Grão-de-Bico | Lanche: Batata Frita com Queijo e Bacon,2200,86.1,249.3,98.6
mp_179,Emagrecimento - 2200 kcal,omnivore,4,6,Café da manhã: Pão Integral com Pasta de Amendoim e Geleia | Almoço: Prato Feito Turbinado (Ovo e Fritas) | Janta: Escondidinho Vegano de Grão-de-Bico | Lanche: Batata Frita com Queijo e Bacon,2200,86.1,249.3,98.6
mp_179,Emagrecimento - 2200 kcal,omnivore,4,7,Café da manhã: Pão Integral com Pasta de Amendoim e Geleia | Almoço: Prato Feito Turbinado (Ovo e Fritas) | Janta: Escondidinho Vegano de Grão-de-Bico | Lanche: Batata Frita com Queijo e Bacon,2200,86.1,249.3,98.6
mp_180,Emagrecimento - 2000 kcal,omnivore,6,1,Café da manhã: Pão Integral com Pasta de Amendoim e Geleia | Lanche: Batido de Morango e Pasta de Amendoim | Almoço: Strogonoff de Carne Saudável | Lanche: Salada Caprese Expresso | Janta: Panqueca de Frango Desfiado | Lanche: Batido de Morango e Pasta de Amendoim,1907,109.1,152.3,95.5
mp_180,Emagrecimento - 2000 kcal,omnivore,6,2,Café da manhã: Pão Integral com Pasta de Amendoim e Geleia | Lanche: Batido de Morango e Pasta de Amendoim | Almoço: Strogonoff de Carne Saudável | Lanche: Salada Caprese Expresso | Janta: Panqueca de Frango Desfiado | Lanche: Batido de Morango e Pasta de Amendoim,1907,109.1,152.3,95.5
mp_180,Emagrecimento - 2000 kcal,omnivore,6,3,Café da manhã: Pão Integral com Pasta de Amendoim e Geleia | Lanche: Batido de Morango e Pasta de Amendoim | Almoço: Strogonoff de Carne Saudável | Lanche: Salada Caprese Expresso | Janta: Panqueca de Frango Desfiado | Lanche: Batido de Morango e Pasta de Amendoim,1907,109.1,152.3,95.5
mp_180,Emagrecimento - 2000 kcal,omnivore,6,4,Café da manhã: Pão Integral com Pasta de Amendoim e Geleia | Lanche: Batido de Morango e Pasta de Amendoim | Almoço: Strogonoff de Carne Saudável | Lanche: Salada Caprese Expresso | Janta: Panqueca de Frango Desfiado | Lanche: Batido de Morango e Pasta de Amendoim,1907,109.1,152.3,95.5
mp_180,Emagrecimento - 2000 kcal,omnivore,6,5,Café da manhã: Pão Integral com Pasta de Amendoim e Geleia | Lanche: Batido de Morango e Pasta de Amendoim | Almoço: Strogonoff de Carne Saudável | Lanche: Salada Caprese Expresso | Janta: Panqueca de Frango Desfiado | Lanche: Batido de Morango e Pasta de Amendoim,1907,109.1,152.3,95.5
mp_180,Emagrecimento - 2000 kcal,omnivore,6,6,Café da manhã: Pão Integral com Pasta de Amendoim e Geleia | Lanche: Batido de Morango e Pasta de Amendoim | Almoço: Strogonoff de Carne Saudável | Lanche: Salada Caprese Expresso | Janta: Panqueca de Frango Desfiado | Lanche: Batido de Morango e Pasta de Amendoim,1907,109.1,152.3,95.5
mp_180,Emagrecimento - 2000 kcal,omnivore,6,7,Café da manhã: Pão Integral com Pasta de Amendoim e Geleia | Lanche: Batido de Morango e Pasta de Amendoim | Almoço: Strogonoff de Carne Saudável | Lanche: Salada Caprese Expresso | Janta: Panqueca de Frango Desfiado | Lanche: Batido de Morango e Pasta de Amendoim,1907,109.1,152.3,95.5
mp_181,Emagrecimento - 1200 kcal,omnivore,6,1,Café da manhã: Crepioca de Ricota | Lanche: Pudim de Chia de Cacau | Almoço: Salada de Frango Rápida | Lanche: Pudim de Chia de Cacau | Janta: Frango Desfiado com Purê de Abóbora | Lanche: Kombucha de Morango Caseira,1105,83.5,75,49
mp_181,Emagrecimento - 1200 kcal,omnivore,6,2,Café da manhã: Crepioca de Ricota | Lanche: Pudim de Chia de Cacau | Almoço: Salada de Frango Rápida | Lanche: Pudim de Chia de Cacau | Janta: Frango Desfiado com Purê de Abóbora | Lanche: Kombucha de Morango Caseira,1105,83.5,75,49
mp_181,Emagrecimento - 1200 kcal,omnivore,6,3,Café da manhã: Crepioca de Ricota | Lanche: Pudim de Chia de Cacau | Almoço: Salada de Frango Rápida | Lanche: Pudim de Chia de Cacau | Janta: Frango Desfiado com Purê de Abóbora | Lanche: Kombucha de Morango Caseira,1105,83.5,75,49
mp_181,Emagrecimento - 1200 kcal,omnivore,6,4,Café da manhã: Crepioca de Ricota | Lanche: Pudim de Chia de Cacau | Almoço: Salada de Frango Rápida | Lanche: Pudim de Chia de Cacau | Janta: Frango Desfiado com Purê de Abóbora | Lanche: Kombucha de Morango Caseira,1105,83.5,75,49
mp_181,Emagrecimento - 1200 kcal,omnivore,6,5,Café da manhã: Crepioca de Ricota | Lanche: Pudim de Chia de Cacau | Almoço: Salada de Frango Rápida | Lanche: Pudim de Chia de Cacau | Janta: Frango Desfiado com Purê de Abóbora | Lanche: Kombucha de Morango Caseira,1105,83.5,75,49
mp_181,Emagrecimento - 1200 kcal,omnivore,6,6,Café da manhã: Crepioca de Ricota | Lanche: Pudim de Chia de Cacau | Almoço: Salada de Frango Rápida | Lanche: Pudim de Chia de Cacau | Janta: Frango Desfiado com Purê de Abóbora | Lanche: Kombucha de Morango Caseira,1105,83.5,75,49
mp_181,Emagrecimento - 1200 kcal,omnivore,6,7,Café da manhã: Crepioca de Ricota | Lanche: Pudim de Chia de Cacau | Almoço: Salada de Frango Rápida | Lanche: Pudim de Chia de Cacau | Janta: Frango Desfiado com Purê de Abóbora | Lanche: Kombucha de Morango Caseira,1105,83.5,75,49
mp_182,Manutenção - 2800 kcal,omnivore,6,1,Café da manhã: Pão Integral com Pasta de Amendoim e Geleia | Lanche: Tapioca Doce de Amendoim e Morango | Almoço: Macarrão com Queijo Clássico (Mac & Cheese) | Lanche: Tapioca Doce de Amendoim e Morango | Janta: Pizza de Calabresa em Casa | Lanche: Tapioca Doce de Amendoim e Morango,2459,74.0,293.9,108.2
mp_182,Manutenção - 2800 kcal,omnivore,6,2,Café da manhã: Pão Integral com Pasta de Amendoim e Geleia | Lanche: Tapioca Doce de Amendoim e Morango | Almoço: Macarrão com Queijo Clássico (Mac & Cheese) | Lanche: Tapioca Doce de Amendoim e Morango | Janta: Pizza de Calabresa em Casa | Lanche: Tapioca Doce de Amendoim e Morango,2459,74.0,293.9,108.2
mp_182,Manutenção - 2800 kcal,omnivore,6,3,Café da manhã: Pão Integral com Pasta de Amendoim e Geleia | Lanche: Tapioca Doce de Amendoim e Morango | Almoço: Macarrão com Queijo Clássico (Mac & Cheese) | Lanche: Tapioca Doce de Amendoim e Morango | Janta: Pizza de Calabresa em Casa | Lanche: Tapioca Doce de Amendoim e Morango,2459,74.0,293.9,108.2
mp_182,Manutenção - 2800 kcal,omnivore,6,4,Café da manhã: Pão Integral com Pasta de Amendoim e Geleia | Lanche: Tapioca Doce de Amendoim e Morango | Almoço: Macarrão com Queijo Clássico (Mac & Cheese) | Lanche: Tapioca Doce de Amendoim e Morango | Janta: Pizza de Calabresa em Casa | Lanche: Tapioca Doce de Amendoim e Morango,2459,74.0,293.9,108.2
mp_182,Manutenção - 2800 kcal,omnivore,6,5,Café da manhã: Pão Integral com Pasta de Amendoim e Geleia | Lanche: Tapioca Doce de Amendoim e Morango | Almoço: Macarrão com Queijo Clássico (Mac & Cheese) | Lanche: Tapioca Doce de Amendoim e Morango | Janta: Pizza de Calabresa em Casa | Lanche: Tapioca Doce de Amendoim e Morango,2459,74.0,293.9,108.2
mp_182,Manutenção - 2800 kcal,omnivore,6,6,Café da manhã: Pão Integral com Pasta de Amendoim e Geleia | Lanche: Tapioca Doce de Amendoim e Morango | Almoço: Macarrão com Queijo Clássico (Mac & Cheese) | Lanche: Tapioca Doce de Amendoim e Morango | Janta: Pizza de Calabresa em Casa | Lanche: Tapioca Doce de Amendoim e Morango,2459,74.0,293.9,108.2
mp_182,Manutenção - 2800 kcal,omnivore,6,7,Café da manhã: Pão Integral com Pasta de Amendoim e Geleia | Lanche: Tapioca Doce de Amendoim e Morango | Almoço: Macarrão com Queijo Clássico (Mac & Cheese) | Lanche: Tapioca Doce de Amendoim e Morango | Janta: Pizza de Calabresa em Casa | Lanche: Tapioca Doce de Amendoim e Morango,2459,74.0,293.9,108.2
mp_183,Emagrecimento - 1400 kcal,omnivore,3,1,Café da manhã: Panqueca de Batata Doce | Almoço: Rolo de Carne Moída Recheado | Janta: Taco Mexicano Completo,1152,77,78.5,58
mp_183,Emagrecimento - 1400 kcal,omnivore,3,2,Café da manhã: Panqueca de Batata Doce | Almoço: Rolo de Carne Moída Recheado | Janta: Taco Mexicano Completo,1152,77,78.5,58
mp_183,Emagrecimento - 1400 kcal,omnivore,3,3,Café da manhã: Panqueca de Batata Doce | Almoço: Rolo de Carne Moída Recheado | Janta: Taco Mexicano Completo,1152,77,78.5,58
mp_183,Emagrecimento - 1400 kcal,omnivore,3,4,Café da manhã: Panqueca de Batata Doce | Almoço: Rolo de Carne Moída Recheado | Janta: Taco Mexicano Completo,1152,77,78.5,58
mp_183,Emagrecimento - 1400 kcal,omnivore,3,5,Café da manhã: Panqueca de Batata Doce | Almoço: Rolo de Carne Moída Recheado | Janta: Taco Mexicano Completo,1152,77,78.5,58
mp_183,Emagrecimento - 1400 kcal,omnivore,3,6,Café da manhã: Panqueca de Batata Doce | Almoço: Rolo de Carne Moída Recheado | Janta: Taco Mexicano Completo,1152,77,78.5,58
mp_183,Emagrecimento - 1400 kcal,omnivore,3,7,Café da manhã: Panqueca de Batata Doce | Almoço: Rolo de Carne Moída Recheado | Janta: Taco Mexicano Completo,1152,77,78.5,58
mp_184,Hipertrofia - 2800 kcal,omnivore,6,1,Café da manhã: Pão Integral com Pasta de Amendoim e Geleia | Lanche: Tapioca Doce de Amendoim e Morango | Almoço: Macarrão com Queijo Clássico (Mac & Cheese) | Lanche: Batata Frita com Queijo e Bacon | Janta: Pizza de Calabresa em Casa | Lanche: Muffin de Banana de Microondas,2625.5,90.9,290.0,120.8
mp_184,Hipertrofia - 2800 kcal,omnivore,6,2,Café da manhã: Pão Integral com Pasta de Amendoim e Geleia | Lanche: Tapioca Doce de Amendoim e Morango | Almoço: Macarrão com Queijo Clássico (Mac & Cheese) | Lanche: Batata Frita com Queijo e Bacon | Janta: Pizza de Calabresa em Casa | Lanche: Muffin de Banana de Microondas,2625.5,90.9,290.0,120.8
mp_184,Hipertrofia - 2800 kcal,omnivore,6,3,Café da manhã: Pão Integral com Pasta de Amendoim e Geleia | Lanche: Tapioca Doce de Amendoim e Morango | Almoço: Macarrão com Queijo Clássico (Mac & Cheese) | Lanche: Batata Frita com Queijo e Bacon | Janta: Pizza de Calabresa em Casa | Lanche: Muffin de Banana de Microondas,2625.5,90.9,290.0,120.8
mp_184,Hipertrofia - 2800 kcal,omnivore,6,4,Café da manhã: Pão Integral com Pasta de Amendoim e Geleia | Lanche: Tapioca Doce de Amendoim e Morango | Almoço: Macarrão com Queijo Clássico (Mac & Cheese) | Lanche: Batata Frita com Queijo e Bacon | Janta: Pizza de Calabresa em Casa | Lanche: Muffin de Banana de Microondas,2625.5,90.9,290.0,120.8
mp_184,Hipertrofia - 2800 kcal,omnivore,6,5,Café da manhã: Pão Integral com Pasta de Amendoim e Geleia | Lanche: Tapioca Doce de Amendoim e Morango | Almoço: Macarrão com Queijo Clássico (Mac & Cheese) | Lanche: Batata Frita com Queijo e Bacon | Janta: Pizza de Calabresa em Casa | Lanche: Muffin de Banana de Microondas,2625.5,90.9,290.0,120.8
mp_184,Hipertrofia - 2800 kcal,omnivore,6,6,Café da manhã: Pão Integral com Pasta de Amendoim e Geleia | Lanche: Tapioca Doce de Amendoim e Morango | Almoço: Macarrão com Queijo Clássico (Mac & Cheese) | Lanche: Batata Frita com Queijo e Bacon | Janta: Pizza de Calabresa em Casa | Lanche: Muffin de Banana de Microondas,2625.5,90.9,290.0,120.8
mp_184,Hipertrofia - 2800 kcal,omnivore,6,7,Café da manhã: Pão Integral com Pasta de Amendoim e Geleia | Lanche: Tapioca Doce de Amendoim e Morango | Almoço: Macarrão com Queijo Clássico (Mac & Cheese) | Lanche: Batata Frita com Queijo e Bacon | Janta: Pizza de Calabresa em Casa | Lanche: Muffin de Banana de Microondas,2625.5,90.9,290.0,120.8
mp_185,Emagrecimento - 2200 kcal,omnivore,5,1,Café da manhã: Pão Integral com Pasta de Amendoim e Geleia | Lanche: Batido Hipercalórico (Mass Gainer Caseiro) | Almoço: Bife de Alcatra com Purê de Batata | Lanche: Batido Hipercalórico (Mass Gainer Caseiro) | Janta: Sopa de Frango com Legumes,2052,139.6,224.3,64.5
mp_185,Emagrecimento - 2200 kcal,omnivore,5,2,Café da manhã: Pão Integral com Pasta de Amendoim e Geleia | Lanche: Batido Hipercalórico (Mass Gainer Caseiro) | Almoço: Bife de Alcatra com Purê de Batata | Lanche: Batido Hipercalórico (Mass Gainer Caseiro) | Janta: Sopa de Frango com Legumes,2052,139.6,224.3,64.5
mp_185,Emagrecimento - 2200 kcal,omnivore,5,3,Café da manhã: Pão Integral com Pasta de Amendoim e Geleia | Lanche: Batido Hipercalórico (Mass Gainer Caseiro) | Almoço: Bife de Alcatra com Purê de Batata | Lanche: Batido Hipercalórico (Mass Gainer Caseiro) | Janta: Sopa de Frango com Legumes,2052,139.6,224.3,64.5
mp_185,Emagrecimento - 2200 kcal,omnivore,5,4,Café da manhã: Pão Integral com Pasta de Amendoim e Geleia | Lanche: Batido Hipercalórico (Mass Gainer Caseiro) | Almoço: Bife de Alcatra com Purê de Batata | Lanche: Batido Hipercalórico (Mass Gainer Caseiro) | Janta: Sopa de Frango com Legumes,2052,139.6,224.3,64.5
mp_185,Emagrecimento - 2200 kcal,omnivore,5,5,Café da manhã: Pão Integral com Pasta de Amendoim e Geleia | Lanche: Batido Hipercalórico (Mass Gainer Caseiro) | Almoço: Bife de Alcatra com Purê de Batata | Lanche: Batido Hipercalórico (Mass Gainer Caseiro) | Janta: Sopa de Frango com Legumes,2052,139.6,224.3,64.5
mp_185,Emagrecimento - 2200 kcal,omnivore,5,6,Café da manhã: Pão Integral com Pasta de Amendoim e Geleia | Lanche: Batido Hipercalórico (Mass Gainer Caseiro) | Almoço: Bife de Alcatra com Purê de Batata | Lanche: Batido Hipercalórico (Mass Gainer Caseiro) | Janta: Sopa de Frango com Legumes,2052,139.6,224.3,64.5
mp_185,Emagrecimento - 2200 kcal,omnivore,5,7,Café da manhã: Pão Integral com Pasta de Amendoim e Geleia | Lanche: Batido Hipercalórico (Mass Gainer Caseiro) | Almoço: Bife de Alcatra com Purê de Batata | Lanche: Batido Hipercalórico (Mass Gainer Caseiro) | Janta: Sopa de Frango com Legumes,2052,139.6,224.3,64.5
mp_186,Emagrecimento - 2000 kcal,omnivore,5,1,Café da manhã: Pão Integral com Pasta de Amendoim e Geleia | Lanche: Tapioca Doce de Amendoim e Morango | Almoço: Strogonoff de Carne Saudável | Lanche: Tapioca Doce de Amendoim e Morango | Janta: Panqueca de Frango Desfiado,1846,90.1,196.3,77
mp_186,Emagrecimento - 2000 kcal,omnivore,5,2,Café da manhã: Pão Integral com Pasta de Amendoim e Geleia | Lanche: Tapioca Doce de Amendoim e Morango | Almoço: Strogonoff de Carne Saudável | Lanche: Tapioca Doce de Amendoim e Morango | Janta: Panqueca de Frango Desfiado,1846,90.1,196.3,77
mp_186,Emagrecimento - 2000 kcal,omnivore,5,3,Café da manhã: Pão Integral com Pasta de Amendoim e Geleia | Lanche: Tapioca Doce de Amendoim e Morango | Almoço: Strogonoff de Carne Saudável | Lanche: Tapioca Doce de Amendoim e Morango | Janta: Panqueca de Frango Desfiado,1846,90.1,196.3,77
mp_186,Emagrecimento - 2000 kcal,omnivore,5,4,Café da manhã: Pão Integral com Pasta de Amendoim e Geleia | Lanche: Tapioca Doce de Amendoim e Morango | Almoço: Strogonoff de Carne Saudável | Lanche: Tapioca Doce de Amendoim e Morango | Janta: Panqueca de Frango Desfiado,1846,90.1,196.3,77
mp_186,Emagrecimento - 2000 kcal,omnivore,5,5,Café da manhã: Pão Integral com Pasta de Amendoim e Geleia | Lanche: Tapioca Doce de Amendoim e Morango | Almoço: Strogonoff de Carne Saudável | Lanche: Tapioca Doce de Amendoim e Morango | Janta: Panqueca de Frango Desfiado,1846,90.1,196.3,77
mp_186,Emagrecimento - 2000 kcal,omnivore,5,6,Café da manhã: Pão Integral com Pasta de Amendoim e Geleia | Lanche: Tapioca Doce de Amendoim e Morango | Almoço: Strogonoff de Carne Saudável | Lanche: Tapioca Doce de Amendoim e Morango | Janta: Panqueca de Frango Desfiado,1846,90.1,196.3,77
mp_186,Emagrecimento - 2000 kcal,omnivore,5,7,Café da manhã: Pão Integral com Pasta de Amendoim e Geleia | Lanche: Tapioca Doce de Amendoim e Morango | Almoço: Strogonoff de Carne Saudável | Lanche: Tapioca Doce de Amendoim e Morango | Janta: Panqueca de Frango Desfiado,1846,90.1,196.3,77
mp_187,Manutenção - 2000 kcal,omnivore,4,1,Café da manhã: Pão Integral com Pasta de Amendoim e Geleia | Almoço: Prato Feito Turbinado (Ovo e Fritas) | Janta: Ceviche de Salmão Saudável | Lanche: Batata Frita com Queijo e Bacon,2020,93.6,193.3,98.6
mp_187,Manutenção - 2000 kcal,omnivore,4,2,Café da manhã: Pão Integral com Pasta de Amendoim e Geleia | Almoço: Prato Feito Turbinado (Ovo e Fritas) | Janta: Ceviche de Salmão Saudável | Lanche: Batata Frita com Queijo e Bacon,2020,93.6,193.3,98.6
mp_187,Manutenção - 2000 kcal,omnivore,4,3,Café da manhã: Pão Integral com Pasta de Amendoim e Geleia | Almoço: Prato Feito Turbinado (Ovo e Fritas) | Janta: Ceviche de Salmão Saudável | Lanche: Batata Frita com Queijo e Bacon,2020,93.6,193.3,98.6
mp_187,Manutenção - 2000 kcal,omnivore,4,4,Café da manhã: Pão Integral com Pasta de Amendoim e Geleia | Almoço: Prato Feito Turbinado (Ovo e Fritas) | Janta: Ceviche de Salmão Saudável | Lanche: Batata Frita com Queijo e Bacon,2020,93.6,193.3,98.6
mp_187,Manutenção - 2000 kcal,omnivore,4,5,Café da manhã: Pão Integral com Pasta de Amendoim e Geleia | Almoço: Prato Feito Turbinado (Ovo e Fritas) | Janta: Ceviche de Salmão Saudável | Lanche: Batata Frita com Queijo e Bacon,2020,93.6,193.3,98.6
mp_187,Manutenção - 2000 kcal,omnivore,4,6,Café da manhã: Pão Integral com Pasta de Amendoim e Geleia | Almoço: Prato Feito Turbinado (Ovo e Fritas) | Janta: Ceviche de Salmão Saudável | Lanche: Batata Frita com Queijo e Bacon,2020,93.6,193.3,98.6
mp_187,Manutenção - 2000 kcal,omnivore,4,7,Café da manhã: Pão Integral com Pasta de Amendoim e Geleia | Almoço: Prato Feito Turbinado (Ovo e Fritas) | Janta: Ceviche de Salmão Saudável | Lanche: Batata Frita com Queijo e Bacon,2020,93.6,193.3,98.6
mp_188,Emagrecimento - 1400 kcal,omnivore,5,1,Café da manhã: Avocado Toast com Ovo (Pão com Abacate) | Lanche: Pizza de Frigideira Low Carb | Almoço: Frango Desfiado com Tapioca | Lanche: Pizza de Frigideira Low Carb | Janta: Sopa de Ervilha com Bacon de Peru,1397.5,91.5,105.7,64.3
mp_188,Emagrecimento - 1400 kcal,omnivore,5,2,Café da manhã: Avocado Toast com Ovo (Pão com Abacate) | Lanche: Pizza de Frigideira Low Carb | Almoço: Frango Desfiado com Tapioca | Lanche: Pizza de Frigideira Low Carb | Janta: Sopa de Ervilha com Bacon de Peru,1397.5,91.5,105.7,64.3
mp_188,Emagrecimento - 1400 kcal,omnivore,5,3,Café da manhã: Avocado Toast com Ovo (Pão com Abacate) | Lanche: Pizza de Frigideira Low Carb | Almoço: Frango Desfiado com Tapioca | Lanche: Pizza de Frigideira Low Carb | Janta: Sopa de Ervilha com Bacon de Peru,1397.5,91.5,105.7,64.3
mp_188,Emagrecimento - 1400 kcal,omnivore,5,4,Café da manhã: Avocado Toast com Ovo (Pão com Abacate) | Lanche: Pizza de Frigideira Low Carb | Almoço: Frango Desfiado com Tapioca | Lanche: Pizza de Frigideira Low Carb | Janta: Sopa de Ervilha com Bacon de Peru,1397.5,91.5,105.7,64.3
mp_188,Emagrecimento - 1400 kcal,omnivore,5,5,Café da manhã: Avocado Toast com Ovo (Pão com Abacate) | Lanche: Pizza de Frigideira Low Carb | Almoço: Frango Desfiado com Tapioca | Lanche: Pizza de Frigideira Low Carb | Janta: Sopa de Ervilha com Bacon de Peru,1397.5,91.5,105.7,64.3
mp_188,Emagrecimento - 1400 kcal,omnivore,5,6,Café da manhã: Avocado Toast com Ovo (Pão com Abacate) | Lanche: Pizza de Frigideira Low Carb | Almoço: Frango Desfiado com Tapioca | Lanche: Pizza de Frigideira Low Carb | Janta: Sopa de Ervilha com Bacon de Peru,1397.5,91.5,105.7,64.3
mp_188,Emagrecimento - 1400 kcal,omnivore,5,7,Café da manhã: Avocado Toast com Ovo (Pão com Abacate) | Lanche: Pizza de Frigideira Low Carb | Almoço: Frango Desfiado com Tapioca | Lanche: Pizza de Frigideira Low Carb | Janta: Sopa de Ervilha com Bacon de Peru,1397.5,91.5,105.7,64.3
mp_189,Emagrecimento - 2200 kcal,omnivore,4,1,Café da manhã: Pão Integral com Pasta de Amendoim e Geleia | Almoço: Bife de Alcatra com Purê de Batata | Janta: Escondidinho Vegano de Grão-de-Bico | Lanche: Smoothie de Leite de Coco e Frutas Vermelhas,1332,62.6,150.3,54.5
mp_189,Emagrecimento - 2200 kcal,omnivore,4,2,Café da manhã: Pão Integral com Pasta de Amendoim e Geleia | Almoço: Bife de Alcatra com Purê de Batata | Janta: Escondidinho Vegano de Grão-de-Bico | Lanche: Smoothie de Leite de Coco e Frutas Vermelhas,1332,62.6,150.3,54.5
mp_189,Emagrecimento - 2200 kcal,omnivore,4,3,Café da manhã: Pão Integral com Pasta de Amendoim e Geleia | Almoço: Bife de Alcatra com Purê de Batata | Janta: Escondidinho Vegano de Grão-de-Bico | Lanche: Smoothie de Leite de Coco e Frutas Vermelhas,1332,62.6,150.3,54.5
mp_189,Emagrecimento - 2200 kcal,omnivore,4,4,Café da manhã: Pão Integral com Pasta de Amendoim e Geleia | Almoço: Bife de Alcatra com Purê de Batata | Janta: Escondidinho Vegano de Grão-de-Bico | Lanche: Smoothie de Leite de Coco e Frutas Vermelhas,1332,62.6,150.3,54.5
mp_189,Emagrecimento - 2200 kcal,omnivore,4,5,Café da manhã: Pão Integral com Pasta de Amendoim e Geleia | Almoço: Bife de Alcatra com Purê de Batata | Janta: Escondidinho Vegano de Grão-de-Bico | Lanche: Smoothie de Leite de Coco e Frutas Vermelhas,1332,62.6,150.3,54.5
mp_189,Emagrecimento - 2200 kcal,omnivore,4,6,Café da manhã: Pão Integral com Pasta de Amendoim e Geleia | Almoço: Bife de Alcatra com Purê de Batata | Janta: Escondidinho Vegano de Grão-de-Bico | Lanche: Smoothie de Leite de Coco e Frutas Vermelhas,1332,62.6,150.3,54.5
mp_189,Emagrecimento - 2200 kcal,omnivore,4,7,Café da manhã: Pão Integral com Pasta de Amendoim e Geleia | Almoço: Bife de Alcatra com Purê de Batata | Janta: Escondidinho Vegano de Grão-de-Bico | Lanche: Smoothie de Leite de Coco e Frutas Vermelhas,1332,62.6,150.3,54.5
mp_190,Emagrecimento - 1800 kcal,omnivore,5,1,Café da manhã: Tapioca de Frango com Requeijão Light | Lanche: Salada Caprese Expresso | Almoço: Cuscuz Marroquino com Grão-de-Bico | Lanche: Tapioca Doce de Amendoim e Morango | Janta: Pizza de Frigideira com Massa de Aveia,1603,75.0,185.7,58.2
mp_190,Emagrecimento - 1800 kcal,omnivore,5,2,Café da manhã: Tapioca de Frango com Requeijão Light | Lanche: Salada Caprese Expresso | Almoço: Cuscuz Marroquino com Grão-de-Bico | Lanche: Tapioca Doce de Amendoim e Morango | Janta: Pizza de Frigideira com Massa de Aveia,1603,75.0,185.7,58.2
mp_190,Emagrecimento - 1800 kcal,omnivore,5,3,Café da manhã: Tapioca de Frango com Requeijão Light | Lanche: Salada Caprese Expresso | Almoço: Cuscuz Marroquino com Grão-de-Bico | Lanche: Tapioca Doce de Amendoim e Morango | Janta: Pizza de Frigideira com Massa de Aveia,1603,75.0,185.7,58.2
mp_190,Emagrecimento - 1800 kcal,omnivore,5,4,Café da manhã: Tapioca de Frango com Requeijão Light | Lanche: Salada Caprese Expresso | Almoço: Cuscuz Marroquino com Grão-de-Bico | Lanche: Tapioca Doce de Amendoim e Morango | Janta: Pizza de Frigideira com Massa de Aveia,1603,75.0,185.7,58.2
mp_190,Emagrecimento - 1800 kcal,omnivore,5,5,Café da manhã: Tapioca de Frango com Requeijão Light | Lanche: Salada Caprese Expresso | Almoço: Cuscuz Marroquino com Grão-de-Bico | Lanche: Tapioca Doce de Amendoim e Morango | Janta: Pizza de Frigideira com Massa de Aveia,1603,75.0,185.7,58.2
mp_190,Emagrecimento - 1800 kcal,omnivore,5,6,Café da manhã: Tapioca de Frango com Requeijão Light | Lanche: Salada Caprese Expresso | Almoço: Cuscuz Marroquino com Grão-de-Bico | Lanche: Tapioca Doce de Amendoim e Morango | Janta: Pizza de Frigideira com Massa de Aveia,1603,75.0,185.7,58.2
mp_190,Emagrecimento - 1800 kcal,omnivore,5,7,Café da manhã: Tapioca de Frango com Requeijão Light | Lanche: Salada Caprese Expresso | Almoço: Cuscuz Marroquino com Grão-de-Bico | Lanche: Tapioca Doce de Amendoim e Morango | Janta: Pizza de Frigideira com Massa de Aveia,1603,75.0,185.7,58.2
mp_191,Emagrecimento - 1400 kcal,omnivore,4,1,Café da manhã: Avocado Toast com Ovo (Pão com Abacate) | Almoço: Frango Desfiado com Tapioca | Janta: Sopa de Ervilha com Bacon de Peru | Lanche: Nachos com Carne e Guacamole,1428.5,91.7,128.6,60.1
mp_191,Emagrecimento - 1400 kcal,omnivore,4,2,Café da manhã: Avocado Toast com Ovo (Pão com Abacate) | Almoço: Frango Desfiado com Tapioca | Janta: Sopa de Ervilha com Bacon de Peru | Lanche: Nachos com Carne e Guacamole,1428.5,91.7,128.6,60.1
mp_191,Emagrecimento - 1400 kcal,omnivore,4,3,Café da manhã: Avocado Toast com Ovo (Pão com Abacate) | Almoço: Frango Desfiado com Tapioca | Janta: Sopa de Ervilha com Bacon de Peru | Lanche: Nachos com Carne e Guacamole,1428.5,91.7,128.6,60.1
mp_191,Emagrecimento - 1400 kcal,omnivore,4,4,Café da manhã: Avocado Toast com Ovo (Pão com Abacate) | Almoço: Frango Desfiado com Tapioca | Janta: Sopa de Ervilha com Bacon de Peru | Lanche: Nachos com Carne e Guacamole,1428.5,91.7,128.6,60.1
mp_191,Emagrecimento - 1400 kcal,omnivore,4,5,Café da manhã: Avocado Toast com Ovo (Pão com Abacate) | Almoço: Frango Desfiado com Tapioca | Janta: Sopa de Ervilha com Bacon de Peru | Lanche: Nachos com Carne e Guacamole,1428.5,91.7,128.6,60.1
mp_191,Emagrecimento - 1400 kcal,omnivore,4,6,Café da manhã: Avocado Toast com Ovo (Pão com Abacate) | Almoço: Frango Desfiado com Tapioca | Janta: Sopa de Ervilha com Bacon de Peru | Lanche: Nachos com Carne e Guacamole,1428.5,91.7,128.6,60.1
mp_191,Emagrecimento - 1400 kcal,omnivore,4,7,Café da manhã: Avocado Toast com Ovo (Pão com Abacate) | Almoço: Frango Desfiado com Tapioca | Janta: Sopa de Ervilha com Bacon de Peru | Lanche: Nachos com Carne e Guacamole,1428.5,91.7,128.6,60.1
mp_192,Emagrecimento - 2000 kcal,omnivore,6,1,Café da manhã: Pão Integral com Pasta de Amendoim e Geleia | Lanche: Batido de Morango e Pasta de Amendoim | Almoço: Strogonoff de Carne Saudável | Lanche: Batido de Morango e Pasta de Amendoim | Janta: Panqueca de Frango Desfiado | Lanche: Batido de Morango e Pasta de Amendoim,1972,108.1,170.3,95
mp_192,Emagrecimento - 2000 kcal,omnivore,6,2,Café da manhã: Pão Integral com Pasta de Amendoim e Geleia | Lanche: Batido de Morango e Pasta de Amendoim | Almoço: Strogonoff de Carne Saudável | Lanche: Batido de Morango e Pasta de Amendoim | Janta: Panqueca de Frango Desfiado | Lanche: Batido de Morango e Pasta de Amendoim,1972,108.1,170.3,95
mp_192,Emagrecimento - 2000 kcal,omnivore,6,3,Café da manhã: Pão Integral com Pasta de Amendoim e Geleia | Lanche: Batido de Morango e Pasta de Amendoim | Almoço: Strogonoff de Carne Saudável | Lanche: Batido de Morango e Pasta de Amendoim | Janta: Panqueca de Frango Desfiado | Lanche: Batido de Morango e Pasta de Amendoim,1972,108.1,170.3,95
mp_192,Emagrecimento - 2000 kcal,omnivore,6,4,Café da manhã: Pão Integral com Pasta de Amendoim e Geleia | Lanche: Batido de Morango e Pasta de Amendoim | Almoço: Strogonoff de Carne Saudável | Lanche: Batido de Morango e Pasta de Amendoim | Janta: Panqueca de Frango Desfiado | Lanche: Batido de Morango e Pasta de Amendoim,1972,108.1,170.3,95
mp_192,Emagrecimento - 2000 kcal,omnivore,6,5,Café da manhã: Pão Integral com Pasta de Amendoim e Geleia | Lanche: Batido de Morango e Pasta de Amendoim | Almoço: Strogonoff de Carne Saudável | Lanche: Batido de Morango e Pasta de Amendoim | Janta: Panqueca de Frango Desfiado | Lanche: Batido de Morango e Pasta de Amendoim,1972,108.1,170.3,95
mp_192,Emagrecimento - 2000 kcal,omnivore,6,6,Café da manhã: Pão Integral com Pasta de Amendoim e Geleia | Lanche: Batido de Morango e Pasta de Amendoim | Almoço: Strogonoff de Carne Saudável | Lanche: Batido de Morango e Pasta de Amendoim | Janta: Panqueca de Frango Desfiado | Lanche: Batido de Morango e Pasta de Amendoim,1972,108.1,170.3,95
mp_192,Emagrecimento - 2000 kcal,omnivore,6,7,Café da manhã: Pão Integral com Pasta de Amendoim e Geleia | Lanche: Batido de Morango e Pasta de Amendoim | Almoço: Strogonoff de Carne Saudável | Lanche: Batido de Morango e Pasta de Amendoim | Janta: Panqueca de Frango Desfiado | Lanche: Batido de Morango e Pasta de Amendoim,1972,108.1,170.3,95
mp_193,Hipertrofia - 2800 kcal,omnivore,6,1,Café da manhã: Pão Integral com Pasta de Amendoim e Geleia | Lanche: Tapioca Doce de Amendoim e Morango | Almoço: Frango Desfiado com Purê de Mandioca | Lanche: Tapioca Doce de Amendoim e Morango | Janta: Pizza de Calabresa em Casa | Lanche: Tapioca Doce de Amendoim e Morango,2359,88.0,290.9,92.2
mp_193,Hipertrofia - 2800 kcal,omnivore,6,2,Café da manhã: Pão Integral com Pasta de Amendoim e Geleia | Lanche: Tapioca Doce de Amendoim e Morango | Almoço: Frango Desfiado com Purê de Mandioca | Lanche: Tapioca Doce de Amendoim e Morango | Janta: Pizza de Calabresa em Casa | Lanche: Tapioca Doce de Amendoim e Morango,2359,88.0,290.9,92.2
mp_193,Hipertrofia - 2800 kcal,omnivore,6,3,Café da manhã: Pão Integral com Pasta de Amendoim e Geleia | Lanche: Tapioca Doce de Amendoim e Morango | Almoço: Frango Desfiado com Purê de Mandioca | Lanche: Tapioca Doce de Amendoim e Morango | Janta: Pizza de Calabresa em Casa | Lanche: Tapioca Doce de Amendoim e Morango,2359,88.0,290.9,92.2
mp_193,Hipertrofia - 2800 kcal,omnivore,6,4,Café da manhã: Pão Integral com Pasta de Amendoim e Geleia | Lanche: Tapioca Doce de Amendoim e Morango | Almoço: Frango Desfiado com Purê de Mandioca | Lanche: Tapioca Doce de Amendoim e Morango | Janta: Pizza de Calabresa em Casa | Lanche: Tapioca Doce de Amendoim e Morango,2359,88.0,290.9,92.2
mp_193,Hipertrofia - 2800 kcal,omnivore,6,5,Café da manhã: Pão Integral com Pasta de Amendoim e Geleia | Lanche: Tapioca Doce de Amendoim e Morango | Almoço: Frango Desfiado com Purê de Mandioca | Lanche: Tapioca Doce de Amendoim e Morango | Janta: Pizza de Calabresa em Casa | Lanche: Tapioca Doce de Amendoim e Morango,2359,88.0,290.9,92.2
mp_193,Hipertrofia - 2800 kcal,omnivore,6,6,Café da manhã: Pão Integral com Pasta de Amendoim e Geleia | Lanche: Tapioca Doce de Amendoim e Morango | Almoço: Frango Desfiado com Purê de Mandioca | Lanche: Tapioca Doce de Amendoim e Morango | Janta: Pizza de Calabresa em Casa | Lanche: Tapioca Doce de Amendoim e Morango,2359,88.0,290.9,92.2
mp_193,Hipertrofia - 2800 kcal,omnivore,6,7,Café da manhã: Pão Integral com Pasta de Amendoim e Geleia | Lanche: Tapioca Doce de Amendoim e Morango | Almoço: Frango Desfiado com Purê de Mandioca | Lanche: Tapioca Doce de Amendoim e Morango | Janta: Pizza de Calabresa em Casa | Lanche: Tapioca Doce de Amendoim e Morango,2359,88.0,290.9,92.2
mp_194,Emagrecimento - 1800 kcal,omnivore,6,1,Café da manhã: Tapioca de Frango com Requeijão Light | Lanche: Bolo de Chocolate de Microondas Fit | Almoço: Cuscuz Marroquino com Grão-de-Bico | Lanche: Bolo de Chocolate de Microondas Fit | Janta: Pizza de Frigideira com Massa de Aveia | Lanche: Bolo de Chocolate de Microondas Fit,1761,94.0,207.7,56.7
mp_194,Emagrecimento - 1800 kcal,omnivore,6,2,Café da manhã: Tapioca de Frango com Requeijão Light | Lanche: Bolo de Chocolate de Microondas Fit | Almoço: Cuscuz Marroquino com Grão-de-Bico | Lanche: Bolo de Chocolate de Microondas Fit | Janta: Pizza de Frigideira com Massa de Aveia | Lanche: Bolo de Chocolate de Microondas Fit,1761,94.0,207.7,56.7
mp_194,Emagrecimento - 1800 kcal,omnivore,6,3,Café da manhã: Tapioca de Frango com Requeijão Light | Lanche: Bolo de Chocolate de Microondas Fit | Almoço: Cuscuz Marroquino com Grão-de-Bico | Lanche: Bolo de Chocolate de Microondas Fit | Janta: Pizza de Frigideira com Massa de Aveia | Lanche: Bolo de Chocolate de Microondas Fit,1761,94.0,207.7,56.7
mp_194,Emagrecimento - 1800 kcal,omnivore,6,4,Café da manhã: Tapioca de Frango com Requeijão Light | Lanche: Bolo de Chocolate de Microondas Fit | Almoço: Cuscuz Marroquino com Grão-de-Bico | Lanche: Bolo de Chocolate de Microondas Fit | Janta: Pizza de Frigideira com Massa de Aveia | Lanche: Bolo de Chocolate de Microondas Fit,1761,94.0,207.7,56.7
mp_194,Emagrecimento - 1800 kcal,omnivore,6,5,Café da manhã: Tapioca de Frango com Requeijão Light | Lanche: Bolo de Chocolate de Microondas Fit | Almoço: Cuscuz Marroquino com Grão-de-Bico | Lanche: Bolo de Chocolate de Microondas Fit | Janta: Pizza de Frigideira com Massa de Aveia | Lanche: Bolo de Chocolate de Microondas Fit,1761,94.0,207.7,56.7
mp_194,Emagrecimento - 1800 kcal,omnivore,6,6,Café da manhã: Tapioca de Frango com Requeijão Light | Lanche: Bolo de Chocolate de Microondas Fit | Almoço: Cuscuz Marroquino com Grão-de-Bico | Lanche: Bolo de Chocolate de Microondas Fit | Janta: Pizza de Frigideira com Massa de Aveia | Lanche: Bolo de Chocolate de Microondas Fit,1761,94.0,207.7,56.7
mp_194,Emagrecimento - 1800 kcal,omnivore,6,7,Café da manhã: Tapioca de Frango com Requeijão Light | Lanche: Bolo de Chocolate de Microondas Fit | Almoço: Cuscuz Marroquino com Grão-de-Bico | Lanche: Bolo de Chocolate de Microondas Fit | Janta: Pizza de Frigideira com Massa de Aveia | Lanche: Bolo de Chocolate de Microondas Fit,1761,94.0,207.7,56.7
mp_195,Emagrecimento - 1600 kcal,omnivore,6,1,Café da manhã: Mingau de Aveia com Banana | Lanche: Sanduíche Natural de Atum | Almoço: Hambúrguer Vegetal com Purê de Abóbora | Lanche: Sanduíche Natural de Atum | Janta: Almôndegas Caseiras de Patinho | Lanche: Sanduíche Natural de Atum,1605.6,126.4,164.3,52.4
mp_195,Emagrecimento - 1600 kcal,omnivore,6,2,Café da manhã: Mingau de Aveia com Banana | Lanche: Sanduíche Natural de Atum | Almoço: Hambúrguer Vegetal com Purê de Abóbora | Lanche: Sanduíche Natural de Atum | Janta: Almôndegas Caseiras de Patinho | Lanche: Sanduíche Natural de Atum,1605.6,126.4,164.3,52.4
mp_195,Emagrecimento - 1600 kcal,omnivore,6,3,Café da manhã: Mingau de Aveia com Banana | Lanche: Sanduíche Natural de Atum | Almoço: Hambúrguer Vegetal com Purê de Abóbora | Lanche: Sanduíche Natural de Atum | Janta: Almôndegas Caseiras de Patinho | Lanche: Sanduíche Natural de Atum,1605.6,126.4,164.3,52.4
mp_195,Emagrecimento - 1600 kcal,omnivore,6,4,Café da manhã: Mingau de Aveia com Banana | Lanche: Sanduíche Natural de Atum | Almoço: Hambúrguer Vegetal com Purê de Abóbora | Lanche: Sanduíche Natural de Atum | Janta: Almôndegas Caseiras de Patinho | Lanche: Sanduíche Natural de Atum,1605.6,126.4,164.3,52.4
mp_195,Emagrecimento - 1600 kcal,omnivore,6,5,Café da manhã: Mingau de Aveia com Banana | Lanche: Sanduíche Natural de Atum | Almoço: Hambúrguer Vegetal com Purê de Abóbora | Lanche: Sanduíche Natural de Atum | Janta: Almôndegas Caseiras de Patinho | Lanche: Sanduíche Natural de Atum,1605.6,126.4,164.3,52.4
mp_195,Emagrecimento - 1600 kcal,omnivore,6,6,Café da manhã: Mingau de Aveia com Banana | Lanche: Sanduíche Natural de Atum | Almoço: Hambúrguer Vegetal com Purê de Abóbora | Lanche: Sanduíche Natural de Atum | Janta: Almôndegas Caseiras de Patinho | Lanche: Sanduíche Natural de Atum,1605.6,126.4,164.3,52.4
mp_195,Emagrecimento - 1600 kcal,omnivore,6,7,Café da manhã: Mingau de Aveia com Banana | Lanche: Sanduíche Natural de Atum | Almoço: Hambúrguer Vegetal com Purê de Abóbora | Lanche: Sanduíche Natural de Atum | Janta: Almôndegas Caseiras de Patinho | Lanche: Sanduíche Natural de Atum,1605.6,126.4,164.3,52.4
mp_196,Manutenção - 2500 kcal,omnivore,5,1,Café da manhã: Pão Integral com Pasta de Amendoim e Geleia | Lanche: Batata Frita com Queijo e Bacon | Almoço: Macarrão com Queijo Clássico (Mac & Cheese) | Lanche: Batido Hipercalórico (Mass Gainer Caseiro) | Janta: Taco Mexicano Completo,2459,109.7,257.3,109.5
mp_196,Manutenção - 2500 kcal,omnivore,5,2,Café da manhã: Pão Integral com Pasta de Amendoim e Geleia | Lanche: Batata Frita com Queijo e Bacon | Almoço: Macarrão com Queijo Clássico (Mac & Cheese) | Lanche: Batido Hipercalórico (Mass Gainer Caseiro) | Janta: Taco Mexicano Completo,2459,109.7,257.3,109.5
mp_196,Manutenção - 2500 kcal,omnivore,5,3,Café da manhã: Pão Integral com Pasta de Amendoim e Geleia | Lanche: Batata Frita com Queijo e Bacon | Almoço: Macarrão com Queijo Clássico (Mac & Cheese) | Lanche: Batido Hipercalórico (Mass Gainer Caseiro) | Janta: Taco Mexicano Completo,2459,109.7,257.3,109.5
mp_196,Manutenção - 2500 kcal,omnivore,5,4,Café da manhã: Pão Integral com Pasta de Amendoim e Geleia | Lanche: Batata Frita com Queijo e Bacon | Almoço: Macarrão com Queijo Clássico (Mac & Cheese) | Lanche: Batido Hipercalórico (Mass Gainer Caseiro) | Janta: Taco Mexicano Completo,2459,109.7,257.3,109.5
mp_196,Manutenção - 2500 kcal,omnivore,5,5,Café da manhã: Pão Integral com Pasta de Amendoim e Geleia | Lanche: Batata Frita com Queijo e Bacon | Almoço: Macarrão com Queijo Clássico (Mac & Cheese) | Lanche: Batido Hipercalórico (Mass Gainer Caseiro) | Janta: Taco Mexicano Completo,2459,109.7,257.3,109.5
mp_196,Manutenção - 2500 kcal,omnivore,5,6,Café da manhã: Pão Integral com Pasta de Amendoim e Geleia | Lanche: Batata Frita com Queijo e Bacon | Almoço: Macarrão com Queijo Clássico (Mac & Cheese) | Lanche: Batido Hipercalórico (Mass Gainer Caseiro) | Janta: Taco Mexicano Completo,2459,109.7,257.3,109.5
mp_196,Manutenção - 2500 kcal,omnivore,5,7,Café da manhã: Pão Integral com Pasta de Amendoim e Geleia | Lanche: Batata Frita com Queijo e Bacon | Almoço: Macarrão com Queijo Clássico (Mac & Cheese) | Lanche: Batido Hipercalórico (Mass Gainer Caseiro) | Janta: Taco Mexicano Completo,2459,109.7,257.3,109.5
mp_197,Emagrecimento - 1600 kcal,omnivore,4,1,Café da manhã: Mingau de Aveia com Banana | Almoço: Burrito Bowl (Sem Massa) | Janta: Almôndegas Caseiras de Patinho | Lanche: Batata Frita com Queijo e Bacon,1686.6,93.7,179.3,65.2
mp_197,Emagrecimento - 1600 kcal,omnivore,4,2,Café da manhã: Mingau de Aveia com Banana | Almoço: Burrito Bowl (Sem Massa) | Janta: Almôndegas Caseiras de Patinho | Lanche: Batata Frita com Queijo e Bacon,1686.6,93.7,179.3,65.2
mp_197,Emagrecimento - 1600 kcal,omnivore,4,3,Café da manhã: Mingau de Aveia com Banana | Almoço: Burrito Bowl (Sem Massa) | Janta: Almôndegas Caseiras de Patinho | Lanche: Batata Frita com Queijo e Bacon,1686.6,93.7,179.3,65.2
mp_197,Emagrecimento - 1600 kcal,omnivore,4,4,Café da manhã: Mingau de Aveia com Banana | Almoço: Burrito Bowl (Sem Massa) | Janta: Almôndegas Caseiras de Patinho | Lanche: Batata Frita com Queijo e Bacon,1686.6,93.7,179.3,65.2
mp_197,Emagrecimento - 1600 kcal,omnivore,4,5,Café da manhã: Mingau de Aveia com Banana | Almoço: Burrito Bowl (Sem Massa) | Janta: Almôndegas Caseiras de Patinho | Lanche: Batata Frita com Queijo e Bacon,1686.6,93.7,179.3,65.2
mp_197,Emagrecimento - 1600 kcal,omnivore,4,6,Café da manhã: Mingau de Aveia com Banana | Almoço: Burrito Bowl (Sem Massa) | Janta: Almôndegas Caseiras de Patinho | Lanche: Batata Frita com Queijo e Bacon,1686.6,93.7,179.3,65.2
mp_197,Emagrecimento - 1600 kcal,omnivore,4,7,Café da manhã: Mingau de Aveia com Banana | Almoço: Burrito Bowl (Sem Massa) | Janta: Almôndegas Caseiras de Patinho | Lanche: Batata Frita com Queijo e Bacon,1686.6,93.7,179.3,65.2
mp_198,Emagrecimento - 1400 kcal,omnivore,3,1,Café da manhã: Tapioca de Frango com Requeijão Light | Almoço: Rolo de Carne Moída Recheado | Janta: Taco Mexicano Completo,1269,93,91.2,55.2
mp_198,Emagrecimento - 1400 kcal,omnivore,3,2,Café da manhã: Tapioca de Frango com Requeijão Light | Almoço: Rolo de Carne Moída Recheado | Janta: Taco Mexicano Completo,1269,93,91.2,55.2
mp_198,Emagrecimento - 1400 kcal,omnivore,3,3,Café da manhã: Tapioca de Frango com Requeijão Light | Almoço: Rolo de Carne Moída Recheado | Janta: Taco Mexicano Completo,1269,93,91.2,55.2
mp_198,Emagrecimento - 1400 kcal,omnivore,3,4,Café da manhã: Tapioca de Frango com Requeijão Light | Almoço: Rolo de Carne Moída Recheado | Janta: Taco Mexicano Completo,1269,93,91.2,55.2
mp_198,Emagrecimento - 1400 kcal,omnivore,3,5,Café da manhã: Tapioca de Frango com Requeijão Light | Almoço: Rolo de Carne Moída Recheado | Janta: Taco Mexicano Completo,1269,93,91.2,55.2
mp_198,Emagrecimento - 1400 kcal,omnivore,3,6,Café da manhã: Tapioca de Frango com Requeijão Light | Almoço: Rolo de Carne Moída Recheado | Janta: Taco Mexicano Completo,1269,93,91.2,55.2
mp_198,Emagrecimento - 1400 kcal,omnivore,3,7,Café da manhã: Tapioca de Frango com Requeijão Light | Almoço: Rolo de Carne Moída Recheado | Janta: Taco Mexicano Completo,1269,93,91.2,55.2
mp_199,Manutenção - 2000 kcal,omnivore,5,1,Café da manhã: Pão Integral com Pasta de Amendoim e Geleia | Lanche: Tapioca Doce de Amendoim e Morango | Almoço: Macarrão à Bolonhesa Saudável | Lanche: Tapioca Doce de Amendoim e Morango | Janta: Panqueca de Frango Desfiado,1863,91.3,213.3,73.4
mp_199,Manutenção - 2000 kcal,omnivore,5,2,Café da manhã: Pão Integral com Pasta de Amendoim e Geleia | Lanche: Tapioca Doce de Amendoim e Morango | Almoço: Macarrão à Bolonhesa Saudável | Lanche: Tapioca Doce de Amendoim e Morango | Janta: Panqueca de Frango Desfiado,1863,91.3,213.3,73.4
mp_199,Manutenção - 2000 kcal,omnivore,5,3,Café da manhã: Pão Integral com Pasta de Amendoim e Geleia | Lanche: Tapioca Doce de Amendoim e Morango | Almoço: Macarrão à Bolonhesa Saudável | Lanche: Tapioca Doce de Amendoim e Morango | Janta: Panqueca de Frango Desfiado,1863,91.3,213.3,73.4
mp_199,Manutenção - 2000 kcal,omnivore,5,4,Café da manhã: Pão Integral com Pasta de Amendoim e Geleia | Lanche: Tapioca Doce de Amendoim e Morango | Almoço: Macarrão à Bolonhesa Saudável | Lanche: Tapioca Doce de Amendoim e Morango | Janta: Panqueca de Frango Desfiado,1863,91.3,213.3,73.4
mp_199,Manutenção - 2000 kcal,omnivore,5,5,Café da manhã: Pão Integral com Pasta de Amendoim e Geleia | Lanche: Tapioca Doce de Amendoim e Morango | Almoço: Macarrão à Bolonhesa Saudável | Lanche: Tapioca Doce de Amendoim e Morango | Janta: Panqueca de Frango Desfiado,1863,91.3,213.3,73.4
mp_199,Manutenção - 2000 kcal,omnivore,5,6,Café da manhã: Pão Integral com Pasta de Amendoim e Geleia | Lanche: Tapioca Doce de Amendoim e Morango | Almoço: Macarrão à Bolonhesa Saudável | Lanche: Tapioca Doce de Amendoim e Morango | Janta: Panqueca de Frango Desfiado,1863,91.3,213.3,73.4
mp_199,Manutenção - 2000 kcal,omnivore,5,7,Café da manhã: Pão Integral com Pasta de Amendoim e Geleia | Lanche: Tapioca Doce de Amendoim e Morango | Almoço: Macarrão à Bolonhesa Saudável | Lanche: Tapioca Doce de Amendoim e Morango | Janta: Panqueca de Frango Desfiado,1863,91.3,213.3,73.4
mp_200,Emagrecimento - 1400 kcal,omnivore,4,1,Café da manhã: Avocado Toast com Ovo (Pão com Abacate) | Almoço: Panqueca Integral de Carne Moída | Janta: Sopa de Ervilha com Bacon de Peru | Lanche: Batido de Abacate Proteico,1262.5,88.0,108.2,51.8
mp_200,Emagrecimento - 1400 kcal,omnivore,4,2,Café da manhã: Avocado Toast com Ovo (Pão com Abacate) | Almoço: Panqueca Integral de Carne Moída | Janta: Sopa de Ervilha com Bacon de Peru | Lanche: Batido de Abacate Proteico,1262.5,88.0,108.2,51.8
mp_200,Emagrecimento - 1400 kcal,omnivore,4,3,Café da manhã: Avocado Toast com Ovo (Pão com Abacate) | Almoço: Panqueca Integral de Carne Moída | Janta: Sopa de Ervilha com Bacon de Peru | Lanche: Batido de Abacate Proteico,1262.5,88.0,108.2,51.8
mp_200,Emagrecimento - 1400 kcal,omnivore,4,4,Café da manhã: Avocado Toast com Ovo (Pão com Abacate) | Almoço: Panqueca Integral de Carne Moída | Janta: Sopa de Ervilha com Bacon de Peru | Lanche: Batido de Abacate Proteico,1262.5,88.0,108.2,51.8
mp_200,Emagrecimento - 1400 kcal,omnivore,4,5,Café da manhã: Avocado Toast com Ovo (Pão com Abacate) | Almoço: Panqueca Integral de Carne Moída | Janta: Sopa de Ervilha com Bacon de Peru | Lanche: Batido de Abacate Proteico,1262.5,88.0,108.2,51.8
mp_200,Emagrecimento - 1400 kcal,omnivore,4,6,Café da manhã: Avocado Toast com Ovo (Pão com Abacate) | Almoço: Panqueca Integral de Carne Moída | Janta: Sopa de Ervilha com Bacon de Peru | Lanche: Batido de Abacate Proteico,1262.5,88.0,108.2,51.8
mp_200,Emagrecimento - 1400 kcal,omnivore,4,7,Café da manhã: Avocado Toast com Ovo (Pão com Abacate) | Almoço: Panqueca Integral de Carne Moída | Janta: Sopa de Ervilha com Bacon de Peru | Lanche: Batido de Abacate Proteico,1262.5,88.0,108.2,51.8
